
Gurobi 9.5.1 (win64, Java) logging started Wed May 25 11:17:42 2022

Set parameter Username
Academic license - for non-commercial use only - expires 2023-02-25
Set parameter Presolve to value 0
Set parameter Method to value 0
Gurobi Optimizer version 9.5.1 build v9.5.1rc2 (win64)
Thread count: 4 physical cores, 8 logical processors, using up to 8 threads
Optimize a model with 4680 rows, 1640 columns and 7800 nonzeros
Model fingerprint: 0xc9c30201
Variable types: 0 continuous, 1640 integer (1600 binary)
Coefficient statistics:
  Matrix range     [1e+00, 4e+01]
  Objective range  [2e+00, 1e+01]
  Bounds range     [1e+00, 4e+01]
  RHS range        [1e+00, 4e+01]
Variable types: 0 continuous, 1640 integer (1600 binary)

Explored 0 nodes (0 simplex iterations) in 0.05 seconds (0.00 work units)
Thread count was 8 (of 8 available processors)

Solution count 0

Model is infeasible
Best objective -, best bound -, gap -

Gurobi 9.5.1 (win64, Java) logging started Wed May 25 11:23:33 2022

Set parameter Username
Academic license - for non-commercial use only - expires 2023-02-25
Set parameter Presolve to value 0
Set parameter Method to value 0
Gurobi Optimizer version 9.5.1 build v9.5.1rc2 (win64)
Thread count: 4 physical cores, 8 logical processors, using up to 8 threads
Optimize a model with 4680 rows, 1640 columns and 7800 nonzeros
Model fingerprint: 0xc9c30201
Variable types: 0 continuous, 1640 integer (1600 binary)
Coefficient statistics:
  Matrix range     [1e+00, 4e+01]
  Objective range  [2e+00, 1e+01]
  Bounds range     [1e+00, 4e+01]
  RHS range        [1e+00, 4e+01]
Variable types: 0 continuous, 1640 integer (1600 binary)

Explored 0 nodes (0 simplex iterations) in 0.03 seconds (0.00 work units)
Thread count was 8 (of 8 available processors)

Solution count 0

Model is infeasible
Best objective -, best bound -, gap -

Gurobi 9.5.1 (win64, Java) logging started Wed May 25 11:29:19 2022

Set parameter Username
Academic license - for non-commercial use only - expires 2023-02-25
Set parameter Presolve to value 0
Set parameter Method to value 0
Gurobi Optimizer version 9.5.1 build v9.5.1rc2 (win64)
Thread count: 4 physical cores, 8 logical processors, using up to 8 threads
Optimize a model with 4680 rows, 1640 columns and 7800 nonzeros
Model fingerprint: 0xc9c30201
Variable types: 0 continuous, 1640 integer (1600 binary)
Coefficient statistics:
  Matrix range     [1e+00, 4e+01]
  Objective range  [2e+00, 1e+01]
  Bounds range     [1e+00, 4e+01]
  RHS range        [1e+00, 4e+01]
Variable types: 0 continuous, 1640 integer (1600 binary)

Explored 0 nodes (0 simplex iterations) in 0.01 seconds (0.00 work units)
Thread count was 8 (of 8 available processors)

Solution count 0

Model is infeasible
Best objective -, best bound -, gap -

Gurobi 9.5.1 (win64, Java) logging started Wed May 25 11:30:52 2022

Set parameter Username
Academic license - for non-commercial use only - expires 2023-02-25
Set parameter Presolve to value 0
Set parameter Method to value 0

Gurobi 9.5.1 (win64, Java) logging started Wed May 25 11:32:34 2022

Set parameter Username
Academic license - for non-commercial use only - expires 2023-02-25
Set parameter Presolve to value 0
Set parameter Method to value 0
Gurobi Optimizer version 9.5.1 build v9.5.1rc2 (win64)
Thread count: 4 physical cores, 8 logical processors, using up to 8 threads
Optimize a model with 4602 rows, 1639 columns and 7566 nonzeros
Model fingerprint: 0xf95aeead
Variable types: 0 continuous, 1639 integer (1600 binary)
Coefficient statistics:
  Matrix range     [1e+00, 4e+01]
  Objective range  [2e+00, 1e+01]
  Bounds range     [1e+00, 4e+01]
  RHS range        [1e+00, 4e+01]
Variable types: 0 continuous, 1639 integer (1600 binary)

Explored 0 nodes (0 simplex iterations) in 0.01 seconds (0.00 work units)
Thread count was 8 (of 8 available processors)

Solution count 0

Model is infeasible
Best objective -, best bound -, gap -

Gurobi 9.5.1 (win64, Java) logging started Wed May 25 11:32:55 2022

Set parameter Username
Academic license - for non-commercial use only - expires 2023-02-25
Set parameter Presolve to value 0
Set parameter Method to value 0

Gurobi 9.5.1 (win64, Java) logging started Wed May 25 11:37:36 2022

Set parameter Username
Academic license - for non-commercial use only - expires 2023-02-25
Set parameter Presolve to value 0
Set parameter Method to value 0

Gurobi 9.5.1 (win64, Java) logging started Wed May 25 11:37:57 2022

Set parameter Username
Academic license - for non-commercial use only - expires 2023-02-25
Set parameter Presolve to value 0
Set parameter Method to value 0
Gurobi Optimizer version 9.5.1 build v9.5.1rc2 (win64)
Thread count: 4 physical cores, 8 logical processors, using up to 8 threads
Optimize a model with 4680 rows, 1640 columns and 7800 nonzeros
Model fingerprint: 0xc9c30201
Variable types: 0 continuous, 1640 integer (1600 binary)
Coefficient statistics:
  Matrix range     [1e+00, 4e+01]
  Objective range  [2e+00, 1e+01]
  Bounds range     [1e+00, 4e+01]
  RHS range        [1e+00, 4e+01]
Variable types: 0 continuous, 1640 integer (1600 binary)

Explored 0 nodes (0 simplex iterations) in 0.01 seconds (0.00 work units)
Thread count was 8 (of 8 available processors)

Solution count 0

Model is infeasible
Best objective -, best bound -, gap -

Gurobi 9.5.1 (win64, Java) logging started Wed May 25 11:39:21 2022

Set parameter Username
Academic license - for non-commercial use only - expires 2023-02-25
Set parameter Presolve to value 0
Set parameter Method to value 0
Gurobi Optimizer version 9.5.1 build v9.5.1rc2 (win64)
Thread count: 4 physical cores, 8 logical processors, using up to 8 threads
Optimize a model with 4526 rows, 1640 columns and 7338 nonzeros
Model fingerprint: 0x31d74e58
Variable types: 0 continuous, 1640 integer (1600 binary)
Coefficient statistics:
  Matrix range     [1e+00, 4e+01]
  Objective range  [2e+00, 1e+01]
  Bounds range     [1e+00, 4e+01]
  RHS range        [1e+00, 4e+01]
Variable types: 0 continuous, 1640 integer (1600 binary)

Explored 0 nodes (0 simplex iterations) in 0.01 seconds (0.00 work units)
Thread count was 8 (of 8 available processors)

Solution count 0

Model is infeasible
Best objective -, best bound -, gap -

Gurobi 9.5.1 (win64, Java) logging started Wed May 25 11:43:17 2022

Set parameter Username
Academic license - for non-commercial use only - expires 2023-02-25
Set parameter Presolve to value 0
Set parameter Method to value 0
Gurobi Optimizer version 9.5.1 build v9.5.1rc2 (win64)
Thread count: 4 physical cores, 8 logical processors, using up to 8 threads
Optimize a model with 4526 rows, 1640 columns and 7338 nonzeros
Model fingerprint: 0xdb8d2320
Variable types: 0 continuous, 1640 integer (1600 binary)
Coefficient statistics:
  Matrix range     [1e+00, 4e+01]
  Objective range  [2e+00, 1e+01]
  Bounds range     [1e+00, 4e+01]
  RHS range        [1e+00, 4e+01]
Variable types: 0 continuous, 1640 integer (1600 binary)

Explored 0 nodes (0 simplex iterations) in 0.02 seconds (0.00 work units)
Thread count was 8 (of 8 available processors)

Solution count 0

Model is infeasible
Best objective -, best bound -, gap -

Gurobi 9.5.1 (win64, Java) logging started Wed May 25 11:45:22 2022

Set parameter Username
Academic license - for non-commercial use only - expires 2023-02-25
Set parameter Presolve to value 0
Set parameter Method to value 0
Gurobi Optimizer version 9.5.1 build v9.5.1rc2 (win64)
Thread count: 4 physical cores, 8 logical processors, using up to 8 threads
Optimize a model with 4602 rows, 1640 columns and 7566 nonzeros
Model fingerprint: 0xc9af77c2
Variable types: 0 continuous, 1640 integer (1600 binary)
Coefficient statistics:
  Matrix range     [1e+00, 4e+01]
  Objective range  [2e+00, 1e+01]
  Bounds range     [1e+00, 4e+01]
  RHS range        [1e+00, 4e+01]
Variable types: 0 continuous, 1640 integer (1600 binary)

Explored 0 nodes (0 simplex iterations) in 0.02 seconds (0.00 work units)
Thread count was 8 (of 8 available processors)

Solution count 0

Model is infeasible
Best objective -, best bound -, gap -

Gurobi 9.5.1 (win64, Java) logging started Wed May 25 11:58:16 2022

Set parameter Username
Academic license - for non-commercial use only - expires 2023-02-25
Set parameter Presolve to value 0
Set parameter Method to value 0
Gurobi Optimizer version 9.5.1 build v9.5.1rc2 (win64)
Thread count: 4 physical cores, 8 logical processors, using up to 8 threads
Optimize a model with 1562 rows, 1639 columns and 7566 nonzeros
Model fingerprint: 0xad0a18d7
Variable types: 0 continuous, 1639 integer (1600 binary)
Coefficient statistics:
  Matrix range     [1e+00, 4e+01]
  Objective range  [2e+00, 1e+01]
  Bounds range     [1e+00, 4e+01]
  RHS range        [1e+00, 4e+01]
Variable types: 0 continuous, 1639 integer (1600 binary)

Root relaxation: objective 9.734211e+01, 369 iterations, 0.01 seconds (0.00 work units)

    Nodes    |    Current Node    |     Objective Bounds      |     Work
 Expl Unexpl |  Obj  Depth IntInf | Incumbent    BestBd   Gap | It/Node Time

     0     0   97.34211    0   58          -   97.34211      -     -    0s
     0     0  107.00000    0  109          -  107.00000      -     -    0s
     0     0  107.00000    0   99          -  107.00000      -     -    0s
     0     0  107.00000    0   94          -  107.00000      -     -    0s
     0     0  107.00000    0   99          -  107.00000      -     -    0s
     0     0  107.02256    0   75          -  107.02256      -     -    0s
     0     0  107.02256    0   94          -  107.02256      -     -    0s
     0     0  107.50000    0   42          -  107.50000      -     -    0s
     0     0  107.66667    0   83          -  107.66667      -     -    0s
     0     0  107.66667    0   85          -  107.66667      -     -    0s
     0     0  107.75000    0   83          -  107.75000      -     -    0s
     0     0  107.75000    0   88          -  107.75000      -     -    0s
     0     0  107.75000    0   41          -  107.75000      -     -    0s
     0     0  107.75000    0   65          -  107.75000      -     -    0s
     0     0  107.75000    0   56          -  107.75000      -     -    0s
     0     0  107.75000    0   57          -  107.75000      -     -    0s
     0     0  107.75000    0   64          -  107.75000      -     -    0s
     0     0  107.75000    0   64          -  107.75000      -     -    0s
     0     2  108.00000    0   55          -  108.00000      -     -    1s
  1082   974  120.65789   82   71          -  108.73991      -   8.0    5s
  1153  1031  109.00000   18   65          -  109.00000      -  15.7   10s
 15145 14492  110.63158   98   42          -  109.00000      -   7.3   15s
 25417 22363  153.80702  175   15          -  109.00000      -   7.1   20s
 29802 26634  109.00658   33   27          -  109.00000      -   7.1   27s
 40762 35304  109.96491   48   30          -  109.00000      -   7.3   30s
 58217 49538  121.00000   80   13          -  109.00000      -   7.5   35s
 75432 64463  109.00000   30   52          -  109.00000      -   7.6   40s
 91634 78845  109.00000   32    6          -  109.00000      -   7.6   45s
 107912 93079  146.71053  144    4          -  109.00000      -   7.5   50s
 124818 106700  109.00219   33   60          -  109.00000      -   7.4   55s
 141095 121060  109.46053   56   21          -  109.00000      -   7.4   60s
 157200 134610  117.00000  101    4          -  109.00000      -   7.4   65s
 172766 148594  109.30303   38   88          -  109.00000      -   7.4   70s
 182148 155497  109.03084   35   27          -  109.00000      -   7.4   75s
 190175 164559  117.22368  125   28          -  109.00000      -   7.5   81s
 204801 176210  109.69139   57   72          -  109.00000      -   7.4   85s
 224703 193112  131.18421  113   49          -  109.00000      -   7.4   90s
 241959 208173  109.05263  121   59          -  109.00000      -   7.3   95s

Gurobi 9.5.1 (win64, Java) logging started Wed May 25 12:00:42 2022

Set parameter Username
Academic license - for non-commercial use only - expires 2023-02-25
Set parameter Presolve to value 0
Set parameter Method to value 0

Gurobi 9.5.1 (win64, Java) logging started Wed May 25 12:01:53 2022

Set parameter Username
Academic license - for non-commercial use only - expires 2023-02-25
Set parameter Presolve to value 0
Set parameter Method to value 0

Gurobi 9.5.1 (win64, Java) logging started Wed May 25 12:02:32 2022

Set parameter Username
Academic license - for non-commercial use only - expires 2023-02-25
Set parameter Presolve to value 0
Set parameter Method to value 0
Gurobi Optimizer version 9.5.1 build v9.5.1rc2 (win64)
Thread count: 4 physical cores, 8 logical processors, using up to 8 threads
Optimize a model with 80 rows, 1639 columns and 3120 nonzeros
Model fingerprint: 0x927b87b7
Variable types: 0 continuous, 1639 integer (1600 binary)
Coefficient statistics:
  Matrix range     [1e+00, 1e+00]
  Objective range  [2e+00, 1e+01]
  Bounds range     [1e+00, 4e+01]
  RHS range        [1e+00, 1e+00]
Found heuristic solution: objective 288.0000000
Variable types: 0 continuous, 1639 integer (1600 binary)

Root relaxation: objective 9.700000e+01, 296 iterations, 0.00 seconds (0.00 work units)

    Nodes    |    Current Node    |     Objective Bounds      |     Work
 Expl Unexpl |  Obj  Depth IntInf | Incumbent    BestBd   Gap | It/Node Time

*    0     0               0      97.0000000   97.00000  0.00%     -    0s

Explored 1 nodes (296 simplex iterations) in 0.02 seconds (0.00 work units)
Thread count was 8 (of 8 available processors)

Solution count 2: 97 288 

Optimal solution found (tolerance 1.00e-04)
Best objective 9.700000000000e+01, best bound 9.700000000000e+01, gap 0.0000%

Gurobi 9.5.1 (win64, Java) logging started Wed May 25 12:04:05 2022

Set parameter Username
Academic license - for non-commercial use only - expires 2023-02-25
Set parameter Presolve to value 0
Set parameter Method to value 0
Gurobi Optimizer version 9.5.1 build v9.5.1rc2 (win64)
Thread count: 4 physical cores, 8 logical processors, using up to 8 threads
Optimize a model with 80 rows, 1639 columns and 3120 nonzeros
Model fingerprint: 0x927b87b7
Variable types: 0 continuous, 1639 integer (1600 binary)
Coefficient statistics:
  Matrix range     [1e+00, 1e+00]
  Objective range  [2e+00, 1e+01]
  Bounds range     [1e+00, 4e+01]
  RHS range        [1e+00, 1e+00]
Found heuristic solution: objective 288.0000000
Variable types: 0 continuous, 1639 integer (1600 binary)

Root relaxation: objective 9.700000e+01, 296 iterations, 0.00 seconds (0.00 work units)

    Nodes    |    Current Node    |     Objective Bounds      |     Work
 Expl Unexpl |  Obj  Depth IntInf | Incumbent    BestBd   Gap | It/Node Time

*    0     0               0      97.0000000   97.00000  0.00%     -    0s

Explored 1 nodes (296 simplex iterations) in 0.01 seconds (0.00 work units)
Thread count was 8 (of 8 available processors)

Solution count 2: 97 288 

Optimal solution found (tolerance 1.00e-04)
Best objective 9.700000000000e+01, best bound 9.700000000000e+01, gap 0.0000%

Gurobi 9.5.1 (win64, Java) logging started Wed May 25 12:05:20 2022

Set parameter Username
Academic license - for non-commercial use only - expires 2023-02-25
Set parameter Presolve to value 0
Set parameter Method to value 0

Gurobi 9.5.1 (win64, Java) logging started Wed May 25 12:06:45 2022

Set parameter Username
Academic license - for non-commercial use only - expires 2023-02-25
Set parameter Presolve to value 0
Set parameter Method to value 0

Gurobi 9.5.1 (win64, Java) logging started Wed May 25 12:07:40 2022

Set parameter Username
Academic license - for non-commercial use only - expires 2023-02-25
Set parameter Presolve to value 0
Set parameter Method to value 0

Gurobi 9.5.1 (win64, Java) logging started Wed May 25 12:08:42 2022

Set parameter Username
Academic license - for non-commercial use only - expires 2023-02-25
Set parameter Presolve to value 0
Set parameter Method to value 0

Gurobi 9.5.1 (win64, Java) logging started Wed May 25 12:09:51 2022

Set parameter Username
Academic license - for non-commercial use only - expires 2023-02-25
Set parameter Presolve to value 0
Set parameter Method to value 0
Gurobi Optimizer version 9.5.1 build v9.5.1rc2 (win64)
Thread count: 4 physical cores, 8 logical processors, using up to 8 threads
Optimize a model with 80 rows, 1639 columns and 3120 nonzeros
Model fingerprint: 0x927b87b7
Variable types: 0 continuous, 1639 integer (1600 binary)
Coefficient statistics:
  Matrix range     [1e+00, 1e+00]
  Objective range  [2e+00, 1e+01]
  Bounds range     [1e+00, 4e+01]
  RHS range        [1e+00, 1e+00]
Found heuristic solution: objective 288.0000000
Variable types: 0 continuous, 1639 integer (1600 binary)

Root relaxation: objective 9.700000e+01, 296 iterations, 0.00 seconds (0.00 work units)

    Nodes    |    Current Node    |     Objective Bounds      |     Work
 Expl Unexpl |  Obj  Depth IntInf | Incumbent    BestBd   Gap | It/Node Time

*    0     0               0      97.0000000   97.00000  0.00%     -    0s

Explored 1 nodes (296 simplex iterations) in 0.01 seconds (0.00 work units)
Thread count was 8 (of 8 available processors)

Solution count 2: 97 288 

Optimal solution found (tolerance 1.00e-04)
Best objective 9.700000000000e+01, best bound 9.700000000000e+01, gap 0.0000%

Gurobi 9.5.1 (win64, Java) logging started Wed May 25 12:11:09 2022

Set parameter Username
Academic license - for non-commercial use only - expires 2023-02-25
Set parameter Presolve to value 0
Set parameter Method to value 0
Gurobi Optimizer version 9.5.1 build v9.5.1rc2 (win64)
Thread count: 4 physical cores, 8 logical processors, using up to 8 threads
Optimize a model with 80 rows, 1639 columns and 3120 nonzeros
Model fingerprint: 0x927b87b7
Variable types: 0 continuous, 1639 integer (1600 binary)
Coefficient statistics:
  Matrix range     [1e+00, 1e+00]
  Objective range  [2e+00, 1e+01]
  Bounds range     [1e+00, 4e+01]
  RHS range        [1e+00, 1e+00]
Found heuristic solution: objective 288.0000000
Variable types: 0 continuous, 1639 integer (1600 binary)

Root relaxation: objective 9.700000e+01, 296 iterations, 0.00 seconds (0.00 work units)

    Nodes    |    Current Node    |     Objective Bounds      |     Work
 Expl Unexpl |  Obj  Depth IntInf | Incumbent    BestBd   Gap | It/Node Time

*    0     0               0      97.0000000   97.00000  0.00%     -    0s

Explored 1 nodes (296 simplex iterations) in 0.01 seconds (0.00 work units)
Thread count was 8 (of 8 available processors)

Solution count 2: 97 288 

Optimal solution found (tolerance 1.00e-04)
Best objective 9.700000000000e+01, best bound 9.700000000000e+01, gap 0.0000%

Gurobi 9.5.1 (win64, Java) logging started Wed May 25 12:11:58 2022

Set parameter Username
Academic license - for non-commercial use only - expires 2023-02-25
Set parameter Presolve to value 0
Set parameter Method to value 0
Gurobi Optimizer version 9.5.1 build v9.5.1rc2 (win64)
Thread count: 4 physical cores, 8 logical processors, using up to 8 threads
Optimize a model with 80 rows, 1639 columns and 3120 nonzeros
Model fingerprint: 0xc8349fd0
Variable types: 0 continuous, 1639 integer (1600 binary)
Coefficient statistics:
  Matrix range     [1e+00, 1e+00]
  Objective range  [0e+00, 0e+00]
  Bounds range     [1e+00, 4e+01]
  RHS range        [1e+00, 1e+00]
Found heuristic solution: objective 0.0000000

Explored 0 nodes (0 simplex iterations) in 0.00 seconds (0.00 work units)
Thread count was 1 (of 8 available processors)

Solution count 1: 0 

Optimal solution found (tolerance 1.00e-04)
Best objective 0.000000000000e+00, best bound 0.000000000000e+00, gap 0.0000%

Gurobi 9.5.1 (win64, Java) logging started Wed May 25 12:12:26 2022

Set parameter Username
Academic license - for non-commercial use only - expires 2023-02-25
Set parameter Presolve to value 0
Set parameter Method to value 0

Gurobi 9.5.1 (win64, Java) logging started Wed May 25 12:13:04 2022

Set parameter Username
Academic license - for non-commercial use only - expires 2023-02-25
Set parameter Presolve to value 0
Set parameter Method to value 0

Gurobi 9.5.1 (win64, Java) logging started Wed May 25 12:13:54 2022

Set parameter Username
Academic license - for non-commercial use only - expires 2023-02-25
Set parameter Presolve to value 0
Set parameter Method to value 0

Gurobi 9.5.1 (win64, Java) logging started Wed May 25 12:15:01 2022

Set parameter Username
Academic license - for non-commercial use only - expires 2023-02-25
Set parameter Presolve to value 0
Set parameter Method to value 0

Gurobi 9.5.1 (win64, Java) logging started Wed May 25 12:16:18 2022

Set parameter Username
Academic license - for non-commercial use only - expires 2023-02-25
Set parameter Presolve to value 0
Set parameter Method to value 0

Gurobi 9.5.1 (win64, Java) logging started Wed May 25 13:48:54 2022

Set parameter Username
Academic license - for non-commercial use only - expires 2023-02-25
Set parameter Presolve to value 0
Set parameter Method to value 0

Gurobi 9.5.1 (win64, Java) logging started Wed May 25 13:49:02 2022

Set parameter Username
Academic license - for non-commercial use only - expires 2023-02-25
Set parameter Presolve to value 0
Set parameter Method to value 0

Gurobi 9.5.1 (win64, Java) logging started Wed May 25 13:49:12 2022

Set parameter Username
Academic license - for non-commercial use only - expires 2023-02-25
Set parameter Presolve to value 0
Set parameter Method to value 0

Gurobi 9.5.1 (win64, Java) logging started Wed May 25 13:49:23 2022

Set parameter Username
Academic license - for non-commercial use only - expires 2023-02-25
Set parameter Presolve to value 0
Set parameter Method to value 0

Gurobi 9.5.1 (win64, Java) logging started Wed May 25 13:49:40 2022

Set parameter Username
Academic license - for non-commercial use only - expires 2023-02-25
Set parameter Presolve to value 0
Set parameter Method to value 0

Gurobi 9.5.1 (win64, Java) logging started Wed May 25 13:57:31 2022

Set parameter Username
Academic license - for non-commercial use only - expires 2023-02-25
Set parameter Presolve to value 0
Set parameter Method to value 0

Gurobi 9.5.1 (win64, Java) logging started Wed May 25 14:00:27 2022

Set parameter Username
Academic license - for non-commercial use only - expires 2023-02-25
Set parameter Presolve to value 0
Set parameter Method to value 0

Gurobi 9.5.1 (win64, Java) logging started Wed May 25 14:00:50 2022

Set parameter Username
Academic license - for non-commercial use only - expires 2023-02-25
Set parameter Presolve to value 0
Set parameter Method to value 0

Gurobi 9.5.1 (win64, Java) logging started Wed May 25 14:05:58 2022

Set parameter Username
Academic license - for non-commercial use only - expires 2023-02-25
Set parameter Presolve to value 0
Set parameter Method to value 0

Gurobi 9.5.1 (win64, Java) logging started Wed May 25 14:06:12 2022

Set parameter Username
Academic license - for non-commercial use only - expires 2023-02-25
Set parameter Presolve to value 0
Set parameter Method to value 0

Gurobi 9.5.1 (win64, Java) logging started Wed May 25 14:06:17 2022

Set parameter Username
Academic license - for non-commercial use only - expires 2023-02-25
Set parameter Presolve to value 0
Set parameter Method to value 0

Gurobi 9.5.1 (win64, Java) logging started Wed May 25 14:07:01 2022

Set parameter Username
Academic license - for non-commercial use only - expires 2023-02-25
Set parameter Presolve to value 0
Set parameter Method to value 0

Gurobi 9.5.1 (win64, Java) logging started Wed May 25 14:11:37 2022

Set parameter Username
Academic license - for non-commercial use only - expires 2023-02-25
Set parameter Presolve to value 0
Set parameter Method to value 0

Gurobi 9.5.1 (win64, Java) logging started Wed May 25 14:26:49 2022

Set parameter Username
Academic license - for non-commercial use only - expires 2023-02-25
Set parameter Presolve to value 0
Set parameter Method to value 0

Gurobi 9.5.1 (win64, Java) logging started Wed May 25 14:26:57 2022

Set parameter Username
Academic license - for non-commercial use only - expires 2023-02-25
Set parameter Presolve to value 0
Set parameter Method to value 0

Gurobi 9.5.1 (win64, Java) logging started Wed May 25 14:27:03 2022

Set parameter Username
Academic license - for non-commercial use only - expires 2023-02-25
Set parameter Presolve to value 0
Set parameter Method to value 0

Gurobi 9.5.1 (win64, Java) logging started Wed May 25 14:27:26 2022

Set parameter Username
Academic license - for non-commercial use only - expires 2023-02-25
Set parameter Presolve to value 0
Set parameter Method to value 0

Gurobi 9.5.1 (win64, Java) logging started Wed May 25 14:34:44 2022

Set parameter Username
Academic license - for non-commercial use only - expires 2023-02-25
Set parameter Presolve to value 0
Set parameter Method to value 0

Gurobi 9.5.1 (win64, Java) logging started Wed May 25 14:38:01 2022

Set parameter Username
Academic license - for non-commercial use only - expires 2023-02-25
Set parameter Presolve to value 0
Set parameter Method to value 0

Gurobi 9.5.1 (win64, Java) logging started Wed May 25 14:39:48 2022

Set parameter Username
Academic license - for non-commercial use only - expires 2023-02-25
Set parameter Presolve to value 0
Set parameter Method to value 0
Gurobi Optimizer version 9.5.1 build v9.5.1rc2 (win64)
Thread count: 4 physical cores, 8 logical processors, using up to 8 threads
Optimize a model with 1640 rows, 1639 columns and 7644 nonzeros
Model fingerprint: 0xfccdc00f
Variable types: 0 continuous, 1639 integer (1600 binary)
Coefficient statistics:
  Matrix range     [1e+00, 4e+01]
  Objective range  [0e+00, 0e+00]
  Bounds range     [1e+00, 4e+01]
  RHS range        [1e+00, 4e+01]
Variable types: 0 continuous, 1639 integer (1600 binary)

Root relaxation: objective 0.000000e+00, 194 iterations, 0.00 seconds (0.00 work units)

    Nodes    |    Current Node    |     Objective Bounds      |     Work
 Expl Unexpl |  Obj  Depth IntInf | Incumbent    BestBd   Gap | It/Node Time

     0     0    0.00000    0    4          -    0.00000      -     -    0s
     0     0    0.00000    0   46          -    0.00000      -     -    0s
     0     0    0.00000    0   45          -    0.00000      -     -    0s
     0     0    0.00000    0   18          -    0.00000      -     -    0s
     0     0    0.00000    0   34          -    0.00000      -     -    0s
     0     0    0.00000    0    9          -    0.00000      -     -    0s
     0     0    0.00000    0    4          -    0.00000      -     -    1s
     0     0    0.00000    0   14          -    0.00000      -     -    1s
     0     0    0.00000    0   12          -    0.00000      -     -    1s
     0     0    0.00000    0   12          -    0.00000      -     -    1s
     0     2    0.00000    0    9          -    0.00000      -     -    2s
  2131   873    0.00000   18    4          -    0.00000      -  17.3    5s
  5529  2071    0.00000   47   14          -    0.00000      -  31.2   10s
 19069  5232    0.00000   62   10          -    0.00000      -  17.2   15s
 30868  7685 infeasible   60               -    0.00000      -  13.6   23s
 37479  8827 infeasible   75               -    0.00000      -  12.5   25s
 54231 12544    0.00000   64   12          -    0.00000      -  11.4   30s
Exploring 50000 nodes in MinRel heuristic
MinRel: 92 nodes explored, relaxation 1.00e+00, total elapsed time 35s
MinRel: 1561 nodes explored, relaxation 1.00e+00, total elapsed time 40s
MinRel: 3240 nodes explored, relaxation 1.00e+00, total elapsed time 45s
MinRel: 9640 nodes explored, relaxation 1.00e+00, total elapsed time 50s
MinRel: 14510 nodes explored, relaxation 1.00e+00, total elapsed time 55s
MinRel: 15892 nodes explored, relaxation 1.00e+00, total elapsed time 60s
MinRel: 21937 nodes explored, relaxation 1.00e+00, total elapsed time 65s
MinRel: 30452 nodes explored, relaxation 1.00e+00, total elapsed time 70s
MinRel: 34671 nodes explored, relaxation 1.00e+00, total elapsed time 75s
MinRel: 42193 nodes explored, relaxation 1.00e+00, total elapsed time 80s
MinRel: 46972 nodes explored, relaxation 1.00e+00, total elapsed time 85s
No solution found by MinRel heuristic
 61878 13565    0.00000   80    4          -    0.00000      -  10.7  160s
 62045 13763    0.00000   36   29          -    0.00000      -  11.5  165s
 67416 14307    0.00000   75    9          -    0.00000      -  11.8  170s
 79981 12315 infeasible   75               -    0.00000      -  11.3  175s
 91716 10909 infeasible   81               -    0.00000      -  11.1  180s
 104672  9063    0.00000   46   14          -    0.00000      -  10.7  185s
 117103 11443    0.00000   82    6          -    0.00000      -  10.5  190s
 143621 13934    0.00000   84   10          -    0.00000      -   9.3  195s
 168559 15931    0.00000   85    7          -    0.00000      -   8.5  200s
 193899 16745    0.00000   78   12          -    0.00000      -   7.9  205s
 218739 18230 infeasible   84               -    0.00000      -   7.4  210s
 245579 19514    0.00000   73    9          -    0.00000      -   7.0  215s
 272149 20873 infeasible   78               -    0.00000      -   6.6  220s
 294328 22478    0.00000   80    8          -    0.00000      -   6.4  225s
 322480 24046 infeasible   71               -    0.00000      -   6.2  230s
 322922 24047    0.00000   72   12          -    0.00000      -   6.2  236s
Exploring 500000 nodes in MinRel heuristic
MinRel: 553 nodes explored, relaxation 1.00e+00, total elapsed time 240s
MinRel: 1566 nodes explored, relaxation 1.00e+00, total elapsed time 245s
MinRel: 4162 nodes explored, relaxation 1.00e+00, total elapsed time 250s
MinRel: 9833 nodes explored, relaxation 1.00e+00, total elapsed time 255s
MinRel: 14510 nodes explored, relaxation 1.00e+00, total elapsed time 260s
MinRel: 17366 nodes explored, relaxation 1.00e+00, total elapsed time 265s
MinRel: 25150 nodes explored, relaxation 1.00e+00, total elapsed time 270s
MinRel: 33702 nodes explored, relaxation 1.00e+00, total elapsed time 275s
MinRel: 36304 nodes explored, relaxation 1.00e+00, total elapsed time 280s
MinRel: 43961 nodes explored, relaxation 1.00e+00, total elapsed time 285s
MinRel: 52302 nodes explored, relaxation 1.00e+00, total elapsed time 290s
MinRel: 61796 nodes explored, relaxation 1.00e+00, total elapsed time 295s
MinRel: 65418 nodes explored, relaxation 1.00e+00, total elapsed time 300s
MinRel: 70809 nodes explored, relaxation 1.00e+00, total elapsed time 305s
MinRel: 75809 nodes explored, relaxation 1.00e+00, total elapsed time 310s
MinRel: 77660 nodes explored, relaxation 1.00e+00, total elapsed time 315s
MinRel: 80013 nodes explored, relaxation 1.00e+00, total elapsed time 320s
MinRel: 81827 nodes explored, relaxation 1.00e+00, total elapsed time 325s
MinRel: 85088 nodes explored, relaxation 1.00e+00, total elapsed time 330s
MinRel: 87847 nodes explored, relaxation 1.00e+00, total elapsed time 335s
MinRel: 88792 nodes explored, relaxation 1.00e+00, total elapsed time 340s
MinRel: 92383 nodes explored, relaxation 1.00e+00, total elapsed time 345s
MinRel: 95972 nodes explored, relaxation 1.00e+00, total elapsed time 350s
MinRel: 99726 nodes explored, relaxation 1.00e+00, total elapsed time 355s
MinRel: 108549 nodes explored, relaxation 1.00e+00, total elapsed time 360s
MinRel: 116074 nodes explored, relaxation 1.00e+00, total elapsed time 365s
MinRel: 124678 nodes explored, relaxation 1.00e+00, total elapsed time 370s
MinRel: 130381 nodes explored, relaxation 1.00e+00, total elapsed time 375s
MinRel: 133896 nodes explored, relaxation 1.00e+00, total elapsed time 380s
MinRel: 139421 nodes explored, relaxation 1.00e+00, total elapsed time 385s
MinRel: 146028 nodes explored, relaxation 1.00e+00, total elapsed time 390s
MinRel: 153762 nodes explored, relaxation 1.00e+00, total elapsed time 395s
MinRel: 159419 nodes explored, relaxation 1.00e+00, total elapsed time 400s
MinRel: 164396 nodes explored, relaxation 1.00e+00, total elapsed time 405s
MinRel: 170406 nodes explored, relaxation 1.00e+00, total elapsed time 410s
MinRel: 179640 nodes explored, relaxation 1.00e+00, total elapsed time 415s
MinRel: 186478 nodes explored, relaxation 1.00e+00, total elapsed time 420s
MinRel: 195589 nodes explored, relaxation 1.00e+00, total elapsed time 425s
MinRel: 204497 nodes explored, relaxation 1.00e+00, total elapsed time 430s
MinRel: 211497 nodes explored, relaxation 1.00e+00, total elapsed time 435s
MinRel: 220270 nodes explored, relaxation 1.00e+00, total elapsed time 440s
MinRel: 227422 nodes explored, relaxation 1.00e+00, total elapsed time 445s
MinRel: 237553 nodes explored, relaxation 1.00e+00, total elapsed time 450s
MinRel: 246250 nodes explored, relaxation 1.00e+00, total elapsed time 455s
MinRel: 255529 nodes explored, relaxation 1.00e+00, total elapsed time 460s
MinRel: 261924 nodes explored, relaxation 1.00e+00, total elapsed time 465s
MinRel: 269048 nodes explored, relaxation 1.00e+00, total elapsed time 470s
MinRel: 277345 nodes explored, relaxation 1.00e+00, total elapsed time 475s
MinRel: 282841 nodes explored, relaxation 1.00e+00, total elapsed time 480s
MinRel: 290029 nodes explored, relaxation 1.00e+00, total elapsed time 485s
MinRel: 297890 nodes explored, relaxation 1.00e+00, total elapsed time 490s
MinRel: 304960 nodes explored, relaxation 1.00e+00, total elapsed time 495s
MinRel: 312699 nodes explored, relaxation 1.00e+00, total elapsed time 500s
MinRel: 317580 nodes explored, relaxation 1.00e+00, total elapsed time 505s
MinRel: 325098 nodes explored, relaxation 1.00e+00, total elapsed time 510s
MinRel: 333174 nodes explored, relaxation 1.00e+00, total elapsed time 515s
MinRel: 339068 nodes explored, relaxation 1.00e+00, total elapsed time 520s
MinRel: 346941 nodes explored, relaxation 1.00e+00, total elapsed time 525s
MinRel: 356816 nodes explored, relaxation 1.00e+00, total elapsed time 530s
MinRel: 362035 nodes explored, relaxation 1.00e+00, total elapsed time 535s
MinRel: 371360 nodes explored, relaxation 1.00e+00, total elapsed time 540s
MinRel: 379036 nodes explored, relaxation 1.00e+00, total elapsed time 545s
MinRel: 388162 nodes explored, relaxation 1.00e+00, total elapsed time 550s
MinRel: 397928 nodes explored, relaxation 1.00e+00, total elapsed time 555s
MinRel: 403472 nodes explored, relaxation 1.00e+00, total elapsed time 560s
MinRel: 412259 nodes explored, relaxation 1.00e+00, total elapsed time 565s
MinRel: 420949 nodes explored, relaxation 1.00e+00, total elapsed time 570s
MinRel: 426243 nodes explored, relaxation 1.00e+00, total elapsed time 575s
MinRel: 434411 nodes explored, relaxation 1.00e+00, total elapsed time 580s
MinRel: 444615 nodes explored, relaxation 1.00e+00, total elapsed time 585s
MinRel: 450034 nodes explored, relaxation 1.00e+00, total elapsed time 590s
MinRel: 460396 nodes explored, relaxation 1.00e+00, total elapsed time 595s
MinRel: 466441 nodes explored, relaxation 1.00e+00, total elapsed time 600s
MinRel: 473202 nodes explored, relaxation 1.00e+00, total elapsed time 605s
MinRel: 479523 nodes explored, relaxation 1.00e+00, total elapsed time 610s
MinRel: 482205 nodes explored, relaxation 1.00e+00, total elapsed time 615s
MinRel: 490553 nodes explored, relaxation 1.00e+00, total elapsed time 620s
MinRel: 496150 nodes explored, relaxation 1.00e+00, total elapsed time 625s
No solution found by MinRel heuristic
 322924 24048    0.00000   76   14          -    0.00000      -   6.2 1002s
 322941 24060    0.00000   82   14          -    0.00000      -   6.2 1005s
 323835 24484    0.00000   52   27          -    0.00000      -   6.3 1010s
 328712 23378    0.00000   79    8          -    0.00000      -   6.3 1015s
 332705 22308    0.00000   84   11          -    0.00000      -   6.4 1020s
 341631 20419    0.00000   81   11          -    0.00000      -   6.4 1025s
 353100 17699    0.00000   73   28          -    0.00000      -   6.4 1030s
 368640 14464 infeasible   98               -    0.00000      -   6.4 1035s
 385333  9809 infeasible  106               -    0.00000      -   6.4 1040s
 401026  7277 infeasible   96               -    0.00000      -   6.4 1045s
 412445  7838    0.00000   90   11          -    0.00000      -   6.4 1050s
 419680  8197    0.00000   85    7          -    0.00000      -   6.4 1055s
 427986  9241 infeasible  102               -    0.00000      -   6.4 1060s
 437466 10146 infeasible  111               -    0.00000      -   6.4 1065s
 446124 10670 infeasible  105               -    0.00000      -   6.4 1070s
 451337 10971    0.00000   96    9          -    0.00000      -   6.4 1075s
 456172 11180    0.00000  102   10          -    0.00000      -   6.4 1080s
 466045 11572    0.00000   97    8          -    0.00000      -   6.4 1085s
 479492 12154    0.00000  102   11          -    0.00000      -   6.4 1090s
 493285 12550    0.00000  103   11          -    0.00000      -   6.3 1095s
 506277 12997 infeasible  103               -    0.00000      -   6.3 1100s
 521389 13601    0.00000   97   14          -    0.00000      -   6.3 1105s
 536173 14150    0.00000  101    9          -    0.00000      -   6.3 1110s
 551569 15033    0.00000   95    9          -    0.00000      -   6.3 1115s
 566872 15793 infeasible  102               -    0.00000      -   6.3 1120s
 581912 16424    0.00000   90    6          -    0.00000      -   6.3 1125s
 598517 17610 infeasible  106               -    0.00000      -   6.3 1130s
 610631 18354    0.00000  100   11          -    0.00000      -   6.3 1135s
 624191 19528 infeasible  110               -    0.00000      -   6.3 1140s
 637318 19965    0.00000  104    9          -    0.00000      -   6.3 1145s
 652303 20542    0.00000   97   14          -    0.00000      -   6.3 1150s
 669379 21121    0.00000  107   11          -    0.00000      -   6.2 1155s
 684493 21659 infeasible  105               -    0.00000      -   6.2 1160s
 701506 22702    0.00000   96   15          -    0.00000      -   6.2 1165s
 716426 23065 infeasible  103               -    0.00000      -   6.2 1170s
 733090 23467    0.00000   99    8          -    0.00000      -   6.2 1175s
 747792 23733    0.00000   93   11          -    0.00000      -   6.2 1180s
 761756 24031    0.00000   97    7          -    0.00000      -   6.2 1185s
 776614 24629    0.00000  107   11          -    0.00000      -   6.2 1190s
 791229 24938 infeasible  101               -    0.00000      -   6.2 1195s
 808726 26105    0.00000  100   14          -    0.00000      -   6.2 1200s
 837557 26455    0.00000   97   11          -    0.00000      -   6.1 1205s
 872981 27471    0.00000   96   11          -    0.00000      -   6.0 1210s
 905326 27824    0.00000   93    7          -    0.00000      -   5.9 1215s
 939503 28763 infeasible  100               -    0.00000      -   5.8 1220s
 971338 29349 infeasible  106               -    0.00000      -   5.7 1225s
 1002293 29853    0.00000   98   13          -    0.00000      -   5.6 1230s
 1034841 30268 infeasible   98               -    0.00000      -   5.5 1235s
 1066520 30483 infeasible  101               -    0.00000      -   5.4 1240s
 1098849 30864    0.00000   93    7          -    0.00000      -   5.4 1245s
 1129468 32360 infeasible   84               -    0.00000      -   5.3 1250s
 1159640 33905 infeasible  105               -    0.00000      -   5.3 1255s
 1192639 34528    0.00000   96    9          -    0.00000      -   5.2 1260s
 1222855 35227    0.00000   93   16          -    0.00000      -   5.2 1265s
 1254522 35511 infeasible   94               -    0.00000      -   5.1 1270s
 1283869 35579    0.00000  101    7          -    0.00000      -   5.1 1275s
 1315937 35956    0.00000   87   14          -    0.00000      -   5.1 1280s
 1348530 36265    0.00000   96    9          -    0.00000      -   5.0 1285s
 1377778 36687    0.00000   98    9          -    0.00000      -   5.0 1290s
 1412929 36924 infeasible  109               -    0.00000      -   4.9 1295s
 1443621 37126    0.00000  101   12          -    0.00000      -   4.9 1300s
 1473137 37479    0.00000   96   11          -    0.00000      -   4.9 1305s
 1504409 37693    0.00000   93   18          -    0.00000      -   4.8 1310s
 1535885 38053 infeasible  101               -    0.00000      -   4.8 1315s
 1566619 38359    0.00000  103   10          -    0.00000      -   4.8 1320s
 1600044 38521 infeasible  103               -    0.00000      -   4.7 1325s
 1632321 38877    0.00000   98    7          -    0.00000      -   4.7 1330s
 1664927 39416 infeasible   93               -    0.00000      -   4.7 1335s
 1696438 39657 infeasible  105               -    0.00000      -   4.7 1340s
 1728457 39869    0.00000  100   10          -    0.00000      -   4.6 1345s
 1759720 39973    0.00000  101   10          -    0.00000      -   4.6 1350s
 1794488 40339 infeasible  105               -    0.00000      -   4.6 1355s
 1827598 40517 infeasible  108               -    0.00000      -   4.6 1360s
 1857894 40709    0.00000  107    7          -    0.00000      -   4.5 1365s
 1890353 40929    0.00000  108   13          -    0.00000      -   4.5 1370s
 1925564 41548 infeasible  106               -    0.00000      -   4.5 1375s
 1958543 42080 infeasible  106               -    0.00000      -   4.5 1380s
 1991901 42477 infeasible  101               -    0.00000      -   4.5 1385s
 2023916 42652 infeasible  104               -    0.00000      -   4.4 1390s
 2055513 42916    0.00000   95    7          -    0.00000      -   4.4 1395s
 2088395 43004 infeasible  107               -    0.00000      -   4.4 1400s
 2122197 43455    0.00000  102    7          -    0.00000      -   4.4 1405s
 2155388 44082    0.00000  111    4          -    0.00000      -   4.4 1410s
 2188275 44256    0.00000   88   12          -    0.00000      -   4.4 1415s
 2220657 44541    0.00000  101   13          -    0.00000      -   4.3 1420s
 2254720 44693 infeasible   98               -    0.00000      -   4.3 1425s
 2287803 45017    0.00000  104    6          -    0.00000      -   4.3 1430s
 2321111 45144    0.00000  106    7          -    0.00000      -   4.3 1435s
 2353666 45832    0.00000  104   12          -    0.00000      -   4.3 1440s
 2386509 46379 infeasible  105               -    0.00000      -   4.3 1445s
 2420181 46947    0.00000  116    8          -    0.00000      -   4.2 1450s
 2454144 47455 infeasible  102               -    0.00000      -   4.2 1455s
 2485004 47772    0.00000  113    8          -    0.00000      -   4.2 1460s
 2518593 48060    0.00000   99    8          -    0.00000      -   4.2 1465s
 2552278 48417    0.00000  108    6          -    0.00000      -   4.2 1470s
 2584271 48589    0.00000   99    8          -    0.00000      -   4.2 1475s
 2616419 48724    0.00000   99   11          -    0.00000      -   4.2 1480s
 2651297 49243 infeasible  104               -    0.00000      -   4.1 1485s
 2685631 49447    0.00000   98    7          -    0.00000      -   4.1 1490s
 2721585 49723    0.00000  111   10          -    0.00000      -   4.1 1495s
 2756338 49725    0.00000   94   13          -    0.00000      -   4.1 1500s
 2788691 49795    0.00000   96    6          -    0.00000      -   4.1 1505s
 2820389 50012    0.00000  104   10          -    0.00000      -   4.1 1510s
 2855701 50390    0.00000   99    8          -    0.00000      -   4.0 1515s
 2880782 50758    0.00000   97   13          -    0.00000      -   4.0 1520s
 2908309 50754    0.00000   98    9          -    0.00000      -   4.0 1525s
 2935828 51184    0.00000   93   14          -    0.00000      -   4.0 1530s
 2961835 51640 infeasible  103               -    0.00000      -   4.0 1535s
 2989994 51783 infeasible  105               -    0.00000      -   4.0 1540s
 3017008 51854 infeasible  100               -    0.00000      -   4.0 1545s
 3046502 52075 infeasible  110               -    0.00000      -   4.0 1550s
 3074257 52721 infeasible  111               -    0.00000      -   4.0 1555s
 3101566 53552 infeasible  106               -    0.00000      -   4.0 1560s
 3126886 53942    0.00000  108   10          -    0.00000      -   4.0 1565s
 3155734 54646    0.00000  106    4          -    0.00000      -   3.9 1570s
 3184282 54921 infeasible  113               -    0.00000      -   3.9 1575s
 3209501 55371 infeasible  110               -    0.00000      -   3.9 1580s
 3237721 55691    0.00000  109    8          -    0.00000      -   3.9 1585s
 3267001 55977    0.00000  105   15          -    0.00000      -   3.9 1590s
 3295762 56193    0.00000  107   12          -    0.00000      -   3.9 1595s
 3324810 56168 infeasible  111               -    0.00000      -   3.9 1600s
 3354362 56104 infeasible  112               -    0.00000      -   3.9 1605s
 3380681 56284    0.00000  105    7          -    0.00000      -   3.9 1610s
 3411424 56261    0.00000  103   11          -    0.00000      -   3.9 1615s
 3441598 56349    0.00000  108    8          -    0.00000      -   3.9 1620s
 3472077 56620 infeasible  109               -    0.00000      -   3.8 1625s
 3500498 56685    0.00000  108   10          -    0.00000      -   3.8 1630s
 3531261 56751 infeasible  104               -    0.00000      -   3.8 1635s
 3558116 57063    0.00000  108   10          -    0.00000      -   3.8 1640s
 3586786 57426 infeasible  105               -    0.00000      -   3.8 1645s
 3616729 57556 infeasible  109               -    0.00000      -   3.8 1650s
 3646333 57634    0.00000  105   11          -    0.00000      -   3.8 1655s
 3676340 57884 infeasible  102               -    0.00000      -   3.8 1660s
 3707488 58169    0.00000  107   12          -    0.00000      -   3.8 1665s
 3737797 58349    0.00000   97   13          -    0.00000      -   3.8 1670s
 3767539 58721    0.00000   91   11          -    0.00000      -   3.8 1675s
 3799614 59246    0.00000  102   11          -    0.00000      -   3.8 1680s
 3830717 59609    0.00000   96   10          -    0.00000      -   3.8 1685s
 3863199 59824    0.00000   91    9          -    0.00000      -   3.8 1690s
 3894884 60382 infeasible  112               -    0.00000      -   3.8 1695s
 3925512 60580    0.00000   94   10          -    0.00000      -   3.8 1700s
 3955708 60795    0.00000  101    9          -    0.00000      -   3.8 1705s
 3990238 60943    0.00000   93   10          -    0.00000      -   3.7 1710s
 4020314 61966    0.00000  104   12          -    0.00000      -   3.8 1715s
 4051279 62270    0.00000   81    8          -    0.00000      -   3.8 1720s
 4080504 62600    0.00000  110   10          -    0.00000      -   3.8 1725s
 4115250 62948 infeasible   93               -    0.00000      -   3.7 1730s
 4147232 63158 infeasible   82               -    0.00000      -   3.7 1735s
 4180061 63643    0.00000  102   13          -    0.00000      -   3.7 1740s
 4210183 63849 infeasible  109               -    0.00000      -   3.7 1745s
 4243175 64320 infeasible  104               -    0.00000      -   3.7 1750s
 4276111 64947    0.00000   87   14          -    0.00000      -   3.7 1755s
 4309901 65624    0.00000  105    4          -    0.00000      -   3.7 1760s
 4341749 65878 infeasible  107               -    0.00000      -   3.7 1765s
 4373170 66069 infeasible  110               -    0.00000      -   3.7 1770s
 4405442 66467 infeasible  110               -    0.00000      -   3.7 1775s
 4437105 66510 infeasible  114               -    0.00000      -   3.7 1780s
 4469887 66562    0.00000  104   11          -    0.00000      -   3.7 1785s
 4501631 66724    0.00000   98   15          -    0.00000      -   3.7 1790s
 4537131 66974 infeasible   87               -    0.00000      -   3.7 1795s
 4566297 67148    0.00000   98    4          -    0.00000      -   3.7 1800s
 4595830 67228 infeasible  108               -    0.00000      -   3.7 1805s
 4626727 67765 infeasible   99               -    0.00000      -   3.7 1810s
 4654537 68111 infeasible  110               -    0.00000      -   3.7 1815s
 4686098 68227 infeasible  111               -    0.00000      -   3.7 1820s
 4715455 68555    0.00000  100   10          -    0.00000      -   3.7 1825s
 4750610 68901    0.00000   99   11          -    0.00000      -   3.7 1830s
 4782289 69096 infeasible  101               -    0.00000      -   3.7 1835s
 4813718 69316    0.00000  112    4          -    0.00000      -   3.7 1840s
 4848045 69432 infeasible  116               -    0.00000      -   3.7 1845s
 4878823 69498    0.00000  105    8          -    0.00000      -   3.7 1850s
 4911177 69728    0.00000   98    9          -    0.00000      -   3.7 1855s
 4940842 69745 infeasible  123               -    0.00000      -   3.7 1860s
 4961883 69959 infeasible  102               -    0.00000      -   3.7 1865s
 4990486 70368 infeasible  105               -    0.00000      -   3.7 1870s
 5014901 70854    0.00000   94   11          -    0.00000      -   3.7 1875s
 5044692 70915    0.00000  103    7          -    0.00000      -   3.7 1880s
 5071080 71142    0.00000   95    7          -    0.00000      -   3.7 1885s
 5097630 71407    0.00000  103    9          -    0.00000      -   3.7 1890s
 5125675 71633 infeasible  104               -    0.00000      -   3.6 1895s
 5151495 71711 infeasible  102               -    0.00000      -   3.6 1900s
 5179409 71941    0.00000   77   18          -    0.00000      -   3.6 1905s
 5206844 72215 infeasible  107               -    0.00000      -   3.6 1910s
 5233550 72454 infeasible  102               -    0.00000      -   3.6 1915s
 5259709 72581 infeasible  113               -    0.00000      -   3.6 1920s
 5285929 72680 infeasible  113               -    0.00000      -   3.6 1925s
 5310193 72807 infeasible  107               -    0.00000      -   3.6 1930s
 5334821 72922    0.00000   97   12          -    0.00000      -   3.6 1935s
 5366505 73141    0.00000   93   13          -    0.00000      -   3.6 1940s
 5390429 73322    0.00000  102   15          -    0.00000      -   3.6 1945s
 5414718 73962    0.00000   97    7          -    0.00000      -   3.6 1950s
 5446239 74179 infeasible  103               -    0.00000      -   3.6 1955s
 5471030 74689    0.00000  101   10          -    0.00000      -   3.6 1960s
 5492995 74944    0.00000  112   13          -    0.00000      -   3.6 1965s
 5521843 76063 infeasible  109               -    0.00000      -   3.6 1970s
 5547136 76702    0.00000   98    7          -    0.00000      -   3.6 1975s
 5572097 77031    0.00000   98    9          -    0.00000      -   3.6 1980s
 5600510 77246 infeasible  106               -    0.00000      -   3.6 1985s
 5626446 77468    0.00000  104    9          -    0.00000      -   3.6 1990s
 5655848 77820    0.00000   95   10          -    0.00000      -   3.6 1995s
 5681742 77948    0.00000  100   10          -    0.00000      -   3.6 2000s
 5708677 78024 infeasible   98               -    0.00000      -   3.6 2005s
 5734462 78153    0.00000   88   14          -    0.00000      -   3.6 2010s
 5756691 78147 infeasible  117               -    0.00000      -   3.6 2015s
 5781715 78304    0.00000   97    8          -    0.00000      -   3.6 2020s
 5804663 78520    0.00000   93    7          -    0.00000      -   3.6 2025s
 5829961 78646    0.00000   96   11          -    0.00000      -   3.6 2030s
 5854748 78851 infeasible  108               -    0.00000      -   3.6 2035s
 5879148 78997 infeasible  112               -    0.00000      -   3.5 2040s
 5904187 79104    0.00000   99   13          -    0.00000      -   3.5 2045s
 5929020 79236    0.00000  102   10          -    0.00000      -   3.5 2050s
 5953545 79390 infeasible  116               -    0.00000      -   3.5 2055s
 5977808 79636    0.00000  114   12          -    0.00000      -   3.5 2060s
 6001853 79776    0.00000  108    7          -    0.00000      -   3.5 2065s
 6028416 79895    0.00000   96   11          -    0.00000      -   3.5 2070s
 6052490 80026    0.00000  101   12          -    0.00000      -   3.5 2075s
 6074121 80501    0.00000  101    9          -    0.00000      -   3.5 2080s
 6094708 81200    0.00000  104    8          -    0.00000      -   3.5 2085s
 6117919 81681 infeasible  105               -    0.00000      -   3.5 2090s
 6138369 81917    0.00000  101    9          -    0.00000      -   3.5 2095s
 6160962 82020    0.00000   91   13          -    0.00000      -   3.5 2100s
 6185735 82439    0.00000  113    8          -    0.00000      -   3.5 2105s
 6210256 82418    0.00000  106   10          -    0.00000      -   3.5 2110s
 6235045 82579    0.00000  103   12          -    0.00000      -   3.5 2115s
 6258286 82731    0.00000  106   12          -    0.00000      -   3.5 2120s
 6284389 82774 infeasible  112               -    0.00000      -   3.5 2125s
 6307976 82955 infeasible  105               -    0.00000      -   3.5 2130s
 6332130 83146    0.00000  105    9          -    0.00000      -   3.5 2135s
 6357569 83289 infeasible  103               -    0.00000      -   3.5 2140s
 6381163 83449    0.00000   96    6          -    0.00000      -   3.5 2145s
 6402466 83501 infeasible  107               -    0.00000      -   3.5 2150s
 6423600 83628    0.00000  103    8          -    0.00000      -   3.5 2155s
 6445509 83736    0.00000  103   12          -    0.00000      -   3.5 2160s
 6469272 83788    0.00000  101   10          -    0.00000      -   3.5 2165s
 6493493 83803 infeasible  110               -    0.00000      -   3.5 2170s
 6515231 83884 infeasible  102               -    0.00000      -   3.5 2175s
 6537155 84456 infeasible  105               -    0.00000      -   3.5 2180s
 6558022 84742    0.00000  108   29          -    0.00000      -   3.5 2185s
 6582615 84933    0.00000  105   20          -    0.00000      -   3.5 2190s
 6607578 84913    0.00000  110   10          -    0.00000      -   3.5 2195s
 6629907 85003    0.00000   99   14          -    0.00000      -   3.5 2200s
 6652747 85007    0.00000  105   13          -    0.00000      -   3.5 2205s
 6677279 85268 infeasible  106               -    0.00000      -   3.5 2210s
 6700676 85432    0.00000  105   11          -    0.00000      -   3.5 2215s
 6723714 85384 infeasible  107               -    0.00000      -   3.5 2220s
 6746851 85857 infeasible  101               -    0.00000      -   3.5 2225s
 6772432 86022 infeasible  109               -    0.00000      -   3.4 2230s
 6796131 86097    0.00000  103    8          -    0.00000      -   3.4 2235s
 6820759 86437    0.00000  102   10          -    0.00000      -   3.4 2240s
 6845403 86847 infeasible  107               -    0.00000      -   3.4 2245s
 6866716 87196    0.00000   87   30          -    0.00000      -   3.4 2250s
 6890083 87655    0.00000  100    7          -    0.00000      -   3.4 2255s
 6912442 87798    0.00000   98   10          -    0.00000      -   3.4 2260s
 6938885 87844 infeasible  100               -    0.00000      -   3.4 2265s
 6962246 88029    0.00000  103    8          -    0.00000      -   3.4 2270s
 6985670 88119    0.00000  109    9          -    0.00000      -   3.4 2275s
 7010030 88228 infeasible  108               -    0.00000      -   3.4 2280s
 7034029 88448 infeasible  115               -    0.00000      -   3.4 2285s
 7058101 88526 infeasible  104               -    0.00000      -   3.4 2290s
 7084626 88594    0.00000  110    8          -    0.00000      -   3.4 2295s
 7109302 88714    0.00000  105   12          -    0.00000      -   3.4 2300s
 7131044 88815    0.00000  109    6          -    0.00000      -   3.4 2305s
 7154477 88826 infeasible   98               -    0.00000      -   3.4 2310s
 7177352 88984 infeasible  100               -    0.00000      -   3.4 2315s
 7201517 89134 infeasible   98               -    0.00000      -   3.4 2320s
 7221456 89287    0.00000   99    9          -    0.00000      -   3.4 2325s
 7246773 89385 infeasible  115               -    0.00000      -   3.4 2330s
 7268474 89479    0.00000  107    9          -    0.00000      -   3.4 2335s
 7292856 89648    0.00000  102   11          -    0.00000      -   3.4 2340s
 7316384 89800    0.00000   97    4          -    0.00000      -   3.4 2345s
 7339269 89917    0.00000  107    9          -    0.00000      -   3.4 2350s
 7362422 90003    0.00000  104   10          -    0.00000      -   3.4 2355s
 7384710 90106 infeasible  107               -    0.00000      -   3.4 2360s
 7406956 90441 infeasible  104               -    0.00000      -   3.4 2365s
 7429161 90440    0.00000  101    9          -    0.00000      -   3.4 2370s
 7452367 90644    0.00000  103   12          -    0.00000      -   3.4 2375s
 7476225 91042    0.00000  104    9          -    0.00000      -   3.4 2380s
 7501116 91161 infeasible  108               -    0.00000      -   3.4 2385s
 7526514 91364    0.00000  110    4          -    0.00000      -   3.4 2390s
 7552969 91538 infeasible  105               -    0.00000      -   3.4 2395s
 7574818 91506    0.00000  104    7          -    0.00000      -   3.4 2400s
 7602614 91581 infeasible  106               -    0.00000      -   3.4 2405s
 7627228 91738 infeasible  108               -    0.00000      -   3.4 2410s
 7649433 91762    0.00000  107    8          -    0.00000      -   3.4 2415s
 7670669 91816    0.00000  114    4          -    0.00000      -   3.4 2420s
 7695214 91891    0.00000  100    6          -    0.00000      -   3.4 2425s
 7718503 92153    0.00000  100   10          -    0.00000      -   3.4 2430s
 7740086 92379    0.00000  105    6          -    0.00000      -   3.4 2435s
 7764790 92496    0.00000  106   14          -    0.00000      -   3.4 2440s
 7787324 92744    0.00000  106    7          -    0.00000      -   3.4 2445s
 7811204 92840    0.00000  100    9          -    0.00000      -   3.4 2450s
 7831846 93008    0.00000  101    9          -    0.00000      -   3.4 2455s
 7855538 93113    0.00000  105    6          -    0.00000      -   3.3 2460s
 7879466 93305 infeasible  107               -    0.00000      -   3.3 2465s
 7900683 93611 infeasible  108               -    0.00000      -   3.3 2470s
 7921418 93611 infeasible   94               -    0.00000      -   3.3 2475s
 7943538 93693    0.00000  103   11          -    0.00000      -   3.3 2480s
 7967407 93821 infeasible  101               -    0.00000      -   3.3 2485s
 7988257 93929 infeasible  103               -    0.00000      -   3.3 2490s
 8015001 94023    0.00000  106    9          -    0.00000      -   3.3 2495s
 8035961 94194    0.00000  106   11          -    0.00000      -   3.3 2500s
 8062624 94350    0.00000  114   10          -    0.00000      -   3.3 2505s
 8087419 94408    0.00000   99    9          -    0.00000      -   3.3 2510s
 8112607 94607 infeasible  112               -    0.00000      -   3.3 2515s
 8135341 95778 infeasible   97               -    0.00000      -   3.3 2520s
 8157220 96566    0.00000   93   12          -    0.00000      -   3.3 2525s
 8178623 97046 infeasible   91               -    0.00000      -   3.3 2530s
 8201034 97722 infeasible   96               -    0.00000      -   3.3 2535s
 8222515 98367 infeasible   99               -    0.00000      -   3.3 2540s
 8241153 98709 infeasible   98               -    0.00000      -   3.3 2545s
 8266729 98800    0.00000   99   14          -    0.00000      -   3.3 2550s
 8288365 99029 infeasible   89               -    0.00000      -   3.3 2555s
 8310711 99214    0.00000   95   14          -    0.00000      -   3.3 2560s
 8331965 99554    0.00000   95    6          -    0.00000      -   3.3 2565s
 8351798 99697    0.00000   92   15          -    0.00000      -   3.3 2570s
 8376429 99862 infeasible   87               -    0.00000      -   3.3 2575s
 8396809 99954    0.00000   89   15          -    0.00000      -   3.3 2580s
 8419300 99967 infeasible   99               -    0.00000      -   3.3 2585s
 8441071 100834    0.00000   91   12          -    0.00000      -   3.3 2590s
 8463704 101064    0.00000   95   12          -    0.00000      -   3.3 2595s
 8484711 101336    0.00000   99   11          -    0.00000      -   3.3 2600s
 8505760 101548    0.00000   85   11          -    0.00000      -   3.3 2605s
 8528923 101737 infeasible   96               -    0.00000      -   3.3 2610s
 8550146 101865    0.00000   99   10          -    0.00000      -   3.3 2615s
 8572526 101989 infeasible   93               -    0.00000      -   3.3 2620s
 8594942 102099 infeasible  100               -    0.00000      -   3.3 2625s
 8614809 102237    0.00000   94   13          -    0.00000      -   3.3 2630s
 8637453 102304    0.00000   93   12          -    0.00000      -   3.3 2635s
 8656887 102523 infeasible   96               -    0.00000      -   3.3 2640s
 8679938 102473    0.00000  100   11          -    0.00000      -   3.3 2645s
 8700047 102806    0.00000   95    9          -    0.00000      -   3.3 2650s
 8721297 102982    0.00000   92    9          -    0.00000      -   3.3 2655s
 8742066 103071    0.00000   96    8          -    0.00000      -   3.3 2660s
 8761919 103134    0.00000  103    6          -    0.00000      -   3.3 2665s
 8784319 103405    0.00000   94   11          -    0.00000      -   3.3 2670s
 8806258 103480 infeasible   98               -    0.00000      -   3.3 2675s
 8828115 103610 infeasible  102               -    0.00000      -   3.3 2680s
 8847118 103708    0.00000   94   14          -    0.00000      -   3.3 2685s
 8867500 103725    0.00000   97    4          -    0.00000      -   3.3 2690s

Gurobi 9.5.1 (win64, Java) logging started Wed May 25 15:26:08 2022

Set parameter Username
Academic license - for non-commercial use only - expires 2023-02-25
Set parameter Presolve to value 0
Set parameter Method to value 0
Gurobi Optimizer version 9.5.1 build v9.5.1rc2 (win64)
Thread count: 4 physical cores, 8 logical processors, using up to 8 threads
Optimize a model with 1562 rows, 1639 columns and 7566 nonzeros
Model fingerprint: 0x28ba5d87
Variable types: 0 continuous, 1639 integer (1600 binary)
Coefficient statistics:
  Matrix range     [1e+00, 4e+01]
  Objective range  [0e+00, 0e+00]
  Bounds range     [1e+00, 4e+01]
  RHS range        [1e+00, 4e+01]
Variable types: 0 continuous, 1639 integer (1600 binary)
Found heuristic solution: objective 0.0000000

Explored 0 nodes (0 simplex iterations) in 0.01 seconds (0.01 work units)
Thread count was 8 (of 8 available processors)

Solution count 1: 0 

Optimal solution found (tolerance 1.00e-04)
Best objective 0.000000000000e+00, best bound 0.000000000000e+00, gap 0.0000%

Gurobi 9.5.1 (win64, Java) logging started Wed May 25 15:28:00 2022

Set parameter Username
Academic license - for non-commercial use only - expires 2023-02-25
Gurobi Optimizer version 9.5.1 build v9.5.1rc2 (win64)
Thread count: 4 physical cores, 8 logical processors, using up to 8 threads
Optimize a model with 1562 rows, 1639 columns and 7566 nonzeros
Model fingerprint: 0x28ba5d87
Variable types: 0 continuous, 1639 integer (1600 binary)
Coefficient statistics:
  Matrix range     [1e+00, 4e+01]
  Objective range  [0e+00, 0e+00]
  Bounds range     [1e+00, 4e+01]
  RHS range        [1e+00, 4e+01]
Presolve removed 0 rows and 40 columns
Presolve time: 0.01s
Presolved: 1562 rows, 1599 columns, 7566 nonzeros
Variable types: 0 continuous, 1599 integer (1560 binary)
Found heuristic solution: objective 0.0000000

Explored 0 nodes (0 simplex iterations) in 0.02 seconds (0.02 work units)
Thread count was 8 (of 8 available processors)

Solution count 1: 0 

Optimal solution found (tolerance 1.00e-04)
Best objective 0.000000000000e+00, best bound 0.000000000000e+00, gap 0.0000%

Gurobi 9.5.1 (win64, Java) logging started Wed May 25 15:28:35 2022

Set parameter Username
Academic license - for non-commercial use only - expires 2023-02-25
Gurobi Optimizer version 9.5.1 build v9.5.1rc2 (win64)
Thread count: 4 physical cores, 8 logical processors, using up to 8 threads
Optimize a model with 1562 rows, 1639 columns and 7566 nonzeros
Model fingerprint: 0x28ba5d87
Variable types: 0 continuous, 1639 integer (1600 binary)
Coefficient statistics:
  Matrix range     [1e+00, 4e+01]
  Objective range  [0e+00, 0e+00]
  Bounds range     [1e+00, 4e+01]
  RHS range        [1e+00, 4e+01]
Presolve removed 0 rows and 40 columns
Presolve time: 0.02s
Presolved: 1562 rows, 1599 columns, 7566 nonzeros
Variable types: 0 continuous, 1599 integer (1560 binary)
Found heuristic solution: objective 0.0000000

Explored 0 nodes (0 simplex iterations) in 0.03 seconds (0.02 work units)
Thread count was 8 (of 8 available processors)

Solution count 1: 0 

Optimal solution found (tolerance 1.00e-04)
Best objective 0.000000000000e+00, best bound 0.000000000000e+00, gap 0.0000%

Gurobi 9.5.1 (win64, Java) logging started Wed May 25 15:30:01 2022

Set parameter Username
Academic license - for non-commercial use only - expires 2023-02-25
Gurobi Optimizer version 9.5.1 build v9.5.1rc2 (win64)
Thread count: 4 physical cores, 8 logical processors, using up to 8 threads
Optimize a model with 1562 rows, 1639 columns and 7566 nonzeros
Model fingerprint: 0x28ba5d87
Variable types: 0 continuous, 1639 integer (1600 binary)
Coefficient statistics:
  Matrix range     [1e+00, 4e+01]
  Objective range  [0e+00, 0e+00]
  Bounds range     [1e+00, 4e+01]
  RHS range        [1e+00, 4e+01]
Presolve removed 0 rows and 40 columns
Presolve time: 0.02s
Presolved: 1562 rows, 1599 columns, 7566 nonzeros
Variable types: 0 continuous, 1599 integer (1560 binary)
Found heuristic solution: objective 0.0000000

Explored 0 nodes (0 simplex iterations) in 0.02 seconds (0.02 work units)
Thread count was 8 (of 8 available processors)

Solution count 1: 0 

Optimal solution found (tolerance 1.00e-04)
Best objective 0.000000000000e+00, best bound 0.000000000000e+00, gap 0.0000%

Gurobi 9.5.1 (win64, Java) logging started Wed May 25 15:31:23 2022

Set parameter Username
Academic license - for non-commercial use only - expires 2023-02-25
Gurobi Optimizer version 9.5.1 build v9.5.1rc2 (win64)
Thread count: 4 physical cores, 8 logical processors, using up to 8 threads
Optimize a model with 1562 rows, 1639 columns and 7566 nonzeros
Model fingerprint: 0x28ba5d87
Variable types: 0 continuous, 1639 integer (1600 binary)
Coefficient statistics:
  Matrix range     [1e+00, 4e+01]
  Objective range  [0e+00, 0e+00]
  Bounds range     [1e+00, 4e+01]
  RHS range        [1e+00, 4e+01]
Presolve removed 0 rows and 40 columns
Presolve time: 0.01s
Presolved: 1562 rows, 1599 columns, 7566 nonzeros
Variable types: 0 continuous, 1599 integer (1560 binary)
Found heuristic solution: objective 0.0000000

Explored 0 nodes (0 simplex iterations) in 0.02 seconds (0.02 work units)
Thread count was 8 (of 8 available processors)

Solution count 1: 0 

Optimal solution found (tolerance 1.00e-04)
Best objective 0.000000000000e+00, best bound 0.000000000000e+00, gap 0.0000%

Gurobi 9.5.1 (win64, Java) logging started Wed May 25 15:31:39 2022

Set parameter Username
Academic license - for non-commercial use only - expires 2023-02-25
Gurobi Optimizer version 9.5.1 build v9.5.1rc2 (win64)
Thread count: 4 physical cores, 8 logical processors, using up to 8 threads
Optimize a model with 1562 rows, 1639 columns and 7566 nonzeros
Model fingerprint: 0x28ba5d87
Variable types: 0 continuous, 1639 integer (1600 binary)
Coefficient statistics:
  Matrix range     [1e+00, 4e+01]
  Objective range  [0e+00, 0e+00]
  Bounds range     [1e+00, 4e+01]
  RHS range        [1e+00, 4e+01]
Presolve removed 0 rows and 40 columns
Presolve time: 0.01s
Presolved: 1562 rows, 1599 columns, 7566 nonzeros
Variable types: 0 continuous, 1599 integer (1560 binary)
Found heuristic solution: objective 0.0000000

Explored 0 nodes (0 simplex iterations) in 0.02 seconds (0.02 work units)
Thread count was 8 (of 8 available processors)

Solution count 1: 0 

Optimal solution found (tolerance 1.00e-04)
Best objective 0.000000000000e+00, best bound 0.000000000000e+00, gap 0.0000%

Gurobi 9.5.1 (win64, Java) logging started Wed May 25 15:31:58 2022

Set parameter Username
Academic license - for non-commercial use only - expires 2023-02-25
Gurobi Optimizer version 9.5.1 build v9.5.1rc2 (win64)
Thread count: 4 physical cores, 8 logical processors, using up to 8 threads
Optimize a model with 1562 rows, 1639 columns and 7566 nonzeros
Model fingerprint: 0x28ba5d87
Variable types: 0 continuous, 1639 integer (1600 binary)
Coefficient statistics:
  Matrix range     [1e+00, 4e+01]
  Objective range  [0e+00, 0e+00]
  Bounds range     [1e+00, 4e+01]
  RHS range        [1e+00, 4e+01]
Presolve removed 0 rows and 40 columns
Presolve time: 0.01s
Presolved: 1562 rows, 1599 columns, 7566 nonzeros
Variable types: 0 continuous, 1599 integer (1560 binary)
Found heuristic solution: objective 0.0000000

Explored 0 nodes (0 simplex iterations) in 0.02 seconds (0.02 work units)
Thread count was 8 (of 8 available processors)

Solution count 1: 0 

Optimal solution found (tolerance 1.00e-04)
Best objective 0.000000000000e+00, best bound 0.000000000000e+00, gap 0.0000%

Gurobi 9.5.1 (win64, Java) logging started Wed May 25 15:32:16 2022

Set parameter Username
Academic license - for non-commercial use only - expires 2023-02-25
Gurobi Optimizer version 9.5.1 build v9.5.1rc2 (win64)
Thread count: 4 physical cores, 8 logical processors, using up to 8 threads
Optimize a model with 1562 rows, 1639 columns and 7566 nonzeros
Model fingerprint: 0x28ba5d87
Variable types: 0 continuous, 1639 integer (1600 binary)
Coefficient statistics:
  Matrix range     [1e+00, 4e+01]
  Objective range  [0e+00, 0e+00]
  Bounds range     [1e+00, 4e+01]
  RHS range        [1e+00, 4e+01]
Presolve removed 0 rows and 40 columns
Presolve time: 0.01s
Presolved: 1562 rows, 1599 columns, 7566 nonzeros
Variable types: 0 continuous, 1599 integer (1560 binary)
Found heuristic solution: objective 0.0000000

Explored 0 nodes (0 simplex iterations) in 0.02 seconds (0.02 work units)
Thread count was 8 (of 8 available processors)

Solution count 1: 0 

Optimal solution found (tolerance 1.00e-04)
Best objective 0.000000000000e+00, best bound 0.000000000000e+00, gap 0.0000%

Gurobi 9.5.1 (win64, Java) logging started Wed May 25 15:32:27 2022

Set parameter Username
Academic license - for non-commercial use only - expires 2023-02-25
Gurobi Optimizer version 9.5.1 build v9.5.1rc2 (win64)
Thread count: 4 physical cores, 8 logical processors, using up to 8 threads
Optimize a model with 1562 rows, 1639 columns and 7566 nonzeros
Model fingerprint: 0x28ba5d87
Variable types: 0 continuous, 1639 integer (1600 binary)
Coefficient statistics:
  Matrix range     [1e+00, 4e+01]
  Objective range  [0e+00, 0e+00]
  Bounds range     [1e+00, 4e+01]
  RHS range        [1e+00, 4e+01]
Presolve removed 0 rows and 40 columns
Presolve time: 0.01s
Presolved: 1562 rows, 1599 columns, 7566 nonzeros
Variable types: 0 continuous, 1599 integer (1560 binary)
Found heuristic solution: objective 0.0000000

Explored 0 nodes (0 simplex iterations) in 0.02 seconds (0.02 work units)
Thread count was 8 (of 8 available processors)

Solution count 1: 0 

Optimal solution found (tolerance 1.00e-04)
Best objective 0.000000000000e+00, best bound 0.000000000000e+00, gap 0.0000%

Gurobi 9.5.1 (win64, Java) logging started Wed May 25 15:33:30 2022

Set parameter Username
Academic license - for non-commercial use only - expires 2023-02-25
Gurobi Optimizer version 9.5.1 build v9.5.1rc2 (win64)
Thread count: 4 physical cores, 8 logical processors, using up to 8 threads
Optimize a model with 1562 rows, 1639 columns and 7566 nonzeros
Model fingerprint: 0x505f345a
Variable types: 0 continuous, 1639 integer (1600 binary)
Coefficient statistics:
  Matrix range     [1e+00, 4e+01]
  Objective range  [2e+00, 1e+01]
  Bounds range     [1e+00, 4e+01]
  RHS range        [1e+00, 4e+01]
Presolve removed 0 rows and 40 columns
Presolve time: 0.02s
Presolved: 1562 rows, 1599 columns, 7566 nonzeros
Variable types: 0 continuous, 1599 integer (1560 binary)
Found heuristic solution: objective 264.0000000

Root relaxation: objective 9.733333e+01, 162 iterations, 0.00 seconds (0.00 work units)

    Nodes    |    Current Node    |     Objective Bounds      |     Work
 Expl Unexpl |  Obj  Depth IntInf | Incumbent    BestBd   Gap | It/Node Time

     0     0   97.33333    0   58  264.00000   97.33333  63.1%     -    0s
     0     0  107.00000    0  102  264.00000  107.00000  59.5%     -    0s
H    0     0                     130.0000000  107.00000  17.7%     -    0s
H    0     0                     123.0000000  107.00000  13.0%     -    0s
     0     0  107.00000    0  107  123.00000  107.00000  13.0%     -    0s
     0     0  107.00000    0   54  123.00000  107.00000  13.0%     -    0s
     0     0  107.00000    0   58  123.00000  107.00000  13.0%     -    0s
H    0     0                     114.0000000  107.00000  6.14%     -    0s
     0     0  107.00000    0   24  114.00000  107.00000  6.14%     -    0s
     0     0  107.00000    0   25  114.00000  107.00000  6.14%     -    0s
     0     0  107.02198    0   27  114.00000  107.02198  6.12%     -    0s
     0     0  107.02198    0   27  114.00000  107.02198  6.12%     -    0s
     0     0  107.33333    0   35  114.00000  107.33333  5.85%     -    0s
     0     0  107.33333    0   62  114.00000  107.33333  5.85%     -    0s
     0     0  107.33333    0   85  114.00000  107.33333  5.85%     -    0s
     0     0  107.33333    0   91  114.00000  107.33333  5.85%     -    0s
     0     0  107.33333    0   98  114.00000  107.33333  5.85%     -    0s
     0     0  108.00000    0  107  114.00000  108.00000  5.26%     -    1s
     0     0  108.00000    0   99  114.00000  108.00000  5.26%     -    1s
     0     0  108.00000    0   96  114.00000  108.00000  5.26%     -    1s
     0     0  108.00000    0   98  114.00000  108.00000  5.26%     -    1s
H    0     0                     109.0000000  108.00000  0.92%     -    1s
     0     0  108.00000    0   24  109.00000  108.00000  0.92%     -    1s
     0     0 infeasible    0       109.00000  109.00000  0.00%     -    1s

Explored 1 nodes (2169 simplex iterations) in 1.20 seconds (0.47 work units)
Thread count was 8 (of 8 available processors)

Solution count 5: 109 114 123 ... 264

Optimal solution found (tolerance 1.00e-04)
Best objective 1.090000000000e+02, best bound 1.090000000000e+02, gap 0.0000%

Gurobi 9.5.1 (win64, Java) logging started Wed May 25 15:34:18 2022

Set parameter Username
Academic license - for non-commercial use only - expires 2023-02-25
Gurobi Optimizer version 9.5.1 build v9.5.1rc2 (win64)
Thread count: 4 physical cores, 8 logical processors, using up to 8 threads
Optimize a model with 1562 rows, 1639 columns and 7566 nonzeros
Model fingerprint: 0x505f345a
Variable types: 0 continuous, 1639 integer (1600 binary)
Coefficient statistics:
  Matrix range     [1e+00, 4e+01]
  Objective range  [2e+00, 1e+01]
  Bounds range     [1e+00, 4e+01]
  RHS range        [1e+00, 4e+01]
Presolve removed 0 rows and 40 columns
Presolve time: 0.01s
Presolved: 1562 rows, 1599 columns, 7566 nonzeros
Variable types: 0 continuous, 1599 integer (1560 binary)
Found heuristic solution: objective 264.0000000

Root relaxation: objective 9.733333e+01, 162 iterations, 0.00 seconds (0.00 work units)

    Nodes    |    Current Node    |     Objective Bounds      |     Work
 Expl Unexpl |  Obj  Depth IntInf | Incumbent    BestBd   Gap | It/Node Time

     0     0   97.33333    0   58  264.00000   97.33333  63.1%     -    0s
     0     0  107.00000    0  102  264.00000  107.00000  59.5%     -    0s
H    0     0                     130.0000000  107.00000  17.7%     -    0s
H    0     0                     123.0000000  107.00000  13.0%     -    0s
     0     0  107.00000    0  107  123.00000  107.00000  13.0%     -    0s
     0     0  107.00000    0   54  123.00000  107.00000  13.0%     -    0s
     0     0  107.00000    0   58  123.00000  107.00000  13.0%     -    0s
H    0     0                     114.0000000  107.00000  6.14%     -    0s
     0     0  107.00000    0   24  114.00000  107.00000  6.14%     -    0s
     0     0  107.00000    0   25  114.00000  107.00000  6.14%     -    0s
     0     0  107.02198    0   27  114.00000  107.02198  6.12%     -    0s
     0     0  107.02198    0   27  114.00000  107.02198  6.12%     -    0s
     0     0  107.33333    0   35  114.00000  107.33333  5.85%     -    0s
     0     0  107.33333    0   62  114.00000  107.33333  5.85%     -    0s
     0     0  107.33333    0   85  114.00000  107.33333  5.85%     -    0s
     0     0  107.33333    0   91  114.00000  107.33333  5.85%     -    0s
     0     0  107.33333    0   98  114.00000  107.33333  5.85%     -    0s
     0     0  108.00000    0  107  114.00000  108.00000  5.26%     -    1s
     0     0  108.00000    0   99  114.00000  108.00000  5.26%     -    1s
     0     0  108.00000    0   96  114.00000  108.00000  5.26%     -    1s
     0     0  108.00000    0   98  114.00000  108.00000  5.26%     -    1s
H    0     0                     109.0000000  108.00000  0.92%     -    1s
     0     0  108.00000    0   24  109.00000  108.00000  0.92%     -    1s
     0     0 infeasible    0       109.00000  109.00000  0.00%     -    1s

Explored 1 nodes (2169 simplex iterations) in 1.22 seconds (0.47 work units)
Thread count was 8 (of 8 available processors)

Solution count 5: 109 114 123 ... 264

Optimal solution found (tolerance 1.00e-04)
Best objective 1.090000000000e+02, best bound 1.090000000000e+02, gap 0.0000%

Gurobi 9.5.1 (win64, Java) logging started Wed May 25 15:35:50 2022

Set parameter Username
Academic license - for non-commercial use only - expires 2023-02-25
Gurobi Optimizer version 9.5.1 build v9.5.1rc2 (win64)
Thread count: 4 physical cores, 8 logical processors, using up to 8 threads
Optimize a model with 1562 rows, 1639 columns and 7566 nonzeros
Model fingerprint: 0x505f345a
Variable types: 0 continuous, 1639 integer (1600 binary)
Coefficient statistics:
  Matrix range     [1e+00, 4e+01]
  Objective range  [2e+00, 1e+01]
  Bounds range     [1e+00, 4e+01]
  RHS range        [1e+00, 4e+01]
Presolve removed 0 rows and 40 columns
Presolve time: 0.01s
Presolved: 1562 rows, 1599 columns, 7566 nonzeros
Variable types: 0 continuous, 1599 integer (1560 binary)
Found heuristic solution: objective 264.0000000

Root relaxation: objective 9.733333e+01, 162 iterations, 0.00 seconds (0.00 work units)

    Nodes    |    Current Node    |     Objective Bounds      |     Work
 Expl Unexpl |  Obj  Depth IntInf | Incumbent    BestBd   Gap | It/Node Time

     0     0   97.33333    0   58  264.00000   97.33333  63.1%     -    0s
     0     0  107.00000    0  102  264.00000  107.00000  59.5%     -    0s
H    0     0                     130.0000000  107.00000  17.7%     -    0s
H    0     0                     123.0000000  107.00000  13.0%     -    0s
     0     0  107.00000    0  107  123.00000  107.00000  13.0%     -    0s
     0     0  107.00000    0   54  123.00000  107.00000  13.0%     -    0s
     0     0  107.00000    0   58  123.00000  107.00000  13.0%     -    0s
H    0     0                     114.0000000  107.00000  6.14%     -    0s
     0     0  107.00000    0   24  114.00000  107.00000  6.14%     -    0s
     0     0  107.00000    0   25  114.00000  107.00000  6.14%     -    0s
     0     0  107.02198    0   27  114.00000  107.02198  6.12%     -    0s
     0     0  107.02198    0   27  114.00000  107.02198  6.12%     -    0s
     0     0  107.33333    0   35  114.00000  107.33333  5.85%     -    0s
     0     0  107.33333    0   62  114.00000  107.33333  5.85%     -    0s
     0     0  107.33333    0   85  114.00000  107.33333  5.85%     -    0s
     0     0  107.33333    0   91  114.00000  107.33333  5.85%     -    0s
     0     0  107.33333    0   98  114.00000  107.33333  5.85%     -    0s
     0     0  108.00000    0  107  114.00000  108.00000  5.26%     -    0s
     0     0  108.00000    0   99  114.00000  108.00000  5.26%     -    0s
     0     0  108.00000    0   96  114.00000  108.00000  5.26%     -    1s
     0     0  108.00000    0   98  114.00000  108.00000  5.26%     -    1s
H    0     0                     109.0000000  108.00000  0.92%     -    1s
     0     0  108.00000    0   24  109.00000  108.00000  0.92%     -    1s
     0     0 infeasible    0       109.00000  109.00000  0.00%     -    1s

Explored 1 nodes (2169 simplex iterations) in 1.17 seconds (0.47 work units)
Thread count was 8 (of 8 available processors)

Solution count 5: 109 114 123 ... 264

Optimal solution found (tolerance 1.00e-04)
Best objective 1.090000000000e+02, best bound 1.090000000000e+02, gap 0.0000%

Gurobi 9.5.1 (win64, Java) logging started Wed May 25 15:35:57 2022

Set parameter Username
Academic license - for non-commercial use only - expires 2023-02-25
Gurobi Optimizer version 9.5.1 build v9.5.1rc2 (win64)
Thread count: 4 physical cores, 8 logical processors, using up to 8 threads
Optimize a model with 1562 rows, 1639 columns and 7566 nonzeros
Model fingerprint: 0x505f345a
Variable types: 0 continuous, 1639 integer (1600 binary)
Coefficient statistics:
  Matrix range     [1e+00, 4e+01]
  Objective range  [2e+00, 1e+01]
  Bounds range     [1e+00, 4e+01]
  RHS range        [1e+00, 4e+01]
Presolve removed 0 rows and 40 columns
Presolve time: 0.01s
Presolved: 1562 rows, 1599 columns, 7566 nonzeros
Variable types: 0 continuous, 1599 integer (1560 binary)
Found heuristic solution: objective 264.0000000

Root relaxation: objective 9.733333e+01, 162 iterations, 0.00 seconds (0.00 work units)

    Nodes    |    Current Node    |     Objective Bounds      |     Work
 Expl Unexpl |  Obj  Depth IntInf | Incumbent    BestBd   Gap | It/Node Time

     0     0   97.33333    0   58  264.00000   97.33333  63.1%     -    0s
     0     0  107.00000    0  102  264.00000  107.00000  59.5%     -    0s
H    0     0                     130.0000000  107.00000  17.7%     -    0s
H    0     0                     123.0000000  107.00000  13.0%     -    0s
     0     0  107.00000    0  107  123.00000  107.00000  13.0%     -    0s
     0     0  107.00000    0   54  123.00000  107.00000  13.0%     -    0s
     0     0  107.00000    0   58  123.00000  107.00000  13.0%     -    0s
H    0     0                     114.0000000  107.00000  6.14%     -    0s
     0     0  107.00000    0   24  114.00000  107.00000  6.14%     -    0s
     0     0  107.00000    0   25  114.00000  107.00000  6.14%     -    0s
     0     0  107.02198    0   27  114.00000  107.02198  6.12%     -    0s
     0     0  107.02198    0   27  114.00000  107.02198  6.12%     -    0s
     0     0  107.33333    0   35  114.00000  107.33333  5.85%     -    0s
     0     0  107.33333    0   62  114.00000  107.33333  5.85%     -    0s
     0     0  107.33333    0   85  114.00000  107.33333  5.85%     -    0s
     0     0  107.33333    0   91  114.00000  107.33333  5.85%     -    0s
     0     0  107.33333    0   98  114.00000  107.33333  5.85%     -    0s
     0     0  108.00000    0  107  114.00000  108.00000  5.26%     -    0s
     0     0  108.00000    0   99  114.00000  108.00000  5.26%     -    0s
     0     0  108.00000    0   96  114.00000  108.00000  5.26%     -    1s
     0     0  108.00000    0   98  114.00000  108.00000  5.26%     -    1s
H    0     0                     109.0000000  108.00000  0.92%     -    1s
     0     0  108.00000    0   24  109.00000  108.00000  0.92%     -    1s
     0     0 infeasible    0       109.00000  109.00000  0.00%     -    1s

Explored 1 nodes (2169 simplex iterations) in 1.16 seconds (0.47 work units)
Thread count was 8 (of 8 available processors)

Solution count 5: 109 114 123 ... 264

Optimal solution found (tolerance 1.00e-04)
Best objective 1.090000000000e+02, best bound 1.090000000000e+02, gap 0.0000%

Gurobi 9.5.1 (win64, Java) logging started Wed May 25 15:36:53 2022

Set parameter Username
Academic license - for non-commercial use only - expires 2023-02-25
Gurobi Optimizer version 9.5.1 build v9.5.1rc2 (win64)
Thread count: 4 physical cores, 8 logical processors, using up to 8 threads
Optimize a model with 1562 rows, 1639 columns and 7566 nonzeros
Model fingerprint: 0xb9b6fdbd
Variable types: 0 continuous, 1639 integer (1600 binary)
Coefficient statistics:
  Matrix range     [1e+00, 4e+01]
  Objective range  [2e+00, 1e+01]
  Bounds range     [1e+00, 4e+01]
  RHS range        [1e+00, 4e+01]
Presolve removed 0 rows and 40 columns
Presolve time: 0.01s
Presolved: 1562 rows, 1599 columns, 7566 nonzeros
Variable types: 0 continuous, 1599 integer (1560 binary)

Root relaxation: objective 9.734211e+01, 238 iterations, 0.01 seconds (0.00 work units)

    Nodes    |    Current Node    |     Objective Bounds      |     Work
 Expl Unexpl |  Obj  Depth IntInf | Incumbent    BestBd   Gap | It/Node Time

     0     0   97.34211    0   57          -   97.34211      -     -    0s
     0     0  107.00000    0  106          -  107.00000      -     -    0s
     0     0  107.00000    0  104          -  107.00000      -     -    0s
     0     0  107.02256    0  108          -  107.02256      -     -    0s
     0     0  107.02256    0  107          -  107.02256      -     -    0s
     0     0  107.50000    0   79          -  107.50000      -     -    0s
     0     0  107.66667    0   98          -  107.66667      -     -    0s
     0     0  107.66667    0   87          -  107.66667      -     -    0s
     0     0  107.75000    0   81          -  107.75000      -     -    0s
     0     0  107.75000    0   85          -  107.75000      -     -    0s
     0     0  107.75000    0   86          -  107.75000      -     -    0s
     0     0  107.75000    0   87          -  107.75000      -     -    0s
     0     0  107.75000    0   89          -  107.75000      -     -    0s
     0     0  107.75000    0   88          -  107.75000      -     -    0s
     0     0  107.75000    0   32          -  107.75000      -     -    0s
     0     0  107.75000    0   51          -  107.75000      -     -    0s
     0     0  107.75000    0   41          -  107.75000      -     -    0s
     0     0  107.75000    0   41          -  107.75000      -     -    0s
     0     0  107.80000    0   73          -  107.80000      -     -    0s
     0     0  107.80000    0   83          -  107.80000      -     -    0s
     0     0  107.80000    0   95          -  107.80000      -     -    0s
     0     0  107.80000    0   92          -  107.80000      -     -    0s
     0     0  107.80000    0   79          -  107.80000      -     -    0s
     0     0  107.80000    0   83          -  107.80000      -     -    0s
     0     0  108.00000    0   14          -  108.00000      -     -    0s
     0     0  108.00000    0   13          -  108.00000      -     -    1s
     0     0  108.00000    0   18          -  108.00000      -     -    1s
     0     0  108.00000    0   18          -  108.00000      -     -    1s
     0     0  108.00000    0   18          -  108.00000      -     -    1s
     0     0  108.00000    0   15          -  108.00000      -     -    1s
     0     2  108.04511    0   15          -  108.04511      -     -    1s
  1090   950  124.10526   77   65          -  108.60330      -   9.4    5s
  1146   992  109.00000   25   34          -  108.75000      -  12.3   10s
  8699  6877  112.01316   60   32          -  109.00000      -   8.2   15s
 27162 22644  120.00000  195    6          -  109.00000      -   6.1   20s
 29797 24435  112.15789   56   15          -  109.00000      -   6.2   26s
 29813 24446  129.00000  132   35          -  109.00000      -   6.2   30s
 29963 24607  109.00124   48   78          -  109.00000      -   6.5   35s

Gurobi 9.5.1 (win64, Java) logging started Wed May 25 15:38:01 2022

Set parameter Username
Academic license - for non-commercial use only - expires 2023-02-25
Gurobi Optimizer version 9.5.1 build v9.5.1rc2 (win64)
Thread count: 4 physical cores, 8 logical processors, using up to 8 threads
Optimize a model with 1562 rows, 1639 columns and 7566 nonzeros
Model fingerprint: 0x505f345a
Variable types: 0 continuous, 1639 integer (1600 binary)
Coefficient statistics:
  Matrix range     [1e+00, 4e+01]
  Objective range  [2e+00, 1e+01]
  Bounds range     [1e+00, 4e+01]
  RHS range        [1e+00, 4e+01]
Presolve removed 0 rows and 40 columns
Presolve time: 0.01s
Presolved: 1562 rows, 1599 columns, 7566 nonzeros
Variable types: 0 continuous, 1599 integer (1560 binary)
Found heuristic solution: objective 264.0000000

Root relaxation: objective 9.733333e+01, 162 iterations, 0.00 seconds (0.00 work units)

    Nodes    |    Current Node    |     Objective Bounds      |     Work
 Expl Unexpl |  Obj  Depth IntInf | Incumbent    BestBd   Gap | It/Node Time

     0     0   97.33333    0   58  264.00000   97.33333  63.1%     -    0s
     0     0  107.00000    0  102  264.00000  107.00000  59.5%     -    0s
H    0     0                     130.0000000  107.00000  17.7%     -    0s
H    0     0                     123.0000000  107.00000  13.0%     -    0s
     0     0  107.00000    0  107  123.00000  107.00000  13.0%     -    0s
     0     0  107.00000    0   54  123.00000  107.00000  13.0%     -    0s
     0     0  107.00000    0   58  123.00000  107.00000  13.0%     -    0s
H    0     0                     114.0000000  107.00000  6.14%     -    0s
     0     0  107.00000    0   24  114.00000  107.00000  6.14%     -    0s
     0     0  107.00000    0   25  114.00000  107.00000  6.14%     -    0s
     0     0  107.02198    0   27  114.00000  107.02198  6.12%     -    0s
     0     0  107.02198    0   27  114.00000  107.02198  6.12%     -    0s
     0     0  107.33333    0   35  114.00000  107.33333  5.85%     -    0s
     0     0  107.33333    0   62  114.00000  107.33333  5.85%     -    0s
     0     0  107.33333    0   85  114.00000  107.33333  5.85%     -    0s
     0     0  107.33333    0   91  114.00000  107.33333  5.85%     -    0s
     0     0  107.33333    0   98  114.00000  107.33333  5.85%     -    0s
     0     0  108.00000    0  107  114.00000  108.00000  5.26%     -    0s
     0     0  108.00000    0   99  114.00000  108.00000  5.26%     -    0s
     0     0  108.00000    0   96  114.00000  108.00000  5.26%     -    1s
     0     0  108.00000    0   98  114.00000  108.00000  5.26%     -    1s
H    0     0                     109.0000000  108.00000  0.92%     -    1s
     0     0  108.00000    0   24  109.00000  108.00000  0.92%     -    1s
     0     0 infeasible    0       109.00000  109.00000  0.00%     -    1s

Explored 1 nodes (2169 simplex iterations) in 1.16 seconds (0.47 work units)
Thread count was 8 (of 8 available processors)

Solution count 5: 109 114 123 ... 264

Optimal solution found (tolerance 1.00e-04)
Best objective 1.090000000000e+02, best bound 1.090000000000e+02, gap 0.0000%

Gurobi 9.5.1 (win64, Java) logging started Wed May 25 15:38:54 2022

Set parameter Username
Academic license - for non-commercial use only - expires 2023-02-25
Gurobi Optimizer version 9.5.1 build v9.5.1rc2 (win64)
Thread count: 4 physical cores, 8 logical processors, using up to 8 threads
Optimize a model with 1562 rows, 1639 columns and 7566 nonzeros
Model fingerprint: 0x505f345a
Variable types: 0 continuous, 1639 integer (1600 binary)
Coefficient statistics:
  Matrix range     [1e+00, 4e+01]
  Objective range  [2e+00, 1e+01]
  Bounds range     [1e+00, 4e+01]
  RHS range        [1e+00, 4e+01]
Presolve removed 0 rows and 40 columns
Presolve time: 0.01s
Presolved: 1562 rows, 1599 columns, 7566 nonzeros
Variable types: 0 continuous, 1599 integer (1560 binary)
Found heuristic solution: objective 264.0000000

Root relaxation: objective 9.733333e+01, 162 iterations, 0.00 seconds (0.00 work units)

    Nodes    |    Current Node    |     Objective Bounds      |     Work
 Expl Unexpl |  Obj  Depth IntInf | Incumbent    BestBd   Gap | It/Node Time

     0     0   97.33333    0   58  264.00000   97.33333  63.1%     -    0s
     0     0  107.00000    0  102  264.00000  107.00000  59.5%     -    0s
H    0     0                     130.0000000  107.00000  17.7%     -    0s
H    0     0                     123.0000000  107.00000  13.0%     -    0s
     0     0  107.00000    0  107  123.00000  107.00000  13.0%     -    0s
     0     0  107.00000    0   54  123.00000  107.00000  13.0%     -    0s
     0     0  107.00000    0   58  123.00000  107.00000  13.0%     -    0s
H    0     0                     114.0000000  107.00000  6.14%     -    0s
     0     0  107.00000    0   24  114.00000  107.00000  6.14%     -    0s
     0     0  107.00000    0   25  114.00000  107.00000  6.14%     -    0s
     0     0  107.02198    0   27  114.00000  107.02198  6.12%     -    0s
     0     0  107.02198    0   27  114.00000  107.02198  6.12%     -    0s
     0     0  107.33333    0   35  114.00000  107.33333  5.85%     -    0s
     0     0  107.33333    0   62  114.00000  107.33333  5.85%     -    0s
     0     0  107.33333    0   85  114.00000  107.33333  5.85%     -    0s
     0     0  107.33333    0   91  114.00000  107.33333  5.85%     -    0s
     0     0  107.33333    0   98  114.00000  107.33333  5.85%     -    0s
     0     0  108.00000    0  107  114.00000  108.00000  5.26%     -    1s
     0     0  108.00000    0   99  114.00000  108.00000  5.26%     -    1s
     0     0  108.00000    0   96  114.00000  108.00000  5.26%     -    1s
     0     0  108.00000    0   98  114.00000  108.00000  5.26%     -    1s
H    0     0                     109.0000000  108.00000  0.92%     -    1s
     0     0  108.00000    0   24  109.00000  108.00000  0.92%     -    1s
     0     0 infeasible    0       109.00000  109.00000  0.00%     -    1s

Explored 1 nodes (2169 simplex iterations) in 1.29 seconds (0.47 work units)
Thread count was 8 (of 8 available processors)

Solution count 5: 109 114 123 ... 264

Optimal solution found (tolerance 1.00e-04)
Best objective 1.090000000000e+02, best bound 1.090000000000e+02, gap 0.0000%

Gurobi 9.5.1 (win64, Java) logging started Wed May 25 15:53:15 2022

Set parameter Username
Academic license - for non-commercial use only - expires 2023-02-25
Gurobi Optimizer version 9.5.1 build v9.5.1rc2 (win64)
Thread count: 4 physical cores, 8 logical processors, using up to 8 threads
Optimize a model with 1562 rows, 1639 columns and 7566 nonzeros
Model fingerprint: 0x505f345a
Variable types: 0 continuous, 1639 integer (1600 binary)
Coefficient statistics:
  Matrix range     [1e+00, 4e+01]
  Objective range  [2e+00, 1e+01]
  Bounds range     [1e+00, 4e+01]
  RHS range        [1e+00, 4e+01]
Presolve removed 0 rows and 40 columns
Presolve time: 0.04s
Presolved: 1562 rows, 1599 columns, 7566 nonzeros
Variable types: 0 continuous, 1599 integer (1560 binary)
Found heuristic solution: objective 264.0000000

Root relaxation: objective 9.733333e+01, 162 iterations, 0.01 seconds (0.00 work units)

    Nodes    |    Current Node    |     Objective Bounds      |     Work
 Expl Unexpl |  Obj  Depth IntInf | Incumbent    BestBd   Gap | It/Node Time

     0     0   97.33333    0   58  264.00000   97.33333  63.1%     -    0s
     0     0  107.00000    0  102  264.00000  107.00000  59.5%     -    0s
H    0     0                     130.0000000  107.00000  17.7%     -    0s
H    0     0                     123.0000000  107.00000  13.0%     -    0s
     0     0  107.00000    0  107  123.00000  107.00000  13.0%     -    0s
     0     0  107.00000    0   54  123.00000  107.00000  13.0%     -    0s
     0     0  107.00000    0   58  123.00000  107.00000  13.0%     -    0s
H    0     0                     114.0000000  107.00000  6.14%     -    0s
     0     0  107.00000    0   24  114.00000  107.00000  6.14%     -    0s
     0     0  107.00000    0   25  114.00000  107.00000  6.14%     -    0s
     0     0  107.02198    0   27  114.00000  107.02198  6.12%     -    0s
     0     0  107.02198    0   27  114.00000  107.02198  6.12%     -    0s
     0     0  107.33333    0   35  114.00000  107.33333  5.85%     -    0s
     0     0  107.33333    0   62  114.00000  107.33333  5.85%     -    0s
     0     0  107.33333    0   85  114.00000  107.33333  5.85%     -    0s
     0     0  107.33333    0   91  114.00000  107.33333  5.85%     -    0s
     0     0  107.33333    0   98  114.00000  107.33333  5.85%     -    0s
     0     0  108.00000    0  107  114.00000  108.00000  5.26%     -    1s
     0     0  108.00000    0   99  114.00000  108.00000  5.26%     -    1s
     0     0  108.00000    0   96  114.00000  108.00000  5.26%     -    1s
     0     0  108.00000    0   98  114.00000  108.00000  5.26%     -    1s
H    0     0                     109.0000000  108.00000  0.92%     -    1s
     0     0  108.00000    0   24  109.00000  108.00000  0.92%     -    1s
     0     0 infeasible    0       109.00000  109.00000  0.00%     -    1s

Explored 1 nodes (2169 simplex iterations) in 1.21 seconds (0.47 work units)
Thread count was 8 (of 8 available processors)

Solution count 5: 109 114 123 ... 264

Optimal solution found (tolerance 1.00e-04)
Best objective 1.090000000000e+02, best bound 1.090000000000e+02, gap 0.0000%

Gurobi 9.5.1 (win64, Java) logging started Wed May 25 15:53:53 2022

Set parameter Username
Academic license - for non-commercial use only - expires 2023-02-25
Gurobi Optimizer version 9.5.1 build v9.5.1rc2 (win64)
Thread count: 4 physical cores, 8 logical processors, using up to 8 threads
Optimize a model with 1562 rows, 1639 columns and 7566 nonzeros
Model fingerprint: 0x505f345a
Variable types: 0 continuous, 1639 integer (1600 binary)
Coefficient statistics:
  Matrix range     [1e+00, 4e+01]
  Objective range  [2e+00, 1e+01]
  Bounds range     [1e+00, 4e+01]
  RHS range        [1e+00, 4e+01]
Presolve removed 0 rows and 40 columns
Presolve time: 0.01s
Presolved: 1562 rows, 1599 columns, 7566 nonzeros
Variable types: 0 continuous, 1599 integer (1560 binary)
Found heuristic solution: objective 264.0000000

Root relaxation: objective 9.733333e+01, 162 iterations, 0.00 seconds (0.00 work units)

    Nodes    |    Current Node    |     Objective Bounds      |     Work
 Expl Unexpl |  Obj  Depth IntInf | Incumbent    BestBd   Gap | It/Node Time

     0     0   97.33333    0   58  264.00000   97.33333  63.1%     -    0s
     0     0  107.00000    0  102  264.00000  107.00000  59.5%     -    0s
H    0     0                     130.0000000  107.00000  17.7%     -    0s
H    0     0                     123.0000000  107.00000  13.0%     -    0s
     0     0  107.00000    0  107  123.00000  107.00000  13.0%     -    0s
     0     0  107.00000    0   54  123.00000  107.00000  13.0%     -    0s
     0     0  107.00000    0   58  123.00000  107.00000  13.0%     -    0s
H    0     0                     114.0000000  107.00000  6.14%     -    0s
     0     0  107.00000    0   24  114.00000  107.00000  6.14%     -    0s
     0     0  107.00000    0   25  114.00000  107.00000  6.14%     -    0s
     0     0  107.02198    0   27  114.00000  107.02198  6.12%     -    0s
     0     0  107.02198    0   27  114.00000  107.02198  6.12%     -    0s
     0     0  107.33333    0   35  114.00000  107.33333  5.85%     -    0s
     0     0  107.33333    0   62  114.00000  107.33333  5.85%     -    0s
     0     0  107.33333    0   85  114.00000  107.33333  5.85%     -    0s
     0     0  107.33333    0   91  114.00000  107.33333  5.85%     -    0s
     0     0  107.33333    0   98  114.00000  107.33333  5.85%     -    0s
     0     0  108.00000    0  107  114.00000  108.00000  5.26%     -    0s
     0     0  108.00000    0   99  114.00000  108.00000  5.26%     -    0s
     0     0  108.00000    0   96  114.00000  108.00000  5.26%     -    0s
     0     0  108.00000    0   98  114.00000  108.00000  5.26%     -    1s
H    0     0                     109.0000000  108.00000  0.92%     -    1s
     0     0  108.00000    0   24  109.00000  108.00000  0.92%     -    1s
     0     0 infeasible    0       109.00000  109.00000  0.00%     -    1s

Explored 1 nodes (2169 simplex iterations) in 1.12 seconds (0.47 work units)
Thread count was 8 (of 8 available processors)

Solution count 5: 109 114 123 ... 264

Optimal solution found (tolerance 1.00e-04)
Best objective 1.090000000000e+02, best bound 1.090000000000e+02, gap 0.0000%

Gurobi 9.5.1 (win64, Java) logging started Wed May 25 15:54:35 2022

Set parameter Username
Academic license - for non-commercial use only - expires 2023-02-25
Gurobi Optimizer version 9.5.1 build v9.5.1rc2 (win64)
Thread count: 4 physical cores, 8 logical processors, using up to 8 threads
Optimize a model with 1562 rows, 1639 columns and 7566 nonzeros
Model fingerprint: 0x505f345a
Variable types: 0 continuous, 1639 integer (1600 binary)
Coefficient statistics:
  Matrix range     [1e+00, 4e+01]
  Objective range  [2e+00, 1e+01]
  Bounds range     [1e+00, 4e+01]
  RHS range        [1e+00, 4e+01]
Presolve removed 0 rows and 40 columns
Presolve time: 0.01s
Presolved: 1562 rows, 1599 columns, 7566 nonzeros
Variable types: 0 continuous, 1599 integer (1560 binary)
Found heuristic solution: objective 264.0000000

Root relaxation: objective 9.733333e+01, 162 iterations, 0.00 seconds (0.00 work units)

    Nodes    |    Current Node    |     Objective Bounds      |     Work
 Expl Unexpl |  Obj  Depth IntInf | Incumbent    BestBd   Gap | It/Node Time

     0     0   97.33333    0   58  264.00000   97.33333  63.1%     -    0s
     0     0  107.00000    0  102  264.00000  107.00000  59.5%     -    0s
H    0     0                     130.0000000  107.00000  17.7%     -    0s
H    0     0                     123.0000000  107.00000  13.0%     -    0s
     0     0  107.00000    0  107  123.00000  107.00000  13.0%     -    0s
     0     0  107.00000    0   54  123.00000  107.00000  13.0%     -    0s
     0     0  107.00000    0   58  123.00000  107.00000  13.0%     -    0s
H    0     0                     114.0000000  107.00000  6.14%     -    0s
     0     0  107.00000    0   24  114.00000  107.00000  6.14%     -    0s
     0     0  107.00000    0   25  114.00000  107.00000  6.14%     -    0s
     0     0  107.02198    0   27  114.00000  107.02198  6.12%     -    0s
     0     0  107.02198    0   27  114.00000  107.02198  6.12%     -    0s
     0     0  107.33333    0   35  114.00000  107.33333  5.85%     -    0s
     0     0  107.33333    0   62  114.00000  107.33333  5.85%     -    0s
     0     0  107.33333    0   85  114.00000  107.33333  5.85%     -    0s
     0     0  107.33333    0   91  114.00000  107.33333  5.85%     -    0s
     0     0  107.33333    0   98  114.00000  107.33333  5.85%     -    0s
     0     0  108.00000    0  107  114.00000  108.00000  5.26%     -    1s
     0     0  108.00000    0   99  114.00000  108.00000  5.26%     -    1s
     0     0  108.00000    0   96  114.00000  108.00000  5.26%     -    1s
     0     0  108.00000    0   98  114.00000  108.00000  5.26%     -    1s
H    0     0                     109.0000000  108.00000  0.92%     -    1s
     0     0  108.00000    0   24  109.00000  108.00000  0.92%     -    1s
     0     0 infeasible    0       109.00000  109.00000  0.00%     -    1s

Explored 1 nodes (2169 simplex iterations) in 1.19 seconds (0.47 work units)
Thread count was 8 (of 8 available processors)

Solution count 5: 109 114 123 ... 264

Optimal solution found (tolerance 1.00e-04)
Best objective 1.090000000000e+02, best bound 1.090000000000e+02, gap 0.0000%

Gurobi 9.5.1 (win64, Java) logging started Wed May 25 15:56:35 2022

Set parameter Username
Academic license - for non-commercial use only - expires 2023-02-25
Gurobi Optimizer version 9.5.1 build v9.5.1rc2 (win64)
Thread count: 4 physical cores, 8 logical processors, using up to 8 threads
Optimize a model with 1562 rows, 1639 columns and 7566 nonzeros
Model fingerprint: 0x505f345a
Variable types: 0 continuous, 1639 integer (1600 binary)
Coefficient statistics:
  Matrix range     [1e+00, 4e+01]
  Objective range  [2e+00, 1e+01]
  Bounds range     [1e+00, 4e+01]
  RHS range        [1e+00, 4e+01]
Presolve removed 0 rows and 40 columns
Presolve time: 0.01s
Presolved: 1562 rows, 1599 columns, 7566 nonzeros
Variable types: 0 continuous, 1599 integer (1560 binary)
Found heuristic solution: objective 264.0000000

Root relaxation: objective 9.733333e+01, 162 iterations, 0.00 seconds (0.00 work units)

    Nodes    |    Current Node    |     Objective Bounds      |     Work
 Expl Unexpl |  Obj  Depth IntInf | Incumbent    BestBd   Gap | It/Node Time

     0     0   97.33333    0   58  264.00000   97.33333  63.1%     -    0s
     0     0  107.00000    0  102  264.00000  107.00000  59.5%     -    0s
H    0     0                     130.0000000  107.00000  17.7%     -    0s
H    0     0                     123.0000000  107.00000  13.0%     -    0s
     0     0  107.00000    0  107  123.00000  107.00000  13.0%     -    0s
     0     0  107.00000    0   54  123.00000  107.00000  13.0%     -    0s
     0     0  107.00000    0   58  123.00000  107.00000  13.0%     -    0s
H    0     0                     114.0000000  107.00000  6.14%     -    0s
     0     0  107.00000    0   24  114.00000  107.00000  6.14%     -    0s
     0     0  107.00000    0   25  114.00000  107.00000  6.14%     -    0s
     0     0  107.02198    0   27  114.00000  107.02198  6.12%     -    0s
     0     0  107.02198    0   27  114.00000  107.02198  6.12%     -    0s
     0     0  107.33333    0   35  114.00000  107.33333  5.85%     -    0s
     0     0  107.33333    0   62  114.00000  107.33333  5.85%     -    0s
     0     0  107.33333    0   85  114.00000  107.33333  5.85%     -    0s
     0     0  107.33333    0   91  114.00000  107.33333  5.85%     -    0s
     0     0  107.33333    0   98  114.00000  107.33333  5.85%     -    0s
     0     0  108.00000    0  107  114.00000  108.00000  5.26%     -    0s
     0     0  108.00000    0   99  114.00000  108.00000  5.26%     -    1s
     0     0  108.00000    0   96  114.00000  108.00000  5.26%     -    1s
     0     0  108.00000    0   98  114.00000  108.00000  5.26%     -    1s
H    0     0                     109.0000000  108.00000  0.92%     -    1s
     0     0  108.00000    0   24  109.00000  108.00000  0.92%     -    1s
     0     0 infeasible    0       109.00000  109.00000  0.00%     -    1s

Explored 1 nodes (2169 simplex iterations) in 1.17 seconds (0.47 work units)
Thread count was 8 (of 8 available processors)

Solution count 5: 109 114 123 ... 264

Optimal solution found (tolerance 1.00e-04)
Best objective 1.090000000000e+02, best bound 1.090000000000e+02, gap 0.0000%

Gurobi 9.5.1 (win64, Java) logging started Wed May 25 15:57:37 2022

Set parameter Username
Academic license - for non-commercial use only - expires 2023-02-25
Gurobi Optimizer version 9.5.1 build v9.5.1rc2 (win64)
Thread count: 4 physical cores, 8 logical processors, using up to 8 threads
Optimize a model with 1562 rows, 1639 columns and 7566 nonzeros
Model fingerprint: 0x505f345a
Variable types: 0 continuous, 1639 integer (1600 binary)
Coefficient statistics:
  Matrix range     [1e+00, 4e+01]
  Objective range  [2e+00, 1e+01]
  Bounds range     [1e+00, 4e+01]
  RHS range        [1e+00, 4e+01]
Presolve removed 0 rows and 40 columns
Presolve time: 0.01s
Presolved: 1562 rows, 1599 columns, 7566 nonzeros
Variable types: 0 continuous, 1599 integer (1560 binary)
Found heuristic solution: objective 264.0000000

Root relaxation: objective 9.733333e+01, 162 iterations, 0.00 seconds (0.00 work units)

    Nodes    |    Current Node    |     Objective Bounds      |     Work
 Expl Unexpl |  Obj  Depth IntInf | Incumbent    BestBd   Gap | It/Node Time

     0     0   97.33333    0   58  264.00000   97.33333  63.1%     -    0s
     0     0  107.00000    0  102  264.00000  107.00000  59.5%     -    0s
H    0     0                     130.0000000  107.00000  17.7%     -    0s
H    0     0                     123.0000000  107.00000  13.0%     -    0s
     0     0  107.00000    0  107  123.00000  107.00000  13.0%     -    0s
     0     0  107.00000    0   54  123.00000  107.00000  13.0%     -    0s
     0     0  107.00000    0   58  123.00000  107.00000  13.0%     -    0s
H    0     0                     114.0000000  107.00000  6.14%     -    0s
     0     0  107.00000    0   24  114.00000  107.00000  6.14%     -    0s
     0     0  107.00000    0   25  114.00000  107.00000  6.14%     -    0s
     0     0  107.02198    0   27  114.00000  107.02198  6.12%     -    0s
     0     0  107.02198    0   27  114.00000  107.02198  6.12%     -    0s
     0     0  107.33333    0   35  114.00000  107.33333  5.85%     -    0s
     0     0  107.33333    0   62  114.00000  107.33333  5.85%     -    0s
     0     0  107.33333    0   85  114.00000  107.33333  5.85%     -    0s
     0     0  107.33333    0   91  114.00000  107.33333  5.85%     -    0s
     0     0  107.33333    0   98  114.00000  107.33333  5.85%     -    0s
     0     0  108.00000    0  107  114.00000  108.00000  5.26%     -    1s
     0     0  108.00000    0   99  114.00000  108.00000  5.26%     -    1s
     0     0  108.00000    0   96  114.00000  108.00000  5.26%     -    1s
     0     0  108.00000    0   98  114.00000  108.00000  5.26%     -    1s
H    0     0                     109.0000000  108.00000  0.92%     -    1s
     0     0  108.00000    0   24  109.00000  108.00000  0.92%     -    1s
     0     0 infeasible    0       109.00000  109.00000  0.00%     -    1s

Explored 1 nodes (2169 simplex iterations) in 1.21 seconds (0.47 work units)
Thread count was 8 (of 8 available processors)

Solution count 5: 109 114 123 ... 264

Optimal solution found (tolerance 1.00e-04)
Best objective 1.090000000000e+02, best bound 1.090000000000e+02, gap 0.0000%

Gurobi 9.5.1 (win64, Java) logging started Wed May 25 15:58:01 2022

Set parameter Username
Academic license - for non-commercial use only - expires 2023-02-25
Gurobi Optimizer version 9.5.1 build v9.5.1rc2 (win64)
Thread count: 4 physical cores, 8 logical processors, using up to 8 threads
Optimize a model with 1562 rows, 1639 columns and 7566 nonzeros
Model fingerprint: 0x505f345a
Variable types: 0 continuous, 1639 integer (1600 binary)
Coefficient statistics:
  Matrix range     [1e+00, 4e+01]
  Objective range  [2e+00, 1e+01]
  Bounds range     [1e+00, 4e+01]
  RHS range        [1e+00, 4e+01]
Presolve removed 0 rows and 40 columns
Presolve time: 0.01s
Presolved: 1562 rows, 1599 columns, 7566 nonzeros
Variable types: 0 continuous, 1599 integer (1560 binary)
Found heuristic solution: objective 264.0000000

Root relaxation: objective 9.733333e+01, 162 iterations, 0.00 seconds (0.00 work units)

    Nodes    |    Current Node    |     Objective Bounds      |     Work
 Expl Unexpl |  Obj  Depth IntInf | Incumbent    BestBd   Gap | It/Node Time

     0     0   97.33333    0   58  264.00000   97.33333  63.1%     -    0s
     0     0  107.00000    0  102  264.00000  107.00000  59.5%     -    0s
H    0     0                     130.0000000  107.00000  17.7%     -    0s
H    0     0                     123.0000000  107.00000  13.0%     -    0s
     0     0  107.00000    0  107  123.00000  107.00000  13.0%     -    0s
     0     0  107.00000    0   54  123.00000  107.00000  13.0%     -    0s
     0     0  107.00000    0   58  123.00000  107.00000  13.0%     -    0s
H    0     0                     114.0000000  107.00000  6.14%     -    0s
     0     0  107.00000    0   24  114.00000  107.00000  6.14%     -    0s
     0     0  107.00000    0   25  114.00000  107.00000  6.14%     -    0s
     0     0  107.02198    0   27  114.00000  107.02198  6.12%     -    0s
     0     0  107.02198    0   27  114.00000  107.02198  6.12%     -    0s
     0     0  107.33333    0   35  114.00000  107.33333  5.85%     -    0s
     0     0  107.33333    0   62  114.00000  107.33333  5.85%     -    0s
     0     0  107.33333    0   85  114.00000  107.33333  5.85%     -    0s
     0     0  107.33333    0   91  114.00000  107.33333  5.85%     -    0s
     0     0  107.33333    0   98  114.00000  107.33333  5.85%     -    0s
     0     0  108.00000    0  107  114.00000  108.00000  5.26%     -    0s
     0     0  108.00000    0   99  114.00000  108.00000  5.26%     -    0s
     0     0  108.00000    0   96  114.00000  108.00000  5.26%     -    1s
     0     0  108.00000    0   98  114.00000  108.00000  5.26%     -    1s
H    0     0                     109.0000000  108.00000  0.92%     -    1s
     0     0  108.00000    0   24  109.00000  108.00000  0.92%     -    1s
     0     0 infeasible    0       109.00000  109.00000  0.00%     -    1s

Explored 1 nodes (2169 simplex iterations) in 1.18 seconds (0.47 work units)
Thread count was 8 (of 8 available processors)

Solution count 5: 109 114 123 ... 264

Optimal solution found (tolerance 1.00e-04)
Best objective 1.090000000000e+02, best bound 1.090000000000e+02, gap 0.0000%

Gurobi 9.5.1 (win64, Java) logging started Wed May 25 15:59:16 2022

Set parameter Username
Academic license - for non-commercial use only - expires 2023-02-25
Gurobi Optimizer version 9.5.1 build v9.5.1rc2 (win64)
Thread count: 4 physical cores, 8 logical processors, using up to 8 threads
Optimize a model with 1562 rows, 1639 columns and 7566 nonzeros
Model fingerprint: 0x505f345a
Variable types: 0 continuous, 1639 integer (1600 binary)
Coefficient statistics:
  Matrix range     [1e+00, 4e+01]
  Objective range  [2e+00, 1e+01]
  Bounds range     [1e+00, 4e+01]
  RHS range        [1e+00, 4e+01]
Presolve removed 0 rows and 40 columns
Presolve time: 0.02s
Presolved: 1562 rows, 1599 columns, 7566 nonzeros
Variable types: 0 continuous, 1599 integer (1560 binary)
Found heuristic solution: objective 264.0000000

Root relaxation: objective 9.733333e+01, 162 iterations, 0.00 seconds (0.00 work units)

    Nodes    |    Current Node    |     Objective Bounds      |     Work
 Expl Unexpl |  Obj  Depth IntInf | Incumbent    BestBd   Gap | It/Node Time

     0     0   97.33333    0   58  264.00000   97.33333  63.1%     -    0s
     0     0  107.00000    0  102  264.00000  107.00000  59.5%     -    0s
H    0     0                     130.0000000  107.00000  17.7%     -    0s
H    0     0                     123.0000000  107.00000  13.0%     -    0s
     0     0  107.00000    0  107  123.00000  107.00000  13.0%     -    0s
     0     0  107.00000    0   54  123.00000  107.00000  13.0%     -    0s
     0     0  107.00000    0   58  123.00000  107.00000  13.0%     -    0s
H    0     0                     114.0000000  107.00000  6.14%     -    0s
     0     0  107.00000    0   24  114.00000  107.00000  6.14%     -    0s
     0     0  107.00000    0   25  114.00000  107.00000  6.14%     -    0s
     0     0  107.02198    0   27  114.00000  107.02198  6.12%     -    0s
     0     0  107.02198    0   27  114.00000  107.02198  6.12%     -    0s
     0     0  107.33333    0   35  114.00000  107.33333  5.85%     -    0s
     0     0  107.33333    0   62  114.00000  107.33333  5.85%     -    0s
     0     0  107.33333    0   85  114.00000  107.33333  5.85%     -    0s
     0     0  107.33333    0   91  114.00000  107.33333  5.85%     -    0s
     0     0  107.33333    0   98  114.00000  107.33333  5.85%     -    0s
     0     0  108.00000    0  107  114.00000  108.00000  5.26%     -    0s
     0     0  108.00000    0   99  114.00000  108.00000  5.26%     -    0s
     0     0  108.00000    0   96  114.00000  108.00000  5.26%     -    1s
     0     0  108.00000    0   98  114.00000  108.00000  5.26%     -    1s
H    0     0                     109.0000000  108.00000  0.92%     -    1s
     0     0  108.00000    0   24  109.00000  108.00000  0.92%     -    1s
     0     0 infeasible    0       109.00000  109.00000  0.00%     -    1s

Explored 1 nodes (2169 simplex iterations) in 1.20 seconds (0.47 work units)
Thread count was 8 (of 8 available processors)

Solution count 5: 109 114 123 ... 264

Optimal solution found (tolerance 1.00e-04)
Best objective 1.090000000000e+02, best bound 1.090000000000e+02, gap 0.0000%

Gurobi 9.5.1 (win64, Java) logging started Wed May 25 16:11:25 2022

Set parameter Username
Academic license - for non-commercial use only - expires 2023-02-25
Gurobi Optimizer version 9.5.1 build v9.5.1rc2 (win64)
Thread count: 4 physical cores, 8 logical processors, using up to 8 threads
Optimize a model with 1562 rows, 1639 columns and 7566 nonzeros
Model fingerprint: 0x505f345a
Variable types: 0 continuous, 1639 integer (1600 binary)
Coefficient statistics:
  Matrix range     [1e+00, 4e+01]
  Objective range  [2e+00, 1e+01]
  Bounds range     [1e+00, 4e+01]
  RHS range        [1e+00, 4e+01]
Presolve removed 0 rows and 40 columns
Presolve time: 0.01s
Presolved: 1562 rows, 1599 columns, 7566 nonzeros
Variable types: 0 continuous, 1599 integer (1560 binary)
Found heuristic solution: objective 264.0000000

Root relaxation: objective 9.733333e+01, 162 iterations, 0.00 seconds (0.00 work units)

    Nodes    |    Current Node    |     Objective Bounds      |     Work
 Expl Unexpl |  Obj  Depth IntInf | Incumbent    BestBd   Gap | It/Node Time

     0     0   97.33333    0   58  264.00000   97.33333  63.1%     -    0s
     0     0  107.00000    0  102  264.00000  107.00000  59.5%     -    0s
H    0     0                     130.0000000  107.00000  17.7%     -    0s
H    0     0                     123.0000000  107.00000  13.0%     -    0s
     0     0  107.00000    0  107  123.00000  107.00000  13.0%     -    0s
     0     0  107.00000    0   54  123.00000  107.00000  13.0%     -    0s
     0     0  107.00000    0   58  123.00000  107.00000  13.0%     -    0s
H    0     0                     114.0000000  107.00000  6.14%     -    0s
     0     0  107.00000    0   24  114.00000  107.00000  6.14%     -    0s
     0     0  107.00000    0   25  114.00000  107.00000  6.14%     -    0s
     0     0  107.02198    0   27  114.00000  107.02198  6.12%     -    0s
     0     0  107.02198    0   27  114.00000  107.02198  6.12%     -    0s
     0     0  107.33333    0   35  114.00000  107.33333  5.85%     -    0s
     0     0  107.33333    0   62  114.00000  107.33333  5.85%     -    0s
     0     0  107.33333    0   85  114.00000  107.33333  5.85%     -    0s
     0     0  107.33333    0   91  114.00000  107.33333  5.85%     -    0s
     0     0  107.33333    0   98  114.00000  107.33333  5.85%     -    0s
     0     0  108.00000    0  107  114.00000  108.00000  5.26%     -    0s
     0     0  108.00000    0   99  114.00000  108.00000  5.26%     -    0s
     0     0  108.00000    0   96  114.00000  108.00000  5.26%     -    1s
     0     0  108.00000    0   98  114.00000  108.00000  5.26%     -    1s
H    0     0                     109.0000000  108.00000  0.92%     -    1s
     0     0  108.00000    0   24  109.00000  108.00000  0.92%     -    1s
     0     0 infeasible    0       109.00000  109.00000  0.00%     -    1s

Explored 1 nodes (2169 simplex iterations) in 1.18 seconds (0.47 work units)
Thread count was 8 (of 8 available processors)

Solution count 5: 109 114 123 ... 264

Optimal solution found (tolerance 1.00e-04)
Best objective 1.090000000000e+02, best bound 1.090000000000e+02, gap 0.0000%

Gurobi 9.5.1 (win64, Java) logging started Wed May 25 16:15:30 2022

Set parameter Username
Academic license - for non-commercial use only - expires 2023-02-25
Gurobi Optimizer version 9.5.1 build v9.5.1rc2 (win64)
Thread count: 4 physical cores, 8 logical processors, using up to 8 threads
Optimize a model with 1562 rows, 1639 columns and 7566 nonzeros
Model fingerprint: 0x505f345a
Variable types: 0 continuous, 1639 integer (1600 binary)
Coefficient statistics:
  Matrix range     [1e+00, 4e+01]
  Objective range  [2e+00, 1e+01]
  Bounds range     [1e+00, 4e+01]
  RHS range        [1e+00, 4e+01]
Presolve removed 0 rows and 40 columns
Presolve time: 0.01s
Presolved: 1562 rows, 1599 columns, 7566 nonzeros
Variable types: 0 continuous, 1599 integer (1560 binary)
Found heuristic solution: objective 264.0000000

Root relaxation: objective 9.733333e+01, 162 iterations, 0.00 seconds (0.00 work units)

    Nodes    |    Current Node    |     Objective Bounds      |     Work
 Expl Unexpl |  Obj  Depth IntInf | Incumbent    BestBd   Gap | It/Node Time

     0     0   97.33333    0   58  264.00000   97.33333  63.1%     -    0s
     0     0  107.00000    0  102  264.00000  107.00000  59.5%     -    0s
H    0     0                     130.0000000  107.00000  17.7%     -    0s
H    0     0                     123.0000000  107.00000  13.0%     -    0s
     0     0  107.00000    0  107  123.00000  107.00000  13.0%     -    0s
     0     0  107.00000    0   54  123.00000  107.00000  13.0%     -    0s
     0     0  107.00000    0   58  123.00000  107.00000  13.0%     -    0s
H    0     0                     114.0000000  107.00000  6.14%     -    0s
     0     0  107.00000    0   24  114.00000  107.00000  6.14%     -    0s
     0     0  107.00000    0   25  114.00000  107.00000  6.14%     -    0s
     0     0  107.02198    0   27  114.00000  107.02198  6.12%     -    0s
     0     0  107.02198    0   27  114.00000  107.02198  6.12%     -    0s
     0     0  107.33333    0   35  114.00000  107.33333  5.85%     -    0s
     0     0  107.33333    0   62  114.00000  107.33333  5.85%     -    0s
     0     0  107.33333    0   85  114.00000  107.33333  5.85%     -    0s
     0     0  107.33333    0   91  114.00000  107.33333  5.85%     -    0s
     0     0  107.33333    0   98  114.00000  107.33333  5.85%     -    0s
     0     0  108.00000    0  107  114.00000  108.00000  5.26%     -    0s
     0     0  108.00000    0   99  114.00000  108.00000  5.26%     -    0s
     0     0  108.00000    0   96  114.00000  108.00000  5.26%     -    0s
     0     0  108.00000    0   98  114.00000  108.00000  5.26%     -    0s
H    0     0                     109.0000000  108.00000  0.92%     -    1s
     0     0  108.00000    0   24  109.00000  108.00000  0.92%     -    1s
     0     0 infeasible    0       109.00000  109.00000  0.00%     -    1s

Explored 1 nodes (2169 simplex iterations) in 1.07 seconds (0.47 work units)
Thread count was 8 (of 8 available processors)

Solution count 5: 109 114 123 ... 264

Optimal solution found (tolerance 1.00e-04)
Best objective 1.090000000000e+02, best bound 1.090000000000e+02, gap 0.0000%

Gurobi 9.5.1 (win64, Java) logging started Wed May 25 16:18:54 2022

Set parameter Username
Academic license - for non-commercial use only - expires 2023-02-25
Gurobi Optimizer version 9.5.1 build v9.5.1rc2 (win64)
Thread count: 4 physical cores, 8 logical processors, using up to 8 threads
Optimize a model with 1562 rows, 1639 columns and 7566 nonzeros
Model fingerprint: 0x505f345a
Variable types: 0 continuous, 1639 integer (1600 binary)
Coefficient statistics:
  Matrix range     [1e+00, 4e+01]
  Objective range  [2e+00, 1e+01]
  Bounds range     [1e+00, 4e+01]
  RHS range        [1e+00, 4e+01]
Presolve removed 0 rows and 40 columns
Presolve time: 0.01s
Presolved: 1562 rows, 1599 columns, 7566 nonzeros
Variable types: 0 continuous, 1599 integer (1560 binary)
Found heuristic solution: objective 264.0000000

Root relaxation: objective 9.733333e+01, 162 iterations, 0.00 seconds (0.00 work units)

    Nodes    |    Current Node    |     Objective Bounds      |     Work
 Expl Unexpl |  Obj  Depth IntInf | Incumbent    BestBd   Gap | It/Node Time

     0     0   97.33333    0   58  264.00000   97.33333  63.1%     -    0s
     0     0  107.00000    0  102  264.00000  107.00000  59.5%     -    0s
H    0     0                     130.0000000  107.00000  17.7%     -    0s
H    0     0                     123.0000000  107.00000  13.0%     -    0s
     0     0  107.00000    0  107  123.00000  107.00000  13.0%     -    0s
     0     0  107.00000    0   54  123.00000  107.00000  13.0%     -    0s
     0     0  107.00000    0   58  123.00000  107.00000  13.0%     -    0s
H    0     0                     114.0000000  107.00000  6.14%     -    0s
     0     0  107.00000    0   24  114.00000  107.00000  6.14%     -    0s
     0     0  107.00000    0   25  114.00000  107.00000  6.14%     -    0s
     0     0  107.02198    0   27  114.00000  107.02198  6.12%     -    0s
     0     0  107.02198    0   27  114.00000  107.02198  6.12%     -    0s
     0     0  107.33333    0   35  114.00000  107.33333  5.85%     -    0s
     0     0  107.33333    0   62  114.00000  107.33333  5.85%     -    0s
     0     0  107.33333    0   85  114.00000  107.33333  5.85%     -    0s
     0     0  107.33333    0   91  114.00000  107.33333  5.85%     -    0s
     0     0  107.33333    0   98  114.00000  107.33333  5.85%     -    0s
     0     0  108.00000    0  107  114.00000  108.00000  5.26%     -    0s
     0     0  108.00000    0   99  114.00000  108.00000  5.26%     -    0s
     0     0  108.00000    0   96  114.00000  108.00000  5.26%     -    1s
     0     0  108.00000    0   98  114.00000  108.00000  5.26%     -    1s
H    0     0                     109.0000000  108.00000  0.92%     -    1s
     0     0  108.00000    0   24  109.00000  108.00000  0.92%     -    1s
     0     0 infeasible    0       109.00000  109.00000  0.00%     -    1s

Explored 1 nodes (2169 simplex iterations) in 1.13 seconds (0.47 work units)
Thread count was 8 (of 8 available processors)

Solution count 5: 109 114 123 ... 264

Optimal solution found (tolerance 1.00e-04)
Best objective 1.090000000000e+02, best bound 1.090000000000e+02, gap 0.0000%

Gurobi 9.5.1 (win64, Java) logging started Wed May 25 16:24:14 2022

Set parameter Username
Academic license - for non-commercial use only - expires 2023-02-25
Gurobi Optimizer version 9.5.1 build v9.5.1rc2 (win64)
Thread count: 4 physical cores, 8 logical processors, using up to 8 threads
Optimize a model with 1562 rows, 1639 columns and 7566 nonzeros
Model fingerprint: 0x505f345a
Variable types: 0 continuous, 1639 integer (1600 binary)
Coefficient statistics:
  Matrix range     [1e+00, 4e+01]
  Objective range  [2e+00, 1e+01]
  Bounds range     [1e+00, 4e+01]
  RHS range        [1e+00, 4e+01]
Presolve removed 0 rows and 40 columns
Presolve time: 0.01s
Presolved: 1562 rows, 1599 columns, 7566 nonzeros
Variable types: 0 continuous, 1599 integer (1560 binary)
Found heuristic solution: objective 264.0000000

Root relaxation: objective 9.733333e+01, 162 iterations, 0.00 seconds (0.00 work units)

    Nodes    |    Current Node    |     Objective Bounds      |     Work
 Expl Unexpl |  Obj  Depth IntInf | Incumbent    BestBd   Gap | It/Node Time

     0     0   97.33333    0   58  264.00000   97.33333  63.1%     -    0s
     0     0  107.00000    0  102  264.00000  107.00000  59.5%     -    0s
H    0     0                     130.0000000  107.00000  17.7%     -    0s
H    0     0                     123.0000000  107.00000  13.0%     -    0s
     0     0  107.00000    0  107  123.00000  107.00000  13.0%     -    0s
     0     0  107.00000    0   54  123.00000  107.00000  13.0%     -    0s
     0     0  107.00000    0   58  123.00000  107.00000  13.0%     -    0s
H    0     0                     114.0000000  107.00000  6.14%     -    0s
     0     0  107.00000    0   24  114.00000  107.00000  6.14%     -    0s
     0     0  107.00000    0   25  114.00000  107.00000  6.14%     -    0s
     0     0  107.02198    0   27  114.00000  107.02198  6.12%     -    0s
     0     0  107.02198    0   27  114.00000  107.02198  6.12%     -    0s
     0     0  107.33333    0   35  114.00000  107.33333  5.85%     -    0s
     0     0  107.33333    0   62  114.00000  107.33333  5.85%     -    0s
     0     0  107.33333    0   85  114.00000  107.33333  5.85%     -    0s
     0     0  107.33333    0   91  114.00000  107.33333  5.85%     -    0s
     0     0  107.33333    0   98  114.00000  107.33333  5.85%     -    0s
     0     0  108.00000    0  107  114.00000  108.00000  5.26%     -    0s
     0     0  108.00000    0   99  114.00000  108.00000  5.26%     -    0s
     0     0  108.00000    0   96  114.00000  108.00000  5.26%     -    0s
     0     0  108.00000    0   98  114.00000  108.00000  5.26%     -    1s
H    0     0                     109.0000000  108.00000  0.92%     -    1s
     0     0  108.00000    0   24  109.00000  108.00000  0.92%     -    1s
     0     0 infeasible    0       109.00000  109.00000  0.00%     -    1s

Explored 1 nodes (2169 simplex iterations) in 1.11 seconds (0.47 work units)
Thread count was 8 (of 8 available processors)

Solution count 5: 109 114 123 ... 264

Optimal solution found (tolerance 1.00e-04)
Best objective 1.090000000000e+02, best bound 1.090000000000e+02, gap 0.0000%

Gurobi 9.5.1 (win64, Java) logging started Wed May 25 16:24:36 2022

Set parameter Username
Academic license - for non-commercial use only - expires 2023-02-25
Gurobi Optimizer version 9.5.1 build v9.5.1rc2 (win64)
Thread count: 4 physical cores, 8 logical processors, using up to 8 threads
Optimize a model with 1562 rows, 1639 columns and 7566 nonzeros
Model fingerprint: 0x505f345a
Variable types: 0 continuous, 1639 integer (1600 binary)
Coefficient statistics:
  Matrix range     [1e+00, 4e+01]
  Objective range  [2e+00, 1e+01]
  Bounds range     [1e+00, 4e+01]
  RHS range        [1e+00, 4e+01]
Presolve removed 0 rows and 40 columns
Presolve time: 0.01s
Presolved: 1562 rows, 1599 columns, 7566 nonzeros
Variable types: 0 continuous, 1599 integer (1560 binary)
Found heuristic solution: objective 264.0000000

Root relaxation: objective 9.733333e+01, 162 iterations, 0.00 seconds (0.00 work units)

    Nodes    |    Current Node    |     Objective Bounds      |     Work
 Expl Unexpl |  Obj  Depth IntInf | Incumbent    BestBd   Gap | It/Node Time

     0     0   97.33333    0   58  264.00000   97.33333  63.1%     -    0s
     0     0  107.00000    0  102  264.00000  107.00000  59.5%     -    0s
H    0     0                     130.0000000  107.00000  17.7%     -    0s
H    0     0                     123.0000000  107.00000  13.0%     -    0s
     0     0  107.00000    0  107  123.00000  107.00000  13.0%     -    0s
     0     0  107.00000    0   54  123.00000  107.00000  13.0%     -    0s
     0     0  107.00000    0   58  123.00000  107.00000  13.0%     -    0s
H    0     0                     114.0000000  107.00000  6.14%     -    0s
     0     0  107.00000    0   24  114.00000  107.00000  6.14%     -    0s
     0     0  107.00000    0   25  114.00000  107.00000  6.14%     -    0s
     0     0  107.02198    0   27  114.00000  107.02198  6.12%     -    0s
     0     0  107.02198    0   27  114.00000  107.02198  6.12%     -    0s
     0     0  107.33333    0   35  114.00000  107.33333  5.85%     -    0s
     0     0  107.33333    0   62  114.00000  107.33333  5.85%     -    0s
     0     0  107.33333    0   85  114.00000  107.33333  5.85%     -    0s
     0     0  107.33333    0   91  114.00000  107.33333  5.85%     -    0s
     0     0  107.33333    0   98  114.00000  107.33333  5.85%     -    0s
     0     0  108.00000    0  107  114.00000  108.00000  5.26%     -    0s
     0     0  108.00000    0   99  114.00000  108.00000  5.26%     -    0s
     0     0  108.00000    0   96  114.00000  108.00000  5.26%     -    1s
     0     0  108.00000    0   98  114.00000  108.00000  5.26%     -    1s
H    0     0                     109.0000000  108.00000  0.92%     -    1s
     0     0  108.00000    0   24  109.00000  108.00000  0.92%     -    1s
     0     0 infeasible    0       109.00000  109.00000  0.00%     -    1s

Explored 1 nodes (2169 simplex iterations) in 1.14 seconds (0.47 work units)
Thread count was 8 (of 8 available processors)

Solution count 5: 109 114 123 ... 264

Optimal solution found (tolerance 1.00e-04)
Best objective 1.090000000000e+02, best bound 1.090000000000e+02, gap 0.0000%

Gurobi 9.5.1 (win64, Java) logging started Wed May 25 16:25:34 2022

Set parameter Username
Academic license - for non-commercial use only - expires 2023-02-25
Gurobi Optimizer version 9.5.1 build v9.5.1rc2 (win64)
Thread count: 4 physical cores, 8 logical processors, using up to 8 threads
Optimize a model with 1562 rows, 1639 columns and 7566 nonzeros
Model fingerprint: 0x505f345a
Variable types: 0 continuous, 1639 integer (1600 binary)
Coefficient statistics:
  Matrix range     [1e+00, 4e+01]
  Objective range  [2e+00, 1e+01]
  Bounds range     [1e+00, 4e+01]
  RHS range        [1e+00, 4e+01]
Presolve removed 0 rows and 40 columns
Presolve time: 0.01s
Presolved: 1562 rows, 1599 columns, 7566 nonzeros
Variable types: 0 continuous, 1599 integer (1560 binary)
Found heuristic solution: objective 264.0000000

Root relaxation: objective 9.733333e+01, 162 iterations, 0.00 seconds (0.00 work units)

    Nodes    |    Current Node    |     Objective Bounds      |     Work
 Expl Unexpl |  Obj  Depth IntInf | Incumbent    BestBd   Gap | It/Node Time

     0     0   97.33333    0   58  264.00000   97.33333  63.1%     -    0s
     0     0  107.00000    0  102  264.00000  107.00000  59.5%     -    0s
H    0     0                     130.0000000  107.00000  17.7%     -    0s
H    0     0                     123.0000000  107.00000  13.0%     -    0s
     0     0  107.00000    0  107  123.00000  107.00000  13.0%     -    0s
     0     0  107.00000    0   54  123.00000  107.00000  13.0%     -    0s
     0     0  107.00000    0   58  123.00000  107.00000  13.0%     -    0s
H    0     0                     114.0000000  107.00000  6.14%     -    0s
     0     0  107.00000    0   24  114.00000  107.00000  6.14%     -    0s
     0     0  107.00000    0   25  114.00000  107.00000  6.14%     -    0s
     0     0  107.02198    0   27  114.00000  107.02198  6.12%     -    0s
     0     0  107.02198    0   27  114.00000  107.02198  6.12%     -    0s
     0     0  107.33333    0   35  114.00000  107.33333  5.85%     -    0s
     0     0  107.33333    0   62  114.00000  107.33333  5.85%     -    0s
     0     0  107.33333    0   85  114.00000  107.33333  5.85%     -    0s
     0     0  107.33333    0   91  114.00000  107.33333  5.85%     -    0s
     0     0  107.33333    0   98  114.00000  107.33333  5.85%     -    0s
     0     0  108.00000    0  107  114.00000  108.00000  5.26%     -    0s
     0     0  108.00000    0   99  114.00000  108.00000  5.26%     -    0s
     0     0  108.00000    0   96  114.00000  108.00000  5.26%     -    0s
     0     0  108.00000    0   98  114.00000  108.00000  5.26%     -    1s
H    0     0                     109.0000000  108.00000  0.92%     -    1s
     0     0  108.00000    0   24  109.00000  108.00000  0.92%     -    1s
     0     0 infeasible    0       109.00000  109.00000  0.00%     -    1s

Explored 1 nodes (2169 simplex iterations) in 1.11 seconds (0.47 work units)
Thread count was 8 (of 8 available processors)

Solution count 5: 109 114 123 ... 264

Optimal solution found (tolerance 1.00e-04)
Best objective 1.090000000000e+02, best bound 1.090000000000e+02, gap 0.0000%

Gurobi 9.5.1 (win64, Java) logging started Wed May 25 16:25:54 2022

Set parameter Username
Academic license - for non-commercial use only - expires 2023-02-25
Gurobi Optimizer version 9.5.1 build v9.5.1rc2 (win64)
Thread count: 4 physical cores, 8 logical processors, using up to 8 threads
Optimize a model with 1562 rows, 1639 columns and 7566 nonzeros
Model fingerprint: 0x505f345a
Variable types: 0 continuous, 1639 integer (1600 binary)
Coefficient statistics:
  Matrix range     [1e+00, 4e+01]
  Objective range  [2e+00, 1e+01]
  Bounds range     [1e+00, 4e+01]
  RHS range        [1e+00, 4e+01]
Presolve removed 0 rows and 40 columns
Presolve time: 0.01s
Presolved: 1562 rows, 1599 columns, 7566 nonzeros
Variable types: 0 continuous, 1599 integer (1560 binary)
Found heuristic solution: objective 264.0000000

Root relaxation: objective 9.733333e+01, 162 iterations, 0.00 seconds (0.00 work units)

    Nodes    |    Current Node    |     Objective Bounds      |     Work
 Expl Unexpl |  Obj  Depth IntInf | Incumbent    BestBd   Gap | It/Node Time

     0     0   97.33333    0   58  264.00000   97.33333  63.1%     -    0s
     0     0  107.00000    0  102  264.00000  107.00000  59.5%     -    0s
H    0     0                     130.0000000  107.00000  17.7%     -    0s
H    0     0                     123.0000000  107.00000  13.0%     -    0s
     0     0  107.00000    0  107  123.00000  107.00000  13.0%     -    0s
     0     0  107.00000    0   54  123.00000  107.00000  13.0%     -    0s
     0     0  107.00000    0   58  123.00000  107.00000  13.0%     -    0s
H    0     0                     114.0000000  107.00000  6.14%     -    0s
     0     0  107.00000    0   24  114.00000  107.00000  6.14%     -    0s
     0     0  107.00000    0   25  114.00000  107.00000  6.14%     -    0s
     0     0  107.02198    0   27  114.00000  107.02198  6.12%     -    0s
     0     0  107.02198    0   27  114.00000  107.02198  6.12%     -    0s
     0     0  107.33333    0   35  114.00000  107.33333  5.85%     -    0s
     0     0  107.33333    0   62  114.00000  107.33333  5.85%     -    0s
     0     0  107.33333    0   85  114.00000  107.33333  5.85%     -    0s
     0     0  107.33333    0   91  114.00000  107.33333  5.85%     -    0s
     0     0  107.33333    0   98  114.00000  107.33333  5.85%     -    0s
     0     0  108.00000    0  107  114.00000  108.00000  5.26%     -    0s
     0     0  108.00000    0   99  114.00000  108.00000  5.26%     -    0s
     0     0  108.00000    0   96  114.00000  108.00000  5.26%     -    1s
     0     0  108.00000    0   98  114.00000  108.00000  5.26%     -    1s
H    0     0                     109.0000000  108.00000  0.92%     -    1s
     0     0  108.00000    0   24  109.00000  108.00000  0.92%     -    1s
     0     0 infeasible    0       109.00000  109.00000  0.00%     -    1s

Explored 1 nodes (2169 simplex iterations) in 1.17 seconds (0.47 work units)
Thread count was 8 (of 8 available processors)

Solution count 5: 109 114 123 ... 264

Optimal solution found (tolerance 1.00e-04)
Best objective 1.090000000000e+02, best bound 1.090000000000e+02, gap 0.0000%

Gurobi 9.5.1 (win64, Java) logging started Wed May 25 16:27:21 2022

Set parameter Username
Academic license - for non-commercial use only - expires 2023-02-25
Gurobi Optimizer version 9.5.1 build v9.5.1rc2 (win64)
Thread count: 4 physical cores, 8 logical processors, using up to 8 threads
Optimize a model with 1562 rows, 1639 columns and 7566 nonzeros
Model fingerprint: 0x505f345a
Variable types: 0 continuous, 1639 integer (1600 binary)
Coefficient statistics:
  Matrix range     [1e+00, 4e+01]
  Objective range  [2e+00, 1e+01]
  Bounds range     [1e+00, 4e+01]
  RHS range        [1e+00, 4e+01]
Presolve removed 0 rows and 40 columns
Presolve time: 0.01s
Presolved: 1562 rows, 1599 columns, 7566 nonzeros
Variable types: 0 continuous, 1599 integer (1560 binary)
Found heuristic solution: objective 264.0000000

Root relaxation: objective 9.733333e+01, 162 iterations, 0.00 seconds (0.00 work units)

    Nodes    |    Current Node    |     Objective Bounds      |     Work
 Expl Unexpl |  Obj  Depth IntInf | Incumbent    BestBd   Gap | It/Node Time

     0     0   97.33333    0   58  264.00000   97.33333  63.1%     -    0s
     0     0  107.00000    0  102  264.00000  107.00000  59.5%     -    0s
H    0     0                     130.0000000  107.00000  17.7%     -    0s
H    0     0                     123.0000000  107.00000  13.0%     -    0s
     0     0  107.00000    0  107  123.00000  107.00000  13.0%     -    0s
     0     0  107.00000    0   54  123.00000  107.00000  13.0%     -    0s
     0     0  107.00000    0   58  123.00000  107.00000  13.0%     -    0s
H    0     0                     114.0000000  107.00000  6.14%     -    0s
     0     0  107.00000    0   24  114.00000  107.00000  6.14%     -    0s
     0     0  107.00000    0   25  114.00000  107.00000  6.14%     -    0s
     0     0  107.02198    0   27  114.00000  107.02198  6.12%     -    0s
     0     0  107.02198    0   27  114.00000  107.02198  6.12%     -    0s
     0     0  107.33333    0   35  114.00000  107.33333  5.85%     -    0s
     0     0  107.33333    0   62  114.00000  107.33333  5.85%     -    0s
     0     0  107.33333    0   85  114.00000  107.33333  5.85%     -    0s
     0     0  107.33333    0   91  114.00000  107.33333  5.85%     -    0s
     0     0  107.33333    0   98  114.00000  107.33333  5.85%     -    0s
     0     0  108.00000    0  107  114.00000  108.00000  5.26%     -    1s
     0     0  108.00000    0   99  114.00000  108.00000  5.26%     -    1s
     0     0  108.00000    0   96  114.00000  108.00000  5.26%     -    1s
     0     0  108.00000    0   98  114.00000  108.00000  5.26%     -    1s
H    0     0                     109.0000000  108.00000  0.92%     -    1s
     0     0  108.00000    0   24  109.00000  108.00000  0.92%     -    1s
     0     0 infeasible    0       109.00000  109.00000  0.00%     -    1s

Explored 1 nodes (2169 simplex iterations) in 1.18 seconds (0.47 work units)
Thread count was 8 (of 8 available processors)

Solution count 5: 109 114 123 ... 264

Optimal solution found (tolerance 1.00e-04)
Best objective 1.090000000000e+02, best bound 1.090000000000e+02, gap 0.0000%

Gurobi 9.5.1 (win64, Java) logging started Wed May 25 16:28:18 2022

Set parameter Username
Academic license - for non-commercial use only - expires 2023-02-25
Gurobi Optimizer version 9.5.1 build v9.5.1rc2 (win64)
Thread count: 4 physical cores, 8 logical processors, using up to 8 threads
Optimize a model with 1562 rows, 1639 columns and 7566 nonzeros
Model fingerprint: 0x505f345a
Variable types: 0 continuous, 1639 integer (1600 binary)
Coefficient statistics:
  Matrix range     [1e+00, 4e+01]
  Objective range  [2e+00, 1e+01]
  Bounds range     [1e+00, 4e+01]
  RHS range        [1e+00, 4e+01]
Presolve removed 0 rows and 40 columns
Presolve time: 0.01s
Presolved: 1562 rows, 1599 columns, 7566 nonzeros
Variable types: 0 continuous, 1599 integer (1560 binary)
Found heuristic solution: objective 264.0000000

Root relaxation: objective 9.733333e+01, 162 iterations, 0.00 seconds (0.00 work units)

    Nodes    |    Current Node    |     Objective Bounds      |     Work
 Expl Unexpl |  Obj  Depth IntInf | Incumbent    BestBd   Gap | It/Node Time

     0     0   97.33333    0   58  264.00000   97.33333  63.1%     -    0s
     0     0  107.00000    0  102  264.00000  107.00000  59.5%     -    0s
H    0     0                     130.0000000  107.00000  17.7%     -    0s
H    0     0                     123.0000000  107.00000  13.0%     -    0s
     0     0  107.00000    0  107  123.00000  107.00000  13.0%     -    0s
     0     0  107.00000    0   54  123.00000  107.00000  13.0%     -    0s
     0     0  107.00000    0   58  123.00000  107.00000  13.0%     -    0s
H    0     0                     114.0000000  107.00000  6.14%     -    0s
     0     0  107.00000    0   24  114.00000  107.00000  6.14%     -    0s
     0     0  107.00000    0   25  114.00000  107.00000  6.14%     -    0s
     0     0  107.02198    0   27  114.00000  107.02198  6.12%     -    0s
     0     0  107.02198    0   27  114.00000  107.02198  6.12%     -    0s
     0     0  107.33333    0   35  114.00000  107.33333  5.85%     -    0s
     0     0  107.33333    0   62  114.00000  107.33333  5.85%     -    0s
     0     0  107.33333    0   85  114.00000  107.33333  5.85%     -    0s
     0     0  107.33333    0   91  114.00000  107.33333  5.85%     -    0s
     0     0  107.33333    0   98  114.00000  107.33333  5.85%     -    0s
     0     0  108.00000    0  107  114.00000  108.00000  5.26%     -    0s
     0     0  108.00000    0   99  114.00000  108.00000  5.26%     -    1s
     0     0  108.00000    0   96  114.00000  108.00000  5.26%     -    1s
     0     0  108.00000    0   98  114.00000  108.00000  5.26%     -    1s
H    0     0                     109.0000000  108.00000  0.92%     -    1s
     0     0  108.00000    0   24  109.00000  108.00000  0.92%     -    1s
     0     0 infeasible    0       109.00000  109.00000  0.00%     -    1s

Explored 1 nodes (2169 simplex iterations) in 1.19 seconds (0.47 work units)
Thread count was 8 (of 8 available processors)

Solution count 5: 109 114 123 ... 264

Optimal solution found (tolerance 1.00e-04)
Best objective 1.090000000000e+02, best bound 1.090000000000e+02, gap 0.0000%

Gurobi 9.5.1 (win64, Java) logging started Wed May 25 16:32:02 2022

Set parameter Username
Academic license - for non-commercial use only - expires 2023-02-25
Gurobi Optimizer version 9.5.1 build v9.5.1rc2 (win64)
Thread count: 4 physical cores, 8 logical processors, using up to 8 threads
Optimize a model with 1562 rows, 1639 columns and 7566 nonzeros
Model fingerprint: 0x505f345a
Variable types: 0 continuous, 1639 integer (1600 binary)
Coefficient statistics:
  Matrix range     [1e+00, 4e+01]
  Objective range  [2e+00, 1e+01]
  Bounds range     [1e+00, 4e+01]
  RHS range        [1e+00, 4e+01]
Presolve removed 0 rows and 40 columns
Presolve time: 0.01s
Presolved: 1562 rows, 1599 columns, 7566 nonzeros
Variable types: 0 continuous, 1599 integer (1560 binary)
Found heuristic solution: objective 264.0000000

Root relaxation: objective 9.733333e+01, 162 iterations, 0.00 seconds (0.00 work units)

    Nodes    |    Current Node    |     Objective Bounds      |     Work
 Expl Unexpl |  Obj  Depth IntInf | Incumbent    BestBd   Gap | It/Node Time

     0     0   97.33333    0   58  264.00000   97.33333  63.1%     -    0s
     0     0  107.00000    0  102  264.00000  107.00000  59.5%     -    0s
H    0     0                     130.0000000  107.00000  17.7%     -    0s
H    0     0                     123.0000000  107.00000  13.0%     -    0s
     0     0  107.00000    0  107  123.00000  107.00000  13.0%     -    0s
     0     0  107.00000    0   54  123.00000  107.00000  13.0%     -    0s
     0     0  107.00000    0   58  123.00000  107.00000  13.0%     -    0s
H    0     0                     114.0000000  107.00000  6.14%     -    0s
     0     0  107.00000    0   24  114.00000  107.00000  6.14%     -    0s
     0     0  107.00000    0   25  114.00000  107.00000  6.14%     -    0s
     0     0  107.02198    0   27  114.00000  107.02198  6.12%     -    0s
     0     0  107.02198    0   27  114.00000  107.02198  6.12%     -    0s
     0     0  107.33333    0   35  114.00000  107.33333  5.85%     -    0s
     0     0  107.33333    0   62  114.00000  107.33333  5.85%     -    0s
     0     0  107.33333    0   85  114.00000  107.33333  5.85%     -    0s
     0     0  107.33333    0   91  114.00000  107.33333  5.85%     -    0s
     0     0  107.33333    0   98  114.00000  107.33333  5.85%     -    0s
     0     0  108.00000    0  107  114.00000  108.00000  5.26%     -    0s
     0     0  108.00000    0   99  114.00000  108.00000  5.26%     -    0s
     0     0  108.00000    0   96  114.00000  108.00000  5.26%     -    0s
     0     0  108.00000    0   98  114.00000  108.00000  5.26%     -    1s
H    0     0                     109.0000000  108.00000  0.92%     -    1s
     0     0  108.00000    0   24  109.00000  108.00000  0.92%     -    1s
     0     0 infeasible    0       109.00000  109.00000  0.00%     -    1s

Explored 1 nodes (2169 simplex iterations) in 1.11 seconds (0.47 work units)
Thread count was 8 (of 8 available processors)

Solution count 5: 109 114 123 ... 264

Optimal solution found (tolerance 1.00e-04)
Best objective 1.090000000000e+02, best bound 1.090000000000e+02, gap 0.0000%

Gurobi 9.5.1 (win64, Java) logging started Wed May 25 16:33:08 2022

Set parameter Username
Academic license - for non-commercial use only - expires 2023-02-25
Gurobi Optimizer version 9.5.1 build v9.5.1rc2 (win64)
Thread count: 4 physical cores, 8 logical processors, using up to 8 threads
Optimize a model with 1562 rows, 1639 columns and 7566 nonzeros
Model fingerprint: 0x505f345a
Variable types: 0 continuous, 1639 integer (1600 binary)
Coefficient statistics:
  Matrix range     [1e+00, 4e+01]
  Objective range  [2e+00, 1e+01]
  Bounds range     [1e+00, 4e+01]
  RHS range        [1e+00, 4e+01]
Presolve removed 0 rows and 40 columns
Presolve time: 0.01s
Presolved: 1562 rows, 1599 columns, 7566 nonzeros
Variable types: 0 continuous, 1599 integer (1560 binary)
Found heuristic solution: objective 264.0000000

Root relaxation: objective 9.733333e+01, 162 iterations, 0.00 seconds (0.00 work units)

    Nodes    |    Current Node    |     Objective Bounds      |     Work
 Expl Unexpl |  Obj  Depth IntInf | Incumbent    BestBd   Gap | It/Node Time

     0     0   97.33333    0   58  264.00000   97.33333  63.1%     -    0s
     0     0  107.00000    0  102  264.00000  107.00000  59.5%     -    0s
H    0     0                     130.0000000  107.00000  17.7%     -    0s
H    0     0                     123.0000000  107.00000  13.0%     -    0s
     0     0  107.00000    0  107  123.00000  107.00000  13.0%     -    0s
     0     0  107.00000    0   54  123.00000  107.00000  13.0%     -    0s
     0     0  107.00000    0   58  123.00000  107.00000  13.0%     -    0s
H    0     0                     114.0000000  107.00000  6.14%     -    0s
     0     0  107.00000    0   24  114.00000  107.00000  6.14%     -    0s
     0     0  107.00000    0   25  114.00000  107.00000  6.14%     -    0s
     0     0  107.02198    0   27  114.00000  107.02198  6.12%     -    0s
     0     0  107.02198    0   27  114.00000  107.02198  6.12%     -    0s
     0     0  107.33333    0   35  114.00000  107.33333  5.85%     -    0s
     0     0  107.33333    0   62  114.00000  107.33333  5.85%     -    0s
     0     0  107.33333    0   85  114.00000  107.33333  5.85%     -    0s
     0     0  107.33333    0   91  114.00000  107.33333  5.85%     -    0s
     0     0  107.33333    0   98  114.00000  107.33333  5.85%     -    0s
     0     0  108.00000    0  107  114.00000  108.00000  5.26%     -    0s
     0     0  108.00000    0   99  114.00000  108.00000  5.26%     -    0s
     0     0  108.00000    0   96  114.00000  108.00000  5.26%     -    1s
     0     0  108.00000    0   98  114.00000  108.00000  5.26%     -    1s
H    0     0                     109.0000000  108.00000  0.92%     -    1s
     0     0  108.00000    0   24  109.00000  108.00000  0.92%     -    1s
     0     0 infeasible    0       109.00000  109.00000  0.00%     -    1s

Explored 1 nodes (2169 simplex iterations) in 1.17 seconds (0.47 work units)
Thread count was 8 (of 8 available processors)

Solution count 5: 109 114 123 ... 264

Optimal solution found (tolerance 1.00e-04)
Best objective 1.090000000000e+02, best bound 1.090000000000e+02, gap 0.0000%

Gurobi 9.5.1 (win64, Java) logging started Thu May 26 12:19:48 2022

Set parameter Username
Academic license - for non-commercial use only - expires 2023-02-25
Gurobi Optimizer version 9.5.1 build v9.5.1rc2 (win64)
Thread count: 4 physical cores, 8 logical processors, using up to 8 threads
Optimize a model with 1562 rows, 1639 columns and 7566 nonzeros
Model fingerprint: 0x505f345a
Variable types: 0 continuous, 1639 integer (1600 binary)
Coefficient statistics:
  Matrix range     [1e+00, 4e+01]
  Objective range  [2e+00, 1e+01]
  Bounds range     [1e+00, 4e+01]
  RHS range        [1e+00, 4e+01]
Presolve removed 0 rows and 40 columns
Presolve time: 0.04s
Presolved: 1562 rows, 1599 columns, 7566 nonzeros
Variable types: 0 continuous, 1599 integer (1560 binary)
Found heuristic solution: objective 264.0000000

Root relaxation: objective 9.733333e+01, 162 iterations, 0.01 seconds (0.00 work units)

    Nodes    |    Current Node    |     Objective Bounds      |     Work
 Expl Unexpl |  Obj  Depth IntInf | Incumbent    BestBd   Gap | It/Node Time

     0     0   97.33333    0   58  264.00000   97.33333  63.1%     -    0s
     0     0  107.00000    0  102  264.00000  107.00000  59.5%     -    0s
H    0     0                     130.0000000  107.00000  17.7%     -    0s
H    0     0                     123.0000000  107.00000  13.0%     -    0s
     0     0  107.00000    0  107  123.00000  107.00000  13.0%     -    0s
     0     0  107.00000    0   54  123.00000  107.00000  13.0%     -    0s
     0     0  107.00000    0   58  123.00000  107.00000  13.0%     -    0s
H    0     0                     114.0000000  107.00000  6.14%     -    1s
     0     0  107.00000    0   24  114.00000  107.00000  6.14%     -    1s
     0     0  107.00000    0   25  114.00000  107.00000  6.14%     -    1s
     0     0  107.02198    0   27  114.00000  107.02198  6.12%     -    1s
     0     0  107.02198    0   27  114.00000  107.02198  6.12%     -    1s
     0     0  107.33333    0   35  114.00000  107.33333  5.85%     -    1s
     0     0  107.33333    0   62  114.00000  107.33333  5.85%     -    1s
     0     0  107.33333    0   85  114.00000  107.33333  5.85%     -    1s
     0     0  107.33333    0   91  114.00000  107.33333  5.85%     -    1s
     0     0  107.33333    0   98  114.00000  107.33333  5.85%     -    1s
     0     0  108.00000    0  107  114.00000  108.00000  5.26%     -    1s
     0     0  108.00000    0   99  114.00000  108.00000  5.26%     -    1s
     0     0  108.00000    0   96  114.00000  108.00000  5.26%     -    1s
     0     0  108.00000    0   98  114.00000  108.00000  5.26%     -    1s
H    0     0                     109.0000000  108.00000  0.92%     -    1s
     0     0  108.00000    0   24  109.00000  108.00000  0.92%     -    1s
     0     0 infeasible    0       109.00000  109.00000  0.00%     -    1s

Explored 1 nodes (2169 simplex iterations) in 1.81 seconds (0.47 work units)
Thread count was 8 (of 8 available processors)

Solution count 5: 109 114 123 ... 264

Optimal solution found (tolerance 1.00e-04)
Best objective 1.090000000000e+02, best bound 1.090000000000e+02, gap 0.0000%
Gurobi Optimizer version 9.5.1 build v9.5.1rc2 (win64)
Thread count: 4 physical cores, 8 logical processors, using up to 8 threads
Optimize a model with 1563 rows, 1639 columns and 9126 nonzeros
Model fingerprint: 0x0c8c055d
Variable types: 0 continuous, 1639 integer (1600 binary)
Coefficient statistics:
  Matrix range     [1e+00, 4e+01]
  Objective range  [2e+00, 1e+01]
  Bounds range     [1e+00, 4e+01]
  RHS range        [1e+00, 4e+01]

MIP start from previous solve did not produce a new incumbent solution
MIP start from previous solve violates constraint vincolo_funzione_obiettivo by 109.000000000

Presolve removed 0 rows and 1600 columns
Presolve time: 0.00s

Explored 0 nodes (0 simplex iterations) in 0.00 seconds (0.00 work units)
Thread count was 1 (of 8 available processors)

Solution count 0

Model is infeasible
Best objective -, best bound -, gap -

Gurobi 9.5.1 (win64, Java) logging started Thu May 26 12:22:18 2022

Set parameter Username
Academic license - for non-commercial use only - expires 2023-02-25
Gurobi Optimizer version 9.5.1 build v9.5.1rc2 (win64)
Thread count: 4 physical cores, 8 logical processors, using up to 8 threads
Optimize a model with 1562 rows, 1639 columns and 7566 nonzeros
Model fingerprint: 0x505f345a
Variable types: 0 continuous, 1639 integer (1600 binary)
Coefficient statistics:
  Matrix range     [1e+00, 4e+01]
  Objective range  [2e+00, 1e+01]
  Bounds range     [1e+00, 4e+01]
  RHS range        [1e+00, 4e+01]
Presolve removed 0 rows and 40 columns
Presolve time: 0.03s
Presolved: 1562 rows, 1599 columns, 7566 nonzeros
Variable types: 0 continuous, 1599 integer (1560 binary)
Found heuristic solution: objective 264.0000000

Root relaxation: objective 9.733333e+01, 162 iterations, 0.08 seconds (0.00 work units)

    Nodes    |    Current Node    |     Objective Bounds      |     Work
 Expl Unexpl |  Obj  Depth IntInf | Incumbent    BestBd   Gap | It/Node Time

     0     0   97.33333    0   58  264.00000   97.33333  63.1%     -    0s
     0     0  107.00000    0  102  264.00000  107.00000  59.5%     -    0s
H    0     0                     130.0000000  107.00000  17.7%     -    0s
H    0     0                     123.0000000  107.00000  13.0%     -    0s
     0     0  107.00000    0  107  123.00000  107.00000  13.0%     -    0s
     0     0  107.00000    0   54  123.00000  107.00000  13.0%     -    0s
     0     0  107.00000    0   58  123.00000  107.00000  13.0%     -    0s
H    0     0                     114.0000000  107.00000  6.14%     -    1s
     0     0  107.00000    0   24  114.00000  107.00000  6.14%     -    1s
     0     0  107.00000    0   25  114.00000  107.00000  6.14%     -    1s
     0     0  107.02198    0   27  114.00000  107.02198  6.12%     -    1s
     0     0  107.02198    0   27  114.00000  107.02198  6.12%     -    1s
     0     0  107.33333    0   35  114.00000  107.33333  5.85%     -    1s
     0     0  107.33333    0   62  114.00000  107.33333  5.85%     -    1s
     0     0  107.33333    0   85  114.00000  107.33333  5.85%     -    1s
     0     0  107.33333    0   91  114.00000  107.33333  5.85%     -    1s
     0     0  107.33333    0   98  114.00000  107.33333  5.85%     -    1s
     0     0  108.00000    0  107  114.00000  108.00000  5.26%     -    1s
     0     0  108.00000    0   99  114.00000  108.00000  5.26%     -    1s
     0     0  108.00000    0   96  114.00000  108.00000  5.26%     -    1s
     0     0  108.00000    0   98  114.00000  108.00000  5.26%     -    1s
H    0     0                     109.0000000  108.00000  0.92%     -    1s
     0     0  108.00000    0   24  109.00000  108.00000  0.92%     -    1s
     0     0 infeasible    0       109.00000  109.00000  0.00%     -    1s

Explored 1 nodes (2169 simplex iterations) in 1.69 seconds (0.47 work units)
Thread count was 8 (of 8 available processors)

Solution count 5: 109 114 123 ... 264

Optimal solution found (tolerance 1.00e-04)
Best objective 1.090000000000e+02, best bound 1.090000000000e+02, gap 0.0000%
Gurobi Optimizer version 9.5.1 build v9.5.1rc2 (win64)
Thread count: 4 physical cores, 8 logical processors, using up to 8 threads
Optimize a model with 1563 rows, 1639 columns and 9126 nonzeros
Model fingerprint: 0x0c8c055d
Variable types: 0 continuous, 1639 integer (1600 binary)
Coefficient statistics:
  Matrix range     [1e+00, 4e+01]
  Objective range  [2e+00, 1e+01]
  Bounds range     [1e+00, 4e+01]
  RHS range        [1e+00, 4e+01]

MIP start from previous solve did not produce a new incumbent solution
MIP start from previous solve violates constraint vincolo_funzione_obiettivo by 109.000000000

Presolve removed 0 rows and 1600 columns
Presolve time: 0.00s

Explored 0 nodes (0 simplex iterations) in 0.00 seconds (0.00 work units)
Thread count was 1 (of 8 available processors)

Solution count 0

Model is infeasible
Best objective -, best bound -, gap -

Gurobi 9.5.1 (win64, Java) logging started Thu May 26 12:22:38 2022

Set parameter Username
Academic license - for non-commercial use only - expires 2023-02-25
Gurobi Optimizer version 9.5.1 build v9.5.1rc2 (win64)
Thread count: 4 physical cores, 8 logical processors, using up to 8 threads
Optimize a model with 1562 rows, 1639 columns and 7566 nonzeros
Model fingerprint: 0x505f345a
Variable types: 0 continuous, 1639 integer (1600 binary)
Coefficient statistics:
  Matrix range     [1e+00, 4e+01]
  Objective range  [2e+00, 1e+01]
  Bounds range     [1e+00, 4e+01]
  RHS range        [1e+00, 4e+01]
Presolve removed 0 rows and 40 columns
Presolve time: 0.02s
Presolved: 1562 rows, 1599 columns, 7566 nonzeros
Variable types: 0 continuous, 1599 integer (1560 binary)
Found heuristic solution: objective 264.0000000

Root relaxation: objective 9.733333e+01, 162 iterations, 0.00 seconds (0.00 work units)

    Nodes    |    Current Node    |     Objective Bounds      |     Work
 Expl Unexpl |  Obj  Depth IntInf | Incumbent    BestBd   Gap | It/Node Time

     0     0   97.33333    0   58  264.00000   97.33333  63.1%     -    0s
     0     0  107.00000    0  102  264.00000  107.00000  59.5%     -    0s
H    0     0                     130.0000000  107.00000  17.7%     -    0s
H    0     0                     123.0000000  107.00000  13.0%     -    0s
     0     0  107.00000    0  107  123.00000  107.00000  13.0%     -    0s
     0     0  107.00000    0   54  123.00000  107.00000  13.0%     -    0s
     0     0  107.00000    0   58  123.00000  107.00000  13.0%     -    0s
H    0     0                     114.0000000  107.00000  6.14%     -    0s
     0     0  107.00000    0   24  114.00000  107.00000  6.14%     -    0s
     0     0  107.00000    0   25  114.00000  107.00000  6.14%     -    0s
     0     0  107.02198    0   27  114.00000  107.02198  6.12%     -    0s
     0     0  107.02198    0   27  114.00000  107.02198  6.12%     -    0s
     0     0  107.33333    0   35  114.00000  107.33333  5.85%     -    1s
     0     0  107.33333    0   62  114.00000  107.33333  5.85%     -    1s
     0     0  107.33333    0   85  114.00000  107.33333  5.85%     -    1s
     0     0  107.33333    0   91  114.00000  107.33333  5.85%     -    1s
     0     0  107.33333    0   98  114.00000  107.33333  5.85%     -    1s
     0     0  108.00000    0  107  114.00000  108.00000  5.26%     -    1s
     0     0  108.00000    0   99  114.00000  108.00000  5.26%     -    1s
     0     0  108.00000    0   96  114.00000  108.00000  5.26%     -    1s
     0     0  108.00000    0   98  114.00000  108.00000  5.26%     -    1s
H    0     0                     109.0000000  108.00000  0.92%     -    1s
     0     0  108.00000    0   24  109.00000  108.00000  0.92%     -    1s
     0     0 infeasible    0       109.00000  109.00000  0.00%     -    1s

Explored 1 nodes (2169 simplex iterations) in 1.55 seconds (0.47 work units)
Thread count was 8 (of 8 available processors)

Solution count 5: 109 114 123 ... 264

Optimal solution found (tolerance 1.00e-04)
Best objective 1.090000000000e+02, best bound 1.090000000000e+02, gap 0.0000%
Gurobi Optimizer version 9.5.1 build v9.5.1rc2 (win64)
Thread count: 4 physical cores, 8 logical processors, using up to 8 threads
Optimize a model with 1563 rows, 1639 columns and 9126 nonzeros
Model fingerprint: 0x0c8c055d
Variable types: 0 continuous, 1639 integer (1600 binary)
Coefficient statistics:
  Matrix range     [1e+00, 4e+01]
  Objective range  [2e+00, 1e+01]
  Bounds range     [1e+00, 4e+01]
  RHS range        [1e+00, 4e+01]

MIP start from previous solve did not produce a new incumbent solution
MIP start from previous solve violates constraint vincolo_funzione_obiettivo by 109.000000000

Presolve removed 0 rows and 1600 columns
Presolve time: 0.00s

Explored 0 nodes (0 simplex iterations) in 0.00 seconds (0.00 work units)
Thread count was 1 (of 8 available processors)

Solution count 0

Model is infeasible
Best objective -, best bound -, gap -

Gurobi 9.5.1 (win64, Java) logging started Thu May 26 12:23:53 2022

Set parameter Username
Academic license - for non-commercial use only - expires 2023-02-25
Gurobi Optimizer version 9.5.1 build v9.5.1rc2 (win64)
Thread count: 4 physical cores, 8 logical processors, using up to 8 threads
Optimize a model with 1562 rows, 1639 columns and 7566 nonzeros
Model fingerprint: 0x505f345a
Variable types: 0 continuous, 1639 integer (1600 binary)
Coefficient statistics:
  Matrix range     [1e+00, 4e+01]
  Objective range  [2e+00, 1e+01]
  Bounds range     [1e+00, 4e+01]
  RHS range        [1e+00, 4e+01]
Presolve removed 0 rows and 40 columns
Presolve time: 0.02s
Presolved: 1562 rows, 1599 columns, 7566 nonzeros
Variable types: 0 continuous, 1599 integer (1560 binary)
Found heuristic solution: objective 264.0000000

Root relaxation: objective 9.733333e+01, 162 iterations, 0.01 seconds (0.00 work units)

    Nodes    |    Current Node    |     Objective Bounds      |     Work
 Expl Unexpl |  Obj  Depth IntInf | Incumbent    BestBd   Gap | It/Node Time

     0     0   97.33333    0   58  264.00000   97.33333  63.1%     -    0s
     0     0  107.00000    0  102  264.00000  107.00000  59.5%     -    0s
H    0     0                     130.0000000  107.00000  17.7%     -    0s
H    0     0                     123.0000000  107.00000  13.0%     -    0s
     0     0  107.00000    0  107  123.00000  107.00000  13.0%     -    0s
     0     0  107.00000    0   54  123.00000  107.00000  13.0%     -    0s
     0     0  107.00000    0   58  123.00000  107.00000  13.0%     -    0s
H    0     0                     114.0000000  107.00000  6.14%     -    1s
     0     0  107.00000    0   24  114.00000  107.00000  6.14%     -    1s
     0     0  107.00000    0   25  114.00000  107.00000  6.14%     -    1s
     0     0  107.02198    0   27  114.00000  107.02198  6.12%     -    1s
     0     0  107.02198    0   27  114.00000  107.02198  6.12%     -    1s
     0     0  107.33333    0   35  114.00000  107.33333  5.85%     -    1s
     0     0  107.33333    0   62  114.00000  107.33333  5.85%     -    1s
     0     0  107.33333    0   85  114.00000  107.33333  5.85%     -    1s
     0     0  107.33333    0   91  114.00000  107.33333  5.85%     -    1s
     0     0  107.33333    0   98  114.00000  107.33333  5.85%     -    1s
     0     0  108.00000    0  107  114.00000  108.00000  5.26%     -    1s
     0     0  108.00000    0   99  114.00000  108.00000  5.26%     -    1s
     0     0  108.00000    0   96  114.00000  108.00000  5.26%     -    1s
     0     0  108.00000    0   98  114.00000  108.00000  5.26%     -    1s
H    0     0                     109.0000000  108.00000  0.92%     -    1s
     0     0  108.00000    0   24  109.00000  108.00000  0.92%     -    1s
     0     0 infeasible    0       109.00000  109.00000  0.00%     -    1s

Explored 1 nodes (2169 simplex iterations) in 1.75 seconds (0.47 work units)
Thread count was 8 (of 8 available processors)

Solution count 5: 109 114 123 ... 264

Optimal solution found (tolerance 1.00e-04)
Best objective 1.090000000000e+02, best bound 1.090000000000e+02, gap 0.0000%

Gurobi 9.5.1 (win64, Java) logging started Thu May 26 12:33:16 2022

Set parameter Username
Academic license - for non-commercial use only - expires 2023-02-25
Gurobi Optimizer version 9.5.1 build v9.5.1rc2 (win64)
Thread count: 4 physical cores, 8 logical processors, using up to 8 threads
Optimize a model with 1562 rows, 1639 columns and 7566 nonzeros
Model fingerprint: 0x505f345a
Variable types: 0 continuous, 1639 integer (1600 binary)
Coefficient statistics:
  Matrix range     [1e+00, 4e+01]
  Objective range  [2e+00, 1e+01]
  Bounds range     [1e+00, 4e+01]
  RHS range        [1e+00, 4e+01]
Presolve removed 0 rows and 40 columns
Presolve time: 0.03s
Presolved: 1562 rows, 1599 columns, 7566 nonzeros
Variable types: 0 continuous, 1599 integer (1560 binary)
Found heuristic solution: objective 264.0000000

Root relaxation: objective 9.733333e+01, 162 iterations, 0.01 seconds (0.00 work units)

    Nodes    |    Current Node    |     Objective Bounds      |     Work
 Expl Unexpl |  Obj  Depth IntInf | Incumbent    BestBd   Gap | It/Node Time

     0     0   97.33333    0   58  264.00000   97.33333  63.1%     -    0s
     0     0  107.00000    0  102  264.00000  107.00000  59.5%     -    0s
H    0     0                     130.0000000  107.00000  17.7%     -    0s
H    0     0                     123.0000000  107.00000  13.0%     -    0s
     0     0  107.00000    0  107  123.00000  107.00000  13.0%     -    0s
     0     0  107.00000    0   54  123.00000  107.00000  13.0%     -    0s
     0     0  107.00000    0   58  123.00000  107.00000  13.0%     -    0s
H    0     0                     114.0000000  107.00000  6.14%     -    1s
     0     0  107.00000    0   24  114.00000  107.00000  6.14%     -    1s
     0     0  107.00000    0   25  114.00000  107.00000  6.14%     -    1s
     0     0  107.02198    0   27  114.00000  107.02198  6.12%     -    1s
     0     0  107.02198    0   27  114.00000  107.02198  6.12%     -    1s
     0     0  107.33333    0   35  114.00000  107.33333  5.85%     -    1s
     0     0  107.33333    0   62  114.00000  107.33333  5.85%     -    1s
     0     0  107.33333    0   85  114.00000  107.33333  5.85%     -    1s
     0     0  107.33333    0   91  114.00000  107.33333  5.85%     -    1s
     0     0  107.33333    0   98  114.00000  107.33333  5.85%     -    1s
     0     0  108.00000    0  107  114.00000  108.00000  5.26%     -    1s
     0     0  108.00000    0   99  114.00000  108.00000  5.26%     -    1s
     0     0  108.00000    0   96  114.00000  108.00000  5.26%     -    1s
     0     0  108.00000    0   98  114.00000  108.00000  5.26%     -    1s
H    0     0                     109.0000000  108.00000  0.92%     -    1s
     0     0  108.00000    0   24  109.00000  108.00000  0.92%     -    1s
     0     0 infeasible    0       109.00000  109.00000  0.00%     -    1s

Explored 1 nodes (2169 simplex iterations) in 1.78 seconds (0.47 work units)
Thread count was 8 (of 8 available processors)

Solution count 5: 109 114 123 ... 264

Optimal solution found (tolerance 1.00e-04)
Best objective 1.090000000000e+02, best bound 1.090000000000e+02, gap 0.0000%
Gurobi Optimizer version 9.5.1 build v9.5.1rc2 (win64)
Thread count: 4 physical cores, 8 logical processors, using up to 8 threads
Optimize a model with 1563 rows, 1639 columns and 9126 nonzeros
Model fingerprint: 0x0c8c055d
Variable types: 0 continuous, 1639 integer (1600 binary)
Coefficient statistics:
  Matrix range     [1e+00, 4e+01]
  Objective range  [2e+00, 1e+01]
  Bounds range     [1e+00, 4e+01]
  RHS range        [1e+00, 4e+01]

MIP start from previous solve did not produce a new incumbent solution
MIP start from previous solve violates constraint vincolo_funzione_obiettivo by 109.000000000

Presolve removed 0 rows and 1600 columns
Presolve time: 0.00s

Explored 0 nodes (0 simplex iterations) in 0.01 seconds (0.00 work units)
Thread count was 1 (of 8 available processors)

Solution count 0

Model is infeasible
Best objective -, best bound -, gap -

Gurobi 9.5.1 (win64, Java) logging started Thu May 26 12:34:29 2022

Set parameter Username
Academic license - for non-commercial use only - expires 2023-02-25
Gurobi Optimizer version 9.5.1 build v9.5.1rc2 (win64)
Thread count: 4 physical cores, 8 logical processors, using up to 8 threads
Optimize a model with 1562 rows, 1639 columns and 7566 nonzeros
Model fingerprint: 0x505f345a
Variable types: 0 continuous, 1639 integer (1600 binary)
Coefficient statistics:
  Matrix range     [1e+00, 4e+01]
  Objective range  [2e+00, 1e+01]
  Bounds range     [1e+00, 4e+01]
  RHS range        [1e+00, 4e+01]
Presolve removed 0 rows and 40 columns
Presolve time: 0.02s
Presolved: 1562 rows, 1599 columns, 7566 nonzeros
Variable types: 0 continuous, 1599 integer (1560 binary)
Found heuristic solution: objective 264.0000000

Root relaxation: objective 9.733333e+01, 162 iterations, 0.01 seconds (0.00 work units)

    Nodes    |    Current Node    |     Objective Bounds      |     Work
 Expl Unexpl |  Obj  Depth IntInf | Incumbent    BestBd   Gap | It/Node Time

     0     0   97.33333    0   58  264.00000   97.33333  63.1%     -    0s
     0     0  107.00000    0  102  264.00000  107.00000  59.5%     -    0s
H    0     0                     130.0000000  107.00000  17.7%     -    0s
H    0     0                     123.0000000  107.00000  13.0%     -    0s
     0     0  107.00000    0  107  123.00000  107.00000  13.0%     -    0s
     0     0  107.00000    0   54  123.00000  107.00000  13.0%     -    0s
     0     0  107.00000    0   58  123.00000  107.00000  13.0%     -    0s
H    0     0                     114.0000000  107.00000  6.14%     -    0s
     0     0  107.00000    0   24  114.00000  107.00000  6.14%     -    0s
     0     0  107.00000    0   25  114.00000  107.00000  6.14%     -    0s
     0     0  107.02198    0   27  114.00000  107.02198  6.12%     -    0s
     0     0  107.02198    0   27  114.00000  107.02198  6.12%     -    0s
     0     0  107.33333    0   35  114.00000  107.33333  5.85%     -    1s
     0     0  107.33333    0   62  114.00000  107.33333  5.85%     -    1s
     0     0  107.33333    0   85  114.00000  107.33333  5.85%     -    1s
     0     0  107.33333    0   91  114.00000  107.33333  5.85%     -    1s
     0     0  107.33333    0   98  114.00000  107.33333  5.85%     -    1s
     0     0  108.00000    0  107  114.00000  108.00000  5.26%     -    1s
     0     0  108.00000    0   99  114.00000  108.00000  5.26%     -    1s
     0     0  108.00000    0   96  114.00000  108.00000  5.26%     -    1s
     0     0  108.00000    0   98  114.00000  108.00000  5.26%     -    1s
H    0     0                     109.0000000  108.00000  0.92%     -    1s
     0     0  108.00000    0   24  109.00000  108.00000  0.92%     -    1s
     0     0 infeasible    0       109.00000  109.00000  0.00%     -    1s

Explored 1 nodes (2169 simplex iterations) in 1.56 seconds (0.47 work units)
Thread count was 8 (of 8 available processors)

Solution count 5: 109 114 123 ... 264

Optimal solution found (tolerance 1.00e-04)
Best objective 1.090000000000e+02, best bound 1.090000000000e+02, gap 0.0000%
Gurobi Optimizer version 9.5.1 build v9.5.1rc2 (win64)
Thread count: 4 physical cores, 8 logical processors, using up to 8 threads
Optimize a model with 1563 rows, 1639 columns and 9126 nonzeros
Model fingerprint: 0x0c8c055d
Variable types: 0 continuous, 1639 integer (1600 binary)
Coefficient statistics:
  Matrix range     [1e+00, 4e+01]
  Objective range  [2e+00, 1e+01]
  Bounds range     [1e+00, 4e+01]
  RHS range        [1e+00, 4e+01]
Presolve removed 0 rows and 1600 columns
Presolve time: 0.00s

Explored 0 nodes (0 simplex iterations) in 0.00 seconds (0.00 work units)
Thread count was 1 (of 8 available processors)

Solution count 0

Model is infeasible
Best objective -, best bound -, gap -

Gurobi 9.5.1 (win64, Java) logging started Thu May 26 12:34:46 2022

Set parameter Username
Academic license - for non-commercial use only - expires 2023-02-25
Gurobi Optimizer version 9.5.1 build v9.5.1rc2 (win64)
Thread count: 4 physical cores, 8 logical processors, using up to 8 threads
Optimize a model with 1562 rows, 1639 columns and 7566 nonzeros
Model fingerprint: 0x505f345a
Variable types: 0 continuous, 1639 integer (1600 binary)
Coefficient statistics:
  Matrix range     [1e+00, 4e+01]
  Objective range  [2e+00, 1e+01]
  Bounds range     [1e+00, 4e+01]
  RHS range        [1e+00, 4e+01]
Presolve removed 0 rows and 40 columns
Presolve time: 0.02s
Presolved: 1562 rows, 1599 columns, 7566 nonzeros
Variable types: 0 continuous, 1599 integer (1560 binary)
Found heuristic solution: objective 264.0000000

Root relaxation: objective 9.733333e+01, 162 iterations, 0.01 seconds (0.00 work units)

    Nodes    |    Current Node    |     Objective Bounds      |     Work
 Expl Unexpl |  Obj  Depth IntInf | Incumbent    BestBd   Gap | It/Node Time

     0     0   97.33333    0   58  264.00000   97.33333  63.1%     -    0s
     0     0  107.00000    0  102  264.00000  107.00000  59.5%     -    0s
H    0     0                     130.0000000  107.00000  17.7%     -    0s
H    0     0                     123.0000000  107.00000  13.0%     -    0s
     0     0  107.00000    0  107  123.00000  107.00000  13.0%     -    0s
     0     0  107.00000    0   54  123.00000  107.00000  13.0%     -    0s
     0     0  107.00000    0   58  123.00000  107.00000  13.0%     -    0s
H    0     0                     114.0000000  107.00000  6.14%     -    0s
     0     0  107.00000    0   24  114.00000  107.00000  6.14%     -    0s
     0     0  107.00000    0   25  114.00000  107.00000  6.14%     -    0s
     0     0  107.02198    0   27  114.00000  107.02198  6.12%     -    0s
     0     0  107.02198    0   27  114.00000  107.02198  6.12%     -    0s
     0     0  107.33333    0   35  114.00000  107.33333  5.85%     -    1s
     0     0  107.33333    0   62  114.00000  107.33333  5.85%     -    1s
     0     0  107.33333    0   85  114.00000  107.33333  5.85%     -    1s
     0     0  107.33333    0   91  114.00000  107.33333  5.85%     -    1s
     0     0  107.33333    0   98  114.00000  107.33333  5.85%     -    1s
     0     0  108.00000    0  107  114.00000  108.00000  5.26%     -    1s
     0     0  108.00000    0   99  114.00000  108.00000  5.26%     -    1s
     0     0  108.00000    0   96  114.00000  108.00000  5.26%     -    1s
     0     0  108.00000    0   98  114.00000  108.00000  5.26%     -    1s
H    0     0                     109.0000000  108.00000  0.92%     -    1s
     0     0  108.00000    0   24  109.00000  108.00000  0.92%     -    1s
     0     0 infeasible    0       109.00000  109.00000  0.00%     -    1s

Explored 1 nodes (2169 simplex iterations) in 1.50 seconds (0.47 work units)
Thread count was 8 (of 8 available processors)

Solution count 5: 109 114 123 ... 264

Optimal solution found (tolerance 1.00e-04)
Best objective 1.090000000000e+02, best bound 1.090000000000e+02, gap 0.0000%

Gurobi 9.5.1 (win64, Java) logging started Thu May 26 12:39:23 2022

Set parameter Username
Academic license - for non-commercial use only - expires 2023-02-25
Gurobi Optimizer version 9.5.1 build v9.5.1rc2 (win64)
Thread count: 4 physical cores, 8 logical processors, using up to 8 threads
Optimize a model with 1562 rows, 1639 columns and 7566 nonzeros
Model fingerprint: 0x505f345a
Variable types: 0 continuous, 1639 integer (1600 binary)
Coefficient statistics:
  Matrix range     [1e+00, 4e+01]
  Objective range  [2e+00, 1e+01]
  Bounds range     [1e+00, 4e+01]
  RHS range        [1e+00, 4e+01]
Presolve removed 0 rows and 40 columns
Presolve time: 0.03s
Presolved: 1562 rows, 1599 columns, 7566 nonzeros
Variable types: 0 continuous, 1599 integer (1560 binary)
Found heuristic solution: objective 264.0000000

Root relaxation: objective 9.733333e+01, 162 iterations, 0.00 seconds (0.00 work units)

    Nodes    |    Current Node    |     Objective Bounds      |     Work
 Expl Unexpl |  Obj  Depth IntInf | Incumbent    BestBd   Gap | It/Node Time

     0     0   97.33333    0   58  264.00000   97.33333  63.1%     -    0s
     0     0  107.00000    0  102  264.00000  107.00000  59.5%     -    0s
H    0     0                     130.0000000  107.00000  17.7%     -    0s
H    0     0                     123.0000000  107.00000  13.0%     -    0s
     0     0  107.00000    0  107  123.00000  107.00000  13.0%     -    0s
     0     0  107.00000    0   54  123.00000  107.00000  13.0%     -    0s
     0     0  107.00000    0   58  123.00000  107.00000  13.0%     -    0s
H    0     0                     114.0000000  107.00000  6.14%     -    0s
     0     0  107.00000    0   24  114.00000  107.00000  6.14%     -    0s
     0     0  107.00000    0   25  114.00000  107.00000  6.14%     -    0s
     0     0  107.02198    0   27  114.00000  107.02198  6.12%     -    1s
     0     0  107.02198    0   27  114.00000  107.02198  6.12%     -    1s
     0     0  107.33333    0   35  114.00000  107.33333  5.85%     -    1s
     0     0  107.33333    0   62  114.00000  107.33333  5.85%     -    1s
     0     0  107.33333    0   85  114.00000  107.33333  5.85%     -    1s
     0     0  107.33333    0   91  114.00000  107.33333  5.85%     -    1s
     0     0  107.33333    0   98  114.00000  107.33333  5.85%     -    1s
     0     0  108.00000    0  107  114.00000  108.00000  5.26%     -    1s
     0     0  108.00000    0   99  114.00000  108.00000  5.26%     -    1s
     0     0  108.00000    0   96  114.00000  108.00000  5.26%     -    1s
     0     0  108.00000    0   98  114.00000  108.00000  5.26%     -    1s
H    0     0                     109.0000000  108.00000  0.92%     -    1s
     0     0  108.00000    0   24  109.00000  108.00000  0.92%     -    1s
     0     0 infeasible    0       109.00000  109.00000  0.00%     -    1s

Explored 1 nodes (2169 simplex iterations) in 1.68 seconds (0.47 work units)
Thread count was 8 (of 8 available processors)

Solution count 5: 109 114 123 ... 264

Optimal solution found (tolerance 1.00e-04)
Best objective 1.090000000000e+02, best bound 1.090000000000e+02, gap 0.0000%

Gurobi 9.5.1 (win64, Java) logging started Thu May 26 12:40:15 2022

Set parameter Username
Academic license - for non-commercial use only - expires 2023-02-25
Gurobi Optimizer version 9.5.1 build v9.5.1rc2 (win64)
Thread count: 4 physical cores, 8 logical processors, using up to 8 threads
Optimize a model with 1562 rows, 1639 columns and 7566 nonzeros
Model fingerprint: 0x505f345a
Variable types: 0 continuous, 1639 integer (1600 binary)
Coefficient statistics:
  Matrix range     [1e+00, 4e+01]
  Objective range  [2e+00, 1e+01]
  Bounds range     [1e+00, 4e+01]
  RHS range        [1e+00, 4e+01]
Presolve removed 0 rows and 40 columns
Presolve time: 0.02s
Presolved: 1562 rows, 1599 columns, 7566 nonzeros
Variable types: 0 continuous, 1599 integer (1560 binary)
Found heuristic solution: objective 264.0000000

Root relaxation: objective 9.733333e+01, 162 iterations, 0.01 seconds (0.00 work units)

    Nodes    |    Current Node    |     Objective Bounds      |     Work
 Expl Unexpl |  Obj  Depth IntInf | Incumbent    BestBd   Gap | It/Node Time

     0     0   97.33333    0   58  264.00000   97.33333  63.1%     -    0s
     0     0  107.00000    0  102  264.00000  107.00000  59.5%     -    0s
H    0     0                     130.0000000  107.00000  17.7%     -    0s
H    0     0                     123.0000000  107.00000  13.0%     -    0s
     0     0  107.00000    0  107  123.00000  107.00000  13.0%     -    0s
     0     0  107.00000    0   54  123.00000  107.00000  13.0%     -    0s
     0     0  107.00000    0   58  123.00000  107.00000  13.0%     -    0s
H    0     0                     114.0000000  107.00000  6.14%     -    0s
     0     0  107.00000    0   24  114.00000  107.00000  6.14%     -    0s
     0     0  107.00000    0   25  114.00000  107.00000  6.14%     -    0s
     0     0  107.02198    0   27  114.00000  107.02198  6.12%     -    0s
     0     0  107.02198    0   27  114.00000  107.02198  6.12%     -    0s
     0     0  107.33333    0   35  114.00000  107.33333  5.85%     -    1s
     0     0  107.33333    0   62  114.00000  107.33333  5.85%     -    1s
     0     0  107.33333    0   85  114.00000  107.33333  5.85%     -    1s
     0     0  107.33333    0   91  114.00000  107.33333  5.85%     -    1s
     0     0  107.33333    0   98  114.00000  107.33333  5.85%     -    1s
     0     0  108.00000    0  107  114.00000  108.00000  5.26%     -    1s
     0     0  108.00000    0   99  114.00000  108.00000  5.26%     -    1s
     0     0  108.00000    0   96  114.00000  108.00000  5.26%     -    1s
     0     0  108.00000    0   98  114.00000  108.00000  5.26%     -    1s
H    0     0                     109.0000000  108.00000  0.92%     -    1s
     0     0  108.00000    0   24  109.00000  108.00000  0.92%     -    1s
     0     0 infeasible    0       109.00000  109.00000  0.00%     -    1s

Explored 1 nodes (2169 simplex iterations) in 1.62 seconds (0.47 work units)
Thread count was 8 (of 8 available processors)

Solution count 5: 109 114 123 ... 264

Optimal solution found (tolerance 1.00e-04)
Best objective 1.090000000000e+02, best bound 1.090000000000e+02, gap 0.0000%

Gurobi 9.5.1 (win64, Java) logging started Thu May 26 12:42:06 2022

Set parameter Username
Academic license - for non-commercial use only - expires 2023-02-25
Gurobi Optimizer version 9.5.1 build v9.5.1rc2 (win64)
Thread count: 4 physical cores, 8 logical processors, using up to 8 threads
Optimize a model with 1562 rows, 1639 columns and 7566 nonzeros
Model fingerprint: 0x505f345a
Variable types: 0 continuous, 1639 integer (1600 binary)
Coefficient statistics:
  Matrix range     [1e+00, 4e+01]
  Objective range  [2e+00, 1e+01]
  Bounds range     [1e+00, 4e+01]
  RHS range        [1e+00, 4e+01]
Presolve removed 0 rows and 40 columns
Presolve time: 0.02s
Presolved: 1562 rows, 1599 columns, 7566 nonzeros
Variable types: 0 continuous, 1599 integer (1560 binary)
Found heuristic solution: objective 264.0000000

Root relaxation: objective 9.733333e+01, 162 iterations, 0.01 seconds (0.00 work units)

    Nodes    |    Current Node    |     Objective Bounds      |     Work
 Expl Unexpl |  Obj  Depth IntInf | Incumbent    BestBd   Gap | It/Node Time

     0     0   97.33333    0   58  264.00000   97.33333  63.1%     -    0s
     0     0  107.00000    0  102  264.00000  107.00000  59.5%     -    0s
H    0     0                     130.0000000  107.00000  17.7%     -    0s
H    0     0                     123.0000000  107.00000  13.0%     -    0s
     0     0  107.00000    0  107  123.00000  107.00000  13.0%     -    0s
     0     0  107.00000    0   54  123.00000  107.00000  13.0%     -    0s
     0     0  107.00000    0   58  123.00000  107.00000  13.0%     -    0s
H    0     0                     114.0000000  107.00000  6.14%     -    0s
     0     0  107.00000    0   24  114.00000  107.00000  6.14%     -    0s
     0     0  107.00000    0   25  114.00000  107.00000  6.14%     -    0s
     0     0  107.02198    0   27  114.00000  107.02198  6.12%     -    0s
     0     0  107.02198    0   27  114.00000  107.02198  6.12%     -    0s
     0     0  107.33333    0   35  114.00000  107.33333  5.85%     -    1s
     0     0  107.33333    0   62  114.00000  107.33333  5.85%     -    1s
     0     0  107.33333    0   85  114.00000  107.33333  5.85%     -    1s
     0     0  107.33333    0   91  114.00000  107.33333  5.85%     -    1s
     0     0  107.33333    0   98  114.00000  107.33333  5.85%     -    1s
     0     0  108.00000    0  107  114.00000  108.00000  5.26%     -    1s
     0     0  108.00000    0   99  114.00000  108.00000  5.26%     -    1s
     0     0  108.00000    0   96  114.00000  108.00000  5.26%     -    1s
     0     0  108.00000    0   98  114.00000  108.00000  5.26%     -    1s
H    0     0                     109.0000000  108.00000  0.92%     -    1s
     0     0  108.00000    0   24  109.00000  108.00000  0.92%     -    1s
     0     0 infeasible    0       109.00000  109.00000  0.00%     -    1s

Explored 1 nodes (2169 simplex iterations) in 1.54 seconds (0.47 work units)
Thread count was 8 (of 8 available processors)

Solution count 5: 109 114 123 ... 264

Optimal solution found (tolerance 1.00e-04)
Best objective 1.090000000000e+02, best bound 1.090000000000e+02, gap 0.0000%
Gurobi Optimizer version 9.5.1 build v9.5.1rc2 (win64)
Thread count: 4 physical cores, 8 logical processors, using up to 8 threads
Optimize a model with 1562 rows, 1639 columns and 7566 nonzeros
Model fingerprint: 0x505f345a
Variable types: 0 continuous, 1639 integer (1600 binary)
Coefficient statistics:
  Matrix range     [1e+00, 4e+01]
  Objective range  [2e+00, 1e+01]
  Bounds range     [1e+00, 4e+01]
  RHS range        [1e+00, 4e+01]
Presolved: 1562 rows, 1599 columns, 7566 nonzeros

Continuing optimization...


Explored 1 nodes (2169 simplex iterations) in 0.00 seconds (0.00 work units)
Thread count was 8 (of 8 available processors)

Solution count 5: 109 114 123 ... 264

Optimal solution found (tolerance 1.00e-04)
Best objective 1.090000000000e+02, best bound 1.090000000000e+02, gap 0.0000%

Gurobi 9.5.1 (win64, Java) logging started Thu May 26 12:44:06 2022

Set parameter Username
Academic license - for non-commercial use only - expires 2023-02-25
Gurobi Optimizer version 9.5.1 build v9.5.1rc2 (win64)
Thread count: 4 physical cores, 8 logical processors, using up to 8 threads
Optimize a model with 1562 rows, 1639 columns and 7566 nonzeros
Model fingerprint: 0x505f345a
Variable types: 0 continuous, 1639 integer (1600 binary)
Coefficient statistics:
  Matrix range     [1e+00, 4e+01]
  Objective range  [2e+00, 1e+01]
  Bounds range     [1e+00, 4e+01]
  RHS range        [1e+00, 4e+01]
Presolve removed 0 rows and 40 columns
Presolve time: 0.02s
Presolved: 1562 rows, 1599 columns, 7566 nonzeros
Variable types: 0 continuous, 1599 integer (1560 binary)
Found heuristic solution: objective 264.0000000

Root relaxation: objective 9.733333e+01, 162 iterations, 0.01 seconds (0.00 work units)

    Nodes    |    Current Node    |     Objective Bounds      |     Work
 Expl Unexpl |  Obj  Depth IntInf | Incumbent    BestBd   Gap | It/Node Time

     0     0   97.33333    0   58  264.00000   97.33333  63.1%     -    0s
     0     0  107.00000    0  102  264.00000  107.00000  59.5%     -    0s
H    0     0                     130.0000000  107.00000  17.7%     -    0s
H    0     0                     123.0000000  107.00000  13.0%     -    0s
     0     0  107.00000    0  107  123.00000  107.00000  13.0%     -    0s
     0     0  107.00000    0   54  123.00000  107.00000  13.0%     -    0s
     0     0  107.00000    0   58  123.00000  107.00000  13.0%     -    0s
H    0     0                     114.0000000  107.00000  6.14%     -    0s
     0     0  107.00000    0   24  114.00000  107.00000  6.14%     -    0s
     0     0  107.00000    0   25  114.00000  107.00000  6.14%     -    0s
     0     0  107.02198    0   27  114.00000  107.02198  6.12%     -    0s
     0     0  107.02198    0   27  114.00000  107.02198  6.12%     -    0s
     0     0  107.33333    0   35  114.00000  107.33333  5.85%     -    1s
     0     0  107.33333    0   62  114.00000  107.33333  5.85%     -    1s
     0     0  107.33333    0   85  114.00000  107.33333  5.85%     -    1s
     0     0  107.33333    0   91  114.00000  107.33333  5.85%     -    1s
     0     0  107.33333    0   98  114.00000  107.33333  5.85%     -    1s
     0     0  108.00000    0  107  114.00000  108.00000  5.26%     -    1s
     0     0  108.00000    0   99  114.00000  108.00000  5.26%     -    1s
     0     0  108.00000    0   96  114.00000  108.00000  5.26%     -    1s
     0     0  108.00000    0   98  114.00000  108.00000  5.26%     -    1s
H    0     0                     109.0000000  108.00000  0.92%     -    1s
     0     0  108.00000    0   24  109.00000  108.00000  0.92%     -    1s
     0     0 infeasible    0       109.00000  109.00000  0.00%     -    1s

Explored 1 nodes (2169 simplex iterations) in 1.54 seconds (0.47 work units)
Thread count was 8 (of 8 available processors)

Solution count 5: 109 114 123 ... 264

Optimal solution found (tolerance 1.00e-04)
Best objective 1.090000000000e+02, best bound 1.090000000000e+02, gap 0.0000%
Gurobi Optimizer version 9.5.1 build v9.5.1rc2 (win64)
Thread count: 4 physical cores, 8 logical processors, using up to 8 threads
Optimize a model with 1562 rows, 1639 columns and 7566 nonzeros
Model fingerprint: 0x505f345a
Variable types: 0 continuous, 1639 integer (1600 binary)
Coefficient statistics:
  Matrix range     [1e+00, 4e+01]
  Objective range  [2e+00, 1e+01]
  Bounds range     [1e+00, 4e+01]
  RHS range        [1e+00, 4e+01]
Presolved: 1562 rows, 1599 columns, 7566 nonzeros

Continuing optimization...


Explored 1 nodes (2169 simplex iterations) in 0.00 seconds (0.00 work units)
Thread count was 8 (of 8 available processors)

Solution count 5: 109 114 123 ... 264

Optimal solution found (tolerance 1.00e-04)
Best objective 1.090000000000e+02, best bound 1.090000000000e+02, gap 0.0000%

Gurobi 9.5.1 (win64, Java) logging started Thu May 26 12:44:38 2022

Set parameter Username
Academic license - for non-commercial use only - expires 2023-02-25
Gurobi Optimizer version 9.5.1 build v9.5.1rc2 (win64)
Thread count: 4 physical cores, 8 logical processors, using up to 8 threads
Optimize a model with 1562 rows, 1639 columns and 7566 nonzeros
Model fingerprint: 0x505f345a
Variable types: 0 continuous, 1639 integer (1600 binary)
Coefficient statistics:
  Matrix range     [1e+00, 4e+01]
  Objective range  [2e+00, 1e+01]
  Bounds range     [1e+00, 4e+01]
  RHS range        [1e+00, 4e+01]
Presolve removed 0 rows and 40 columns
Presolve time: 0.02s
Presolved: 1562 rows, 1599 columns, 7566 nonzeros
Variable types: 0 continuous, 1599 integer (1560 binary)
Found heuristic solution: objective 264.0000000

Root relaxation: objective 9.733333e+01, 162 iterations, 0.01 seconds (0.00 work units)

    Nodes    |    Current Node    |     Objective Bounds      |     Work
 Expl Unexpl |  Obj  Depth IntInf | Incumbent    BestBd   Gap | It/Node Time

     0     0   97.33333    0   58  264.00000   97.33333  63.1%     -    0s
     0     0  107.00000    0  102  264.00000  107.00000  59.5%     -    0s
H    0     0                     130.0000000  107.00000  17.7%     -    0s
H    0     0                     123.0000000  107.00000  13.0%     -    0s
     0     0  107.00000    0  107  123.00000  107.00000  13.0%     -    0s
     0     0  107.00000    0   54  123.00000  107.00000  13.0%     -    0s
     0     0  107.00000    0   58  123.00000  107.00000  13.0%     -    0s
H    0     0                     114.0000000  107.00000  6.14%     -    0s
     0     0  107.00000    0   24  114.00000  107.00000  6.14%     -    0s
     0     0  107.00000    0   25  114.00000  107.00000  6.14%     -    0s
     0     0  107.02198    0   27  114.00000  107.02198  6.12%     -    0s
     0     0  107.02198    0   27  114.00000  107.02198  6.12%     -    0s
     0     0  107.33333    0   35  114.00000  107.33333  5.85%     -    1s
     0     0  107.33333    0   62  114.00000  107.33333  5.85%     -    1s
     0     0  107.33333    0   85  114.00000  107.33333  5.85%     -    1s
     0     0  107.33333    0   91  114.00000  107.33333  5.85%     -    1s
     0     0  107.33333    0   98  114.00000  107.33333  5.85%     -    1s
     0     0  108.00000    0  107  114.00000  108.00000  5.26%     -    1s
     0     0  108.00000    0   99  114.00000  108.00000  5.26%     -    1s
     0     0  108.00000    0   96  114.00000  108.00000  5.26%     -    1s
     0     0  108.00000    0   98  114.00000  108.00000  5.26%     -    1s
H    0     0                     109.0000000  108.00000  0.92%     -    1s
     0     0  108.00000    0   24  109.00000  108.00000  0.92%     -    1s
     0     0 infeasible    0       109.00000  109.00000  0.00%     -    1s

Explored 1 nodes (2169 simplex iterations) in 1.55 seconds (0.47 work units)
Thread count was 8 (of 8 available processors)

Solution count 5: 109 114 123 ... 264

Optimal solution found (tolerance 1.00e-04)
Best objective 1.090000000000e+02, best bound 1.090000000000e+02, gap 0.0000%
Gurobi Optimizer version 9.5.1 build v9.5.1rc2 (win64)
Thread count: 4 physical cores, 8 logical processors, using up to 8 threads
Optimize a model with 1562 rows, 1639 columns and 7566 nonzeros
Model fingerprint: 0x505f345a
Variable types: 0 continuous, 1639 integer (1600 binary)
Coefficient statistics:
  Matrix range     [1e+00, 4e+01]
  Objective range  [2e+00, 1e+01]
  Bounds range     [1e+00, 4e+01]
  RHS range        [1e+00, 4e+01]
Presolved: 1562 rows, 1599 columns, 7566 nonzeros

Continuing optimization...


Explored 1 nodes (2169 simplex iterations) in 0.00 seconds (0.00 work units)
Thread count was 8 (of 8 available processors)

Solution count 5: 109 114 123 ... 264

Optimal solution found (tolerance 1.00e-04)
Best objective 1.090000000000e+02, best bound 1.090000000000e+02, gap 0.0000%

Gurobi 9.5.1 (win64, Java) logging started Thu May 26 12:48:26 2022

Set parameter Username
Academic license - for non-commercial use only - expires 2023-02-25
Gurobi Optimizer version 9.5.1 build v9.5.1rc2 (win64)
Thread count: 4 physical cores, 8 logical processors, using up to 8 threads
Optimize a model with 1562 rows, 1639 columns and 7566 nonzeros
Model fingerprint: 0x505f345a
Variable types: 0 continuous, 1639 integer (1600 binary)
Coefficient statistics:
  Matrix range     [1e+00, 4e+01]
  Objective range  [2e+00, 1e+01]
  Bounds range     [1e+00, 4e+01]
  RHS range        [1e+00, 4e+01]
Presolve removed 0 rows and 40 columns
Presolve time: 0.02s
Presolved: 1562 rows, 1599 columns, 7566 nonzeros
Variable types: 0 continuous, 1599 integer (1560 binary)
Found heuristic solution: objective 264.0000000

Root relaxation: objective 9.733333e+01, 162 iterations, 0.01 seconds (0.00 work units)

    Nodes    |    Current Node    |     Objective Bounds      |     Work
 Expl Unexpl |  Obj  Depth IntInf | Incumbent    BestBd   Gap | It/Node Time

     0     0   97.33333    0   58  264.00000   97.33333  63.1%     -    0s
     0     0  107.00000    0  102  264.00000  107.00000  59.5%     -    0s
H    0     0                     130.0000000  107.00000  17.7%     -    0s
H    0     0                     123.0000000  107.00000  13.0%     -    0s
     0     0  107.00000    0  107  123.00000  107.00000  13.0%     -    0s
     0     0  107.00000    0   54  123.00000  107.00000  13.0%     -    0s
     0     0  107.00000    0   58  123.00000  107.00000  13.0%     -    0s
H    0     0                     114.0000000  107.00000  6.14%     -    0s
     0     0  107.00000    0   24  114.00000  107.00000  6.14%     -    0s
     0     0  107.00000    0   25  114.00000  107.00000  6.14%     -    0s
     0     0  107.02198    0   27  114.00000  107.02198  6.12%     -    0s
     0     0  107.02198    0   27  114.00000  107.02198  6.12%     -    0s
     0     0  107.33333    0   35  114.00000  107.33333  5.85%     -    1s
     0     0  107.33333    0   62  114.00000  107.33333  5.85%     -    1s
     0     0  107.33333    0   85  114.00000  107.33333  5.85%     -    1s
     0     0  107.33333    0   91  114.00000  107.33333  5.85%     -    1s
     0     0  107.33333    0   98  114.00000  107.33333  5.85%     -    1s
     0     0  108.00000    0  107  114.00000  108.00000  5.26%     -    1s
     0     0  108.00000    0   99  114.00000  108.00000  5.26%     -    1s
     0     0  108.00000    0   96  114.00000  108.00000  5.26%     -    1s
     0     0  108.00000    0   98  114.00000  108.00000  5.26%     -    1s
H    0     0                     109.0000000  108.00000  0.92%     -    1s
     0     0  108.00000    0   24  109.00000  108.00000  0.92%     -    1s
     0     0 infeasible    0       109.00000  109.00000  0.00%     -    1s

Explored 1 nodes (2169 simplex iterations) in 1.64 seconds (0.47 work units)
Thread count was 8 (of 8 available processors)

Solution count 5: 109 114 123 ... 264

Optimal solution found (tolerance 1.00e-04)
Best objective 1.090000000000e+02, best bound 1.090000000000e+02, gap 0.0000%

Gurobi 9.5.1 (win64, Java) logging started Thu May 26 12:49:53 2022

Set parameter Username
Academic license - for non-commercial use only - expires 2023-02-25
Gurobi Optimizer version 9.5.1 build v9.5.1rc2 (win64)
Thread count: 4 physical cores, 8 logical processors, using up to 8 threads
Optimize a model with 1562 rows, 1639 columns and 7566 nonzeros
Model fingerprint: 0x505f345a
Variable types: 0 continuous, 1639 integer (1600 binary)
Coefficient statistics:
  Matrix range     [1e+00, 4e+01]
  Objective range  [2e+00, 1e+01]
  Bounds range     [1e+00, 4e+01]
  RHS range        [1e+00, 4e+01]
Presolve removed 0 rows and 40 columns
Presolve time: 0.02s
Presolved: 1562 rows, 1599 columns, 7566 nonzeros
Variable types: 0 continuous, 1599 integer (1560 binary)
Found heuristic solution: objective 264.0000000

Root relaxation: objective 9.733333e+01, 162 iterations, 0.00 seconds (0.00 work units)

    Nodes    |    Current Node    |     Objective Bounds      |     Work
 Expl Unexpl |  Obj  Depth IntInf | Incumbent    BestBd   Gap | It/Node Time

     0     0   97.33333    0   58  264.00000   97.33333  63.1%     -    0s
     0     0  107.00000    0  102  264.00000  107.00000  59.5%     -    0s
H    0     0                     130.0000000  107.00000  17.7%     -    0s
H    0     0                     123.0000000  107.00000  13.0%     -    0s
     0     0  107.00000    0  107  123.00000  107.00000  13.0%     -    0s
     0     0  107.00000    0   54  123.00000  107.00000  13.0%     -    0s
     0     0  107.00000    0   58  123.00000  107.00000  13.0%     -    0s
H    0     0                     114.0000000  107.00000  6.14%     -    0s
     0     0  107.00000    0   24  114.00000  107.00000  6.14%     -    0s
     0     0  107.00000    0   25  114.00000  107.00000  6.14%     -    0s
     0     0  107.02198    0   27  114.00000  107.02198  6.12%     -    0s
     0     0  107.02198    0   27  114.00000  107.02198  6.12%     -    0s
     0     0  107.33333    0   35  114.00000  107.33333  5.85%     -    1s
     0     0  107.33333    0   62  114.00000  107.33333  5.85%     -    1s
     0     0  107.33333    0   85  114.00000  107.33333  5.85%     -    1s
     0     0  107.33333    0   91  114.00000  107.33333  5.85%     -    1s
     0     0  107.33333    0   98  114.00000  107.33333  5.85%     -    1s
     0     0  108.00000    0  107  114.00000  108.00000  5.26%     -    1s
     0     0  108.00000    0   99  114.00000  108.00000  5.26%     -    1s
     0     0  108.00000    0   96  114.00000  108.00000  5.26%     -    1s
     0     0  108.00000    0   98  114.00000  108.00000  5.26%     -    1s
H    0     0                     109.0000000  108.00000  0.92%     -    1s
     0     0  108.00000    0   24  109.00000  108.00000  0.92%     -    1s
     0     0 infeasible    0       109.00000  109.00000  0.00%     -    1s

Explored 1 nodes (2169 simplex iterations) in 1.48 seconds (0.47 work units)
Thread count was 8 (of 8 available processors)

Solution count 5: 109 114 123 ... 264

Optimal solution found (tolerance 1.00e-04)
Best objective 1.090000000000e+02, best bound 1.090000000000e+02, gap 0.0000%
Gurobi Optimizer version 9.5.1 build v9.5.1rc2 (win64)
Thread count: 4 physical cores, 8 logical processors, using up to 8 threads
Optimize a model with 1562 rows, 1639 columns and 7566 nonzeros
Model fingerprint: 0x505f345a
Variable types: 0 continuous, 1639 integer (1600 binary)
Coefficient statistics:
  Matrix range     [1e+00, 4e+01]
  Objective range  [2e+00, 1e+01]
  Bounds range     [1e+00, 4e+01]
  RHS range        [1e+00, 4e+01]
Presolved: 1562 rows, 1599 columns, 7566 nonzeros

Continuing optimization...


Explored 1 nodes (2169 simplex iterations) in 0.00 seconds (0.00 work units)
Thread count was 8 (of 8 available processors)

Solution count 5: 109 114 123 ... 264

Optimal solution found (tolerance 1.00e-04)
Best objective 1.090000000000e+02, best bound 1.090000000000e+02, gap 0.0000%

Gurobi 9.5.1 (win64, Java) logging started Thu May 26 12:50:47 2022

Set parameter Username
Academic license - for non-commercial use only - expires 2023-02-25
Gurobi Optimizer version 9.5.1 build v9.5.1rc2 (win64)
Thread count: 4 physical cores, 8 logical processors, using up to 8 threads
Optimize a model with 1562 rows, 1639 columns and 7566 nonzeros
Model fingerprint: 0x505f345a
Variable types: 0 continuous, 1639 integer (1600 binary)
Coefficient statistics:
  Matrix range     [1e+00, 4e+01]
  Objective range  [2e+00, 1e+01]
  Bounds range     [1e+00, 4e+01]
  RHS range        [1e+00, 4e+01]
Presolve removed 0 rows and 40 columns
Presolve time: 0.02s
Presolved: 1562 rows, 1599 columns, 7566 nonzeros
Variable types: 0 continuous, 1599 integer (1560 binary)
Found heuristic solution: objective 264.0000000

Root relaxation: objective 9.733333e+01, 162 iterations, 0.01 seconds (0.00 work units)

    Nodes    |    Current Node    |     Objective Bounds      |     Work
 Expl Unexpl |  Obj  Depth IntInf | Incumbent    BestBd   Gap | It/Node Time

     0     0   97.33333    0   58  264.00000   97.33333  63.1%     -    0s
     0     0  107.00000    0  102  264.00000  107.00000  59.5%     -    0s
H    0     0                     130.0000000  107.00000  17.7%     -    0s
H    0     0                     123.0000000  107.00000  13.0%     -    0s
     0     0  107.00000    0  107  123.00000  107.00000  13.0%     -    0s
     0     0  107.00000    0   54  123.00000  107.00000  13.0%     -    0s
     0     0  107.00000    0   58  123.00000  107.00000  13.0%     -    0s
H    0     0                     114.0000000  107.00000  6.14%     -    0s
     0     0  107.00000    0   24  114.00000  107.00000  6.14%     -    0s
     0     0  107.00000    0   25  114.00000  107.00000  6.14%     -    0s
     0     0  107.02198    0   27  114.00000  107.02198  6.12%     -    0s
     0     0  107.02198    0   27  114.00000  107.02198  6.12%     -    0s
     0     0  107.33333    0   35  114.00000  107.33333  5.85%     -    0s
     0     0  107.33333    0   62  114.00000  107.33333  5.85%     -    1s
     0     0  107.33333    0   85  114.00000  107.33333  5.85%     -    1s
     0     0  107.33333    0   91  114.00000  107.33333  5.85%     -    1s
     0     0  107.33333    0   98  114.00000  107.33333  5.85%     -    1s
     0     0  108.00000    0  107  114.00000  108.00000  5.26%     -    1s
     0     0  108.00000    0   99  114.00000  108.00000  5.26%     -    1s
     0     0  108.00000    0   96  114.00000  108.00000  5.26%     -    1s
     0     0  108.00000    0   98  114.00000  108.00000  5.26%     -    1s
H    0     0                     109.0000000  108.00000  0.92%     -    1s
     0     0  108.00000    0   24  109.00000  108.00000  0.92%     -    1s
     0     0 infeasible    0       109.00000  109.00000  0.00%     -    1s

Explored 1 nodes (2169 simplex iterations) in 1.49 seconds (0.47 work units)
Thread count was 8 (of 8 available processors)

Solution count 5: 109 114 123 ... 264

Optimal solution found (tolerance 1.00e-04)
Best objective 1.090000000000e+02, best bound 1.090000000000e+02, gap 0.0000%
Gurobi Optimizer version 9.5.1 build v9.5.1rc2 (win64)
Thread count: 4 physical cores, 8 logical processors, using up to 8 threads
Optimize a model with 1562 rows, 1639 columns and 7566 nonzeros
Model fingerprint: 0x505f345a
Variable types: 0 continuous, 1639 integer (1600 binary)
Coefficient statistics:
  Matrix range     [1e+00, 4e+01]
  Objective range  [2e+00, 1e+01]
  Bounds range     [1e+00, 4e+01]
  RHS range        [1e+00, 4e+01]
Presolved: 1562 rows, 1599 columns, 7566 nonzeros

Continuing optimization...


Explored 1 nodes (2169 simplex iterations) in 0.00 seconds (0.00 work units)
Thread count was 8 (of 8 available processors)

Solution count 5: 109 114 123 ... 264

Optimal solution found (tolerance 1.00e-04)
Best objective 1.090000000000e+02, best bound 1.090000000000e+02, gap 0.0000%

Gurobi 9.5.1 (win64, Java) logging started Thu May 26 12:51:43 2022

Set parameter Username
Academic license - for non-commercial use only - expires 2023-02-25
Gurobi Optimizer version 9.5.1 build v9.5.1rc2 (win64)
Thread count: 4 physical cores, 8 logical processors, using up to 8 threads
Optimize a model with 1562 rows, 1639 columns and 7566 nonzeros
Model fingerprint: 0x505f345a
Variable types: 0 continuous, 1639 integer (1600 binary)
Coefficient statistics:
  Matrix range     [1e+00, 4e+01]
  Objective range  [2e+00, 1e+01]
  Bounds range     [1e+00, 4e+01]
  RHS range        [1e+00, 4e+01]
Presolve removed 0 rows and 40 columns
Presolve time: 0.03s
Presolved: 1562 rows, 1599 columns, 7566 nonzeros
Variable types: 0 continuous, 1599 integer (1560 binary)
Found heuristic solution: objective 264.0000000

Root relaxation: objective 9.733333e+01, 162 iterations, 0.01 seconds (0.00 work units)

    Nodes    |    Current Node    |     Objective Bounds      |     Work
 Expl Unexpl |  Obj  Depth IntInf | Incumbent    BestBd   Gap | It/Node Time

     0     0   97.33333    0   58  264.00000   97.33333  63.1%     -    0s
     0     0  107.00000    0  102  264.00000  107.00000  59.5%     -    0s
H    0     0                     130.0000000  107.00000  17.7%     -    0s
H    0     0                     123.0000000  107.00000  13.0%     -    0s
     0     0  107.00000    0  107  123.00000  107.00000  13.0%     -    0s
     0     0  107.00000    0   54  123.00000  107.00000  13.0%     -    0s
     0     0  107.00000    0   58  123.00000  107.00000  13.0%     -    0s
H    0     0                     114.0000000  107.00000  6.14%     -    1s
     0     0  107.00000    0   24  114.00000  107.00000  6.14%     -    1s
     0     0  107.00000    0   25  114.00000  107.00000  6.14%     -    1s
     0     0  107.02198    0   27  114.00000  107.02198  6.12%     -    1s
     0     0  107.02198    0   27  114.00000  107.02198  6.12%     -    1s
     0     0  107.33333    0   35  114.00000  107.33333  5.85%     -    1s
     0     0  107.33333    0   62  114.00000  107.33333  5.85%     -    1s
     0     0  107.33333    0   85  114.00000  107.33333  5.85%     -    1s
     0     0  107.33333    0   91  114.00000  107.33333  5.85%     -    1s
     0     0  107.33333    0   98  114.00000  107.33333  5.85%     -    1s
     0     0  108.00000    0  107  114.00000  108.00000  5.26%     -    1s
     0     0  108.00000    0   99  114.00000  108.00000  5.26%     -    1s
     0     0  108.00000    0   96  114.00000  108.00000  5.26%     -    1s
     0     0  108.00000    0   98  114.00000  108.00000  5.26%     -    1s
H    0     0                     109.0000000  108.00000  0.92%     -    1s
     0     0  108.00000    0   24  109.00000  108.00000  0.92%     -    1s
     0     0 infeasible    0       109.00000  109.00000  0.00%     -    1s

Explored 1 nodes (2169 simplex iterations) in 1.71 seconds (0.47 work units)
Thread count was 8 (of 8 available processors)

Solution count 5: 109 114 123 ... 264

Optimal solution found (tolerance 1.00e-04)
Best objective 1.090000000000e+02, best bound 1.090000000000e+02, gap 0.0000%
Gurobi Optimizer version 9.5.1 build v9.5.1rc2 (win64)
Thread count: 4 physical cores, 8 logical processors, using up to 8 threads
Optimize a model with 1562 rows, 1639 columns and 7566 nonzeros
Model fingerprint: 0x505f345a
Variable types: 0 continuous, 1639 integer (1600 binary)
Coefficient statistics:
  Matrix range     [1e+00, 4e+01]
  Objective range  [2e+00, 1e+01]
  Bounds range     [1e+00, 4e+01]
  RHS range        [1e+00, 4e+01]
Presolved: 1562 rows, 1599 columns, 7566 nonzeros

Continuing optimization...


Explored 1 nodes (2169 simplex iterations) in 0.00 seconds (0.00 work units)
Thread count was 8 (of 8 available processors)

Solution count 5: 109 114 123 ... 264

Optimal solution found (tolerance 1.00e-04)
Best objective 1.090000000000e+02, best bound 1.090000000000e+02, gap 0.0000%

Gurobi 9.5.1 (win64, Java) logging started Thu May 26 12:52:57 2022

Set parameter Username
Academic license - for non-commercial use only - expires 2023-02-25
Gurobi Optimizer version 9.5.1 build v9.5.1rc2 (win64)
Thread count: 4 physical cores, 8 logical processors, using up to 8 threads
Optimize a model with 1562 rows, 1639 columns and 7566 nonzeros
Model fingerprint: 0x505f345a
Variable types: 0 continuous, 1639 integer (1600 binary)
Coefficient statistics:
  Matrix range     [1e+00, 4e+01]
  Objective range  [2e+00, 1e+01]
  Bounds range     [1e+00, 4e+01]
  RHS range        [1e+00, 4e+01]
Presolve removed 0 rows and 40 columns
Presolve time: 0.02s
Presolved: 1562 rows, 1599 columns, 7566 nonzeros
Variable types: 0 continuous, 1599 integer (1560 binary)
Found heuristic solution: objective 264.0000000

Root relaxation: objective 9.733333e+01, 162 iterations, 0.01 seconds (0.00 work units)

    Nodes    |    Current Node    |     Objective Bounds      |     Work
 Expl Unexpl |  Obj  Depth IntInf | Incumbent    BestBd   Gap | It/Node Time

     0     0   97.33333    0   58  264.00000   97.33333  63.1%     -    0s
     0     0  107.00000    0  102  264.00000  107.00000  59.5%     -    0s
H    0     0                     130.0000000  107.00000  17.7%     -    0s
H    0     0                     123.0000000  107.00000  13.0%     -    0s
     0     0  107.00000    0  107  123.00000  107.00000  13.0%     -    0s
     0     0  107.00000    0   54  123.00000  107.00000  13.0%     -    0s
     0     0  107.00000    0   58  123.00000  107.00000  13.0%     -    0s
H    0     0                     114.0000000  107.00000  6.14%     -    0s
     0     0  107.00000    0   24  114.00000  107.00000  6.14%     -    0s
     0     0  107.00000    0   25  114.00000  107.00000  6.14%     -    0s
     0     0  107.02198    0   27  114.00000  107.02198  6.12%     -    0s
     0     0  107.02198    0   27  114.00000  107.02198  6.12%     -    0s
     0     0  107.33333    0   35  114.00000  107.33333  5.85%     -    1s
     0     0  107.33333    0   62  114.00000  107.33333  5.85%     -    1s
     0     0  107.33333    0   85  114.00000  107.33333  5.85%     -    1s
     0     0  107.33333    0   91  114.00000  107.33333  5.85%     -    1s
     0     0  107.33333    0   98  114.00000  107.33333  5.85%     -    1s
     0     0  108.00000    0  107  114.00000  108.00000  5.26%     -    1s
     0     0  108.00000    0   99  114.00000  108.00000  5.26%     -    1s
     0     0  108.00000    0   96  114.00000  108.00000  5.26%     -    1s
     0     0  108.00000    0   98  114.00000  108.00000  5.26%     -    1s
H    0     0                     109.0000000  108.00000  0.92%     -    1s
     0     0  108.00000    0   24  109.00000  108.00000  0.92%     -    1s
     0     0 infeasible    0       109.00000  109.00000  0.00%     -    1s

Explored 1 nodes (2169 simplex iterations) in 1.53 seconds (0.47 work units)
Thread count was 8 (of 8 available processors)

Solution count 5: 109 114 123 ... 264

Optimal solution found (tolerance 1.00e-04)
Best objective 1.090000000000e+02, best bound 1.090000000000e+02, gap 0.0000%
Gurobi Optimizer version 9.5.1 build v9.5.1rc2 (win64)
Thread count: 4 physical cores, 8 logical processors, using up to 8 threads
Optimize a model with 1562 rows, 1639 columns and 7566 nonzeros
Model fingerprint: 0x505f345a
Variable types: 0 continuous, 1639 integer (1600 binary)
Coefficient statistics:
  Matrix range     [1e+00, 4e+01]
  Objective range  [2e+00, 1e+01]
  Bounds range     [1e+00, 4e+01]
  RHS range        [1e+00, 4e+01]
Presolved: 1562 rows, 1599 columns, 7566 nonzeros

Continuing optimization...


Explored 1 nodes (2169 simplex iterations) in 0.00 seconds (0.00 work units)
Thread count was 8 (of 8 available processors)

Solution count 5: 109 114 123 ... 264

Optimal solution found (tolerance 1.00e-04)
Best objective 1.090000000000e+02, best bound 1.090000000000e+02, gap 0.0000%

Gurobi 9.5.1 (win64, Java) logging started Thu May 26 12:53:36 2022

Set parameter Username
Academic license - for non-commercial use only - expires 2023-02-25
Gurobi Optimizer version 9.5.1 build v9.5.1rc2 (win64)
Thread count: 4 physical cores, 8 logical processors, using up to 8 threads
Optimize a model with 1562 rows, 1639 columns and 7566 nonzeros
Model fingerprint: 0x505f345a
Variable types: 0 continuous, 1639 integer (1600 binary)
Coefficient statistics:
  Matrix range     [1e+00, 4e+01]
  Objective range  [2e+00, 1e+01]
  Bounds range     [1e+00, 4e+01]
  RHS range        [1e+00, 4e+01]
Presolve removed 0 rows and 40 columns
Presolve time: 0.02s
Presolved: 1562 rows, 1599 columns, 7566 nonzeros
Variable types: 0 continuous, 1599 integer (1560 binary)
Found heuristic solution: objective 264.0000000

Root relaxation: objective 9.733333e+01, 162 iterations, 0.01 seconds (0.00 work units)

    Nodes    |    Current Node    |     Objective Bounds      |     Work
 Expl Unexpl |  Obj  Depth IntInf | Incumbent    BestBd   Gap | It/Node Time

     0     0   97.33333    0   58  264.00000   97.33333  63.1%     -    0s
     0     0  107.00000    0  102  264.00000  107.00000  59.5%     -    0s
H    0     0                     130.0000000  107.00000  17.7%     -    0s
H    0     0                     123.0000000  107.00000  13.0%     -    0s
     0     0  107.00000    0  107  123.00000  107.00000  13.0%     -    0s
     0     0  107.00000    0   54  123.00000  107.00000  13.0%     -    0s
     0     0  107.00000    0   58  123.00000  107.00000  13.0%     -    0s
H    0     0                     114.0000000  107.00000  6.14%     -    0s
     0     0  107.00000    0   24  114.00000  107.00000  6.14%     -    0s
     0     0  107.00000    0   25  114.00000  107.00000  6.14%     -    0s
     0     0  107.02198    0   27  114.00000  107.02198  6.12%     -    0s
     0     0  107.02198    0   27  114.00000  107.02198  6.12%     -    0s
     0     0  107.33333    0   35  114.00000  107.33333  5.85%     -    1s
     0     0  107.33333    0   62  114.00000  107.33333  5.85%     -    1s
     0     0  107.33333    0   85  114.00000  107.33333  5.85%     -    1s
     0     0  107.33333    0   91  114.00000  107.33333  5.85%     -    1s
     0     0  107.33333    0   98  114.00000  107.33333  5.85%     -    1s
     0     0  108.00000    0  107  114.00000  108.00000  5.26%     -    1s
     0     0  108.00000    0   99  114.00000  108.00000  5.26%     -    1s
     0     0  108.00000    0   96  114.00000  108.00000  5.26%     -    1s
     0     0  108.00000    0   98  114.00000  108.00000  5.26%     -    1s
H    0     0                     109.0000000  108.00000  0.92%     -    1s
     0     0  108.00000    0   24  109.00000  108.00000  0.92%     -    1s
     0     0 infeasible    0       109.00000  109.00000  0.00%     -    1s

Explored 1 nodes (2169 simplex iterations) in 1.49 seconds (0.47 work units)
Thread count was 8 (of 8 available processors)

Solution count 5: 109 114 123 ... 264

Optimal solution found (tolerance 1.00e-04)
Best objective 1.090000000000e+02, best bound 1.090000000000e+02, gap 0.0000%
Gurobi Optimizer version 9.5.1 build v9.5.1rc2 (win64)
Thread count: 4 physical cores, 8 logical processors, using up to 8 threads
Optimize a model with 1562 rows, 1639 columns and 7566 nonzeros
Model fingerprint: 0x505f345a
Variable types: 0 continuous, 1639 integer (1600 binary)
Coefficient statistics:
  Matrix range     [1e+00, 4e+01]
  Objective range  [2e+00, 1e+01]
  Bounds range     [1e+00, 4e+01]
  RHS range        [1e+00, 4e+01]
Presolved: 1562 rows, 1599 columns, 7566 nonzeros

Continuing optimization...


Explored 1 nodes (2169 simplex iterations) in 0.00 seconds (0.00 work units)
Thread count was 8 (of 8 available processors)

Solution count 5: 109 114 123 ... 264

Optimal solution found (tolerance 1.00e-04)
Best objective 1.090000000000e+02, best bound 1.090000000000e+02, gap 0.0000%

Gurobi 9.5.1 (win64, Java) logging started Thu May 26 12:53:47 2022

Set parameter Username
Academic license - for non-commercial use only - expires 2023-02-25
Gurobi Optimizer version 9.5.1 build v9.5.1rc2 (win64)
Thread count: 4 physical cores, 8 logical processors, using up to 8 threads
Optimize a model with 1562 rows, 1639 columns and 7566 nonzeros
Model fingerprint: 0x505f345a
Variable types: 0 continuous, 1639 integer (1600 binary)
Coefficient statistics:
  Matrix range     [1e+00, 4e+01]
  Objective range  [2e+00, 1e+01]
  Bounds range     [1e+00, 4e+01]
  RHS range        [1e+00, 4e+01]
Presolve removed 0 rows and 40 columns
Presolve time: 0.01s
Presolved: 1562 rows, 1599 columns, 7566 nonzeros
Variable types: 0 continuous, 1599 integer (1560 binary)
Found heuristic solution: objective 264.0000000

Root relaxation: objective 9.733333e+01, 162 iterations, 0.01 seconds (0.00 work units)

    Nodes    |    Current Node    |     Objective Bounds      |     Work
 Expl Unexpl |  Obj  Depth IntInf | Incumbent    BestBd   Gap | It/Node Time

     0     0   97.33333    0   58  264.00000   97.33333  63.1%     -    0s
     0     0  107.00000    0  102  264.00000  107.00000  59.5%     -    0s
H    0     0                     130.0000000  107.00000  17.7%     -    0s
H    0     0                     123.0000000  107.00000  13.0%     -    0s
     0     0  107.00000    0  107  123.00000  107.00000  13.0%     -    0s
     0     0  107.00000    0   54  123.00000  107.00000  13.0%     -    0s
     0     0  107.00000    0   58  123.00000  107.00000  13.0%     -    0s
H    0     0                     114.0000000  107.00000  6.14%     -    0s
     0     0  107.00000    0   24  114.00000  107.00000  6.14%     -    0s
     0     0  107.00000    0   25  114.00000  107.00000  6.14%     -    0s
     0     0  107.02198    0   27  114.00000  107.02198  6.12%     -    0s
     0     0  107.02198    0   27  114.00000  107.02198  6.12%     -    0s
     0     0  107.33333    0   35  114.00000  107.33333  5.85%     -    1s
     0     0  107.33333    0   62  114.00000  107.33333  5.85%     -    1s
     0     0  107.33333    0   85  114.00000  107.33333  5.85%     -    1s
     0     0  107.33333    0   91  114.00000  107.33333  5.85%     -    1s
     0     0  107.33333    0   98  114.00000  107.33333  5.85%     -    1s
     0     0  108.00000    0  107  114.00000  108.00000  5.26%     -    1s
     0     0  108.00000    0   99  114.00000  108.00000  5.26%     -    1s
     0     0  108.00000    0   96  114.00000  108.00000  5.26%     -    1s
     0     0  108.00000    0   98  114.00000  108.00000  5.26%     -    1s
H    0     0                     109.0000000  108.00000  0.92%     -    1s
     0     0  108.00000    0   24  109.00000  108.00000  0.92%     -    1s
     0     0 infeasible    0       109.00000  109.00000  0.00%     -    1s

Explored 1 nodes (2169 simplex iterations) in 1.49 seconds (0.47 work units)
Thread count was 8 (of 8 available processors)

Solution count 5: 109 114 123 ... 264

Optimal solution found (tolerance 1.00e-04)
Best objective 1.090000000000e+02, best bound 1.090000000000e+02, gap 0.0000%
Gurobi Optimizer version 9.5.1 build v9.5.1rc2 (win64)
Thread count: 4 physical cores, 8 logical processors, using up to 8 threads
Optimize a model with 1562 rows, 1639 columns and 7566 nonzeros
Model fingerprint: 0x505f345a
Variable types: 0 continuous, 1639 integer (1600 binary)
Coefficient statistics:
  Matrix range     [1e+00, 4e+01]
  Objective range  [2e+00, 1e+01]
  Bounds range     [1e+00, 4e+01]
  RHS range        [1e+00, 4e+01]
Presolved: 1562 rows, 1599 columns, 7566 nonzeros

Continuing optimization...


Explored 1 nodes (2169 simplex iterations) in 0.01 seconds (0.00 work units)
Thread count was 8 (of 8 available processors)

Solution count 5: 109 114 123 ... 264

Optimal solution found (tolerance 1.00e-04)
Best objective 1.090000000000e+02, best bound 1.090000000000e+02, gap 0.0000%

Gurobi 9.5.1 (win64, Java) logging started Thu May 26 13:01:12 2022

Set parameter Username
Academic license - for non-commercial use only - expires 2023-02-25
Gurobi Optimizer version 9.5.1 build v9.5.1rc2 (win64)
Thread count: 4 physical cores, 8 logical processors, using up to 8 threads
Optimize a model with 1562 rows, 1639 columns and 7566 nonzeros
Model fingerprint: 0x505f345a
Variable types: 0 continuous, 1639 integer (1600 binary)
Coefficient statistics:
  Matrix range     [1e+00, 4e+01]
  Objective range  [2e+00, 1e+01]
  Bounds range     [1e+00, 4e+01]
  RHS range        [1e+00, 4e+01]
Presolve removed 0 rows and 40 columns
Presolve time: 0.02s
Presolved: 1562 rows, 1599 columns, 7566 nonzeros
Variable types: 0 continuous, 1599 integer (1560 binary)
Found heuristic solution: objective 264.0000000

Root relaxation: objective 9.733333e+01, 162 iterations, 0.00 seconds (0.00 work units)

    Nodes    |    Current Node    |     Objective Bounds      |     Work
 Expl Unexpl |  Obj  Depth IntInf | Incumbent    BestBd   Gap | It/Node Time

     0     0   97.33333    0   58  264.00000   97.33333  63.1%     -    0s
     0     0  107.00000    0  102  264.00000  107.00000  59.5%     -    0s
H    0     0                     130.0000000  107.00000  17.7%     -    0s
H    0     0                     123.0000000  107.00000  13.0%     -    0s
     0     0  107.00000    0  107  123.00000  107.00000  13.0%     -    0s
     0     0  107.00000    0   54  123.00000  107.00000  13.0%     -    0s
     0     0  107.00000    0   58  123.00000  107.00000  13.0%     -    0s
H    0     0                     114.0000000  107.00000  6.14%     -    1s
     0     0  107.00000    0   24  114.00000  107.00000  6.14%     -    1s
     0     0  107.00000    0   25  114.00000  107.00000  6.14%     -    1s
     0     0  107.02198    0   27  114.00000  107.02198  6.12%     -    1s
     0     0  107.02198    0   27  114.00000  107.02198  6.12%     -    1s
     0     0  107.33333    0   35  114.00000  107.33333  5.85%     -    1s
     0     0  107.33333    0   62  114.00000  107.33333  5.85%     -    1s
     0     0  107.33333    0   85  114.00000  107.33333  5.85%     -    1s
     0     0  107.33333    0   91  114.00000  107.33333  5.85%     -    1s
     0     0  107.33333    0   98  114.00000  107.33333  5.85%     -    1s
     0     0  108.00000    0  107  114.00000  108.00000  5.26%     -    1s
     0     0  108.00000    0   99  114.00000  108.00000  5.26%     -    1s
     0     0  108.00000    0   96  114.00000  108.00000  5.26%     -    1s
     0     0  108.00000    0   98  114.00000  108.00000  5.26%     -    1s
H    0     0                     109.0000000  108.00000  0.92%     -    1s
     0     0  108.00000    0   24  109.00000  108.00000  0.92%     -    1s
     0     0 infeasible    0       109.00000  109.00000  0.00%     -    1s

Explored 1 nodes (2169 simplex iterations) in 1.75 seconds (0.47 work units)
Thread count was 8 (of 8 available processors)

Solution count 5: 109 114 123 ... 264

Optimal solution found (tolerance 1.00e-04)
Best objective 1.090000000000e+02, best bound 1.090000000000e+02, gap 0.0000%
Gurobi Optimizer version 9.5.1 build v9.5.1rc2 (win64)
Thread count: 4 physical cores, 8 logical processors, using up to 8 threads
Optimize a model with 1563 rows, 1639 columns and 9126 nonzeros
Model fingerprint: 0x9a0860e4
Variable types: 0 continuous, 1639 integer (1600 binary)
Coefficient statistics:
  Matrix range     [1e+00, 4e+01]
  Objective range  [2e+00, 1e+01]
  Bounds range     [1e+00, 4e+01]
  RHS range        [1e+00, 1e+02]
Presolve removed 0 rows and 40 columns
Presolve time: 0.04s
Presolved: 1563 rows, 1599 columns, 9052 nonzeros
Variable types: 0 continuous, 1599 integer (1560 binary)

Root relaxation: objective 1.090000e+02, 604 iterations, 0.02 seconds (0.01 work units)

    Nodes    |    Current Node    |     Objective Bounds      |     Work
 Expl Unexpl |  Obj  Depth IntInf | Incumbent    BestBd   Gap | It/Node Time

     0     0  109.00000    0   29          -  109.00000      -     -    0s
     0     0  109.00000    0   88          -  109.00000      -     -    0s
     0     0  109.00000    0   96          -  109.00000      -     -    0s
     0     0  109.00000    0   46          -  109.00000      -     -    0s
     0     0  109.00000    0   80          -  109.00000      -     -    0s
     0     0  109.00000    0   14          -  109.00000      -     -    0s
H    0     0                     109.0000000  109.00000  0.00%     -    0s
     0     0  109.00000    0   83  109.00000  109.00000  0.00%     -    0s

Cutting planes:
  Learned: 13
  Gomory: 1
  Implied bound: 3
  MIR: 1
  Zero half: 1
  Relax-and-lift: 2

Explored 1 nodes (4324 simplex iterations) in 0.89 seconds (0.37 work units)
Thread count was 8 (of 8 available processors)

Solution count 1: 109 

Optimal solution found (tolerance 1.00e-04)
Best objective 1.090000000000e+02, best bound 1.090000000000e+02, gap 0.0000%

Gurobi 9.5.1 (win64, Java) logging started Thu May 26 13:03:49 2022

Set parameter Username
Academic license - for non-commercial use only - expires 2023-02-25
Gurobi Optimizer version 9.5.1 build v9.5.1rc2 (win64)
Thread count: 4 physical cores, 8 logical processors, using up to 8 threads
Optimize a model with 1562 rows, 1639 columns and 7566 nonzeros
Model fingerprint: 0x505f345a
Variable types: 0 continuous, 1639 integer (1600 binary)
Coefficient statistics:
  Matrix range     [1e+00, 4e+01]
  Objective range  [2e+00, 1e+01]
  Bounds range     [1e+00, 4e+01]
  RHS range        [1e+00, 4e+01]
Presolve removed 0 rows and 40 columns
Presolve time: 0.02s
Presolved: 1562 rows, 1599 columns, 7566 nonzeros
Variable types: 0 continuous, 1599 integer (1560 binary)
Found heuristic solution: objective 264.0000000

Root relaxation: objective 9.733333e+01, 162 iterations, 0.01 seconds (0.00 work units)

    Nodes    |    Current Node    |     Objective Bounds      |     Work
 Expl Unexpl |  Obj  Depth IntInf | Incumbent    BestBd   Gap | It/Node Time

     0     0   97.33333    0   58  264.00000   97.33333  63.1%     -    0s
     0     0  107.00000    0  102  264.00000  107.00000  59.5%     -    0s
H    0     0                     130.0000000  107.00000  17.7%     -    0s
H    0     0                     123.0000000  107.00000  13.0%     -    0s
     0     0  107.00000    0  107  123.00000  107.00000  13.0%     -    0s
     0     0  107.00000    0   54  123.00000  107.00000  13.0%     -    0s
     0     0  107.00000    0   58  123.00000  107.00000  13.0%     -    0s
H    0     0                     114.0000000  107.00000  6.14%     -    0s
     0     0  107.00000    0   24  114.00000  107.00000  6.14%     -    0s
     0     0  107.00000    0   25  114.00000  107.00000  6.14%     -    0s
     0     0  107.02198    0   27  114.00000  107.02198  6.12%     -    0s
     0     0  107.02198    0   27  114.00000  107.02198  6.12%     -    0s
     0     0  107.33333    0   35  114.00000  107.33333  5.85%     -    1s
     0     0  107.33333    0   62  114.00000  107.33333  5.85%     -    1s
     0     0  107.33333    0   85  114.00000  107.33333  5.85%     -    1s
     0     0  107.33333    0   91  114.00000  107.33333  5.85%     -    1s
     0     0  107.33333    0   98  114.00000  107.33333  5.85%     -    1s
     0     0  108.00000    0  107  114.00000  108.00000  5.26%     -    1s
     0     0  108.00000    0   99  114.00000  108.00000  5.26%     -    1s
     0     0  108.00000    0   96  114.00000  108.00000  5.26%     -    1s
     0     0  108.00000    0   98  114.00000  108.00000  5.26%     -    1s
H    0     0                     109.0000000  108.00000  0.92%     -    1s
     0     0  108.00000    0   24  109.00000  108.00000  0.92%     -    1s
     0     0 infeasible    0       109.00000  109.00000  0.00%     -    1s

Explored 1 nodes (2169 simplex iterations) in 1.54 seconds (0.47 work units)
Thread count was 8 (of 8 available processors)

Solution count 5: 109 114 123 ... 264

Optimal solution found (tolerance 1.00e-04)
Best objective 1.090000000000e+02, best bound 1.090000000000e+02, gap 0.0000%
Gurobi Optimizer version 9.5.1 build v9.5.1rc2 (win64)
Thread count: 4 physical cores, 8 logical processors, using up to 8 threads
Optimize a model with 1563 rows, 1639 columns and 9126 nonzeros
Model fingerprint: 0x9a0860e4
Variable types: 0 continuous, 1639 integer (1600 binary)
Coefficient statistics:
  Matrix range     [1e+00, 4e+01]
  Objective range  [2e+00, 1e+01]
  Bounds range     [1e+00, 4e+01]
  RHS range        [1e+00, 1e+02]
Presolve removed 0 rows and 40 columns
Presolve time: 0.03s
Presolved: 1563 rows, 1599 columns, 9052 nonzeros
Variable types: 0 continuous, 1599 integer (1560 binary)

Root relaxation: objective 1.090000e+02, 604 iterations, 0.01 seconds (0.01 work units)

    Nodes    |    Current Node    |     Objective Bounds      |     Work
 Expl Unexpl |  Obj  Depth IntInf | Incumbent    BestBd   Gap | It/Node Time

     0     0  109.00000    0   29          -  109.00000      -     -    0s
     0     0  109.00000    0   88          -  109.00000      -     -    0s
     0     0  109.00000    0   96          -  109.00000      -     -    0s
     0     0  109.00000    0   46          -  109.00000      -     -    0s
     0     0  109.00000    0   80          -  109.00000      -     -    0s
     0     0  109.00000    0   14          -  109.00000      -     -    0s
H    0     0                     109.0000000  109.00000  0.00%     -    0s
     0     0  109.00000    0   83  109.00000  109.00000  0.00%     -    0s

Cutting planes:
  Learned: 13
  Gomory: 1
  Implied bound: 3
  MIR: 1
  Zero half: 1
  Relax-and-lift: 2

Explored 1 nodes (4324 simplex iterations) in 0.90 seconds (0.37 work units)
Thread count was 8 (of 8 available processors)

Solution count 1: 109 

Optimal solution found (tolerance 1.00e-04)
Best objective 1.090000000000e+02, best bound 1.090000000000e+02, gap 0.0000%

Gurobi 9.5.1 (win64, Java) logging started Thu May 26 14:28:39 2022

Set parameter Username
Academic license - for non-commercial use only - expires 2023-02-25
Gurobi Optimizer version 9.5.1 build v9.5.1rc2 (win64)
Thread count: 4 physical cores, 8 logical processors, using up to 8 threads
Optimize a model with 1562 rows, 1639 columns and 7566 nonzeros
Model fingerprint: 0x505f345a
Variable types: 0 continuous, 1639 integer (1600 binary)
Coefficient statistics:
  Matrix range     [1e+00, 4e+01]
  Objective range  [2e+00, 1e+01]
  Bounds range     [1e+00, 4e+01]
  RHS range        [1e+00, 4e+01]
Presolve removed 0 rows and 40 columns
Presolve time: 0.04s
Presolved: 1562 rows, 1599 columns, 7566 nonzeros
Variable types: 0 continuous, 1599 integer (1560 binary)
Found heuristic solution: objective 264.0000000

Root relaxation: objective 9.733333e+01, 162 iterations, 0.01 seconds (0.00 work units)

    Nodes    |    Current Node    |     Objective Bounds      |     Work
 Expl Unexpl |  Obj  Depth IntInf | Incumbent    BestBd   Gap | It/Node Time

     0     0   97.33333    0   58  264.00000   97.33333  63.1%     -    0s
     0     0  107.00000    0  102  264.00000  107.00000  59.5%     -    0s
H    0     0                     130.0000000  107.00000  17.7%     -    0s
H    0     0                     123.0000000  107.00000  13.0%     -    0s
     0     0  107.00000    0  107  123.00000  107.00000  13.0%     -    0s
     0     0  107.00000    0   54  123.00000  107.00000  13.0%     -    0s
     0     0  107.00000    0   58  123.00000  107.00000  13.0%     -    0s
H    0     0                     114.0000000  107.00000  6.14%     -    1s
     0     0  107.00000    0   24  114.00000  107.00000  6.14%     -    1s
     0     0  107.00000    0   25  114.00000  107.00000  6.14%     -    1s
     0     0  107.02198    0   27  114.00000  107.02198  6.12%     -    1s
     0     0  107.02198    0   27  114.00000  107.02198  6.12%     -    1s
     0     0  107.33333    0   35  114.00000  107.33333  5.85%     -    1s
     0     0  107.33333    0   62  114.00000  107.33333  5.85%     -    1s
     0     0  107.33333    0   85  114.00000  107.33333  5.85%     -    1s
     0     0  107.33333    0   91  114.00000  107.33333  5.85%     -    1s
     0     0  107.33333    0   98  114.00000  107.33333  5.85%     -    1s
     0     0  108.00000    0  107  114.00000  108.00000  5.26%     -    1s
     0     0  108.00000    0   99  114.00000  108.00000  5.26%     -    1s
     0     0  108.00000    0   96  114.00000  108.00000  5.26%     -    1s
     0     0  108.00000    0   98  114.00000  108.00000  5.26%     -    1s
H    0     0                     109.0000000  108.00000  0.92%     -    1s
     0     0  108.00000    0   24  109.00000  108.00000  0.92%     -    1s
     0     0 infeasible    0       109.00000  109.00000  0.00%     -    1s

Explored 1 nodes (2169 simplex iterations) in 1.68 seconds (0.47 work units)
Thread count was 8 (of 8 available processors)

Solution count 5: 109 114 123 ... 264

Optimal solution found (tolerance 1.00e-04)
Best objective 1.090000000000e+02, best bound 1.090000000000e+02, gap 0.0000%
Gurobi Optimizer version 9.5.1 build v9.5.1rc2 (win64)
Thread count: 4 physical cores, 8 logical processors, using up to 8 threads
Optimize a model with 1563 rows, 1639 columns and 9126 nonzeros
Model fingerprint: 0x9a0860e4
Variable types: 0 continuous, 1639 integer (1600 binary)
Coefficient statistics:
  Matrix range     [1e+00, 4e+01]
  Objective range  [2e+00, 1e+01]
  Bounds range     [1e+00, 4e+01]
  RHS range        [1e+00, 1e+02]
Presolve removed 0 rows and 40 columns
Presolve time: 0.01s
Presolved: 1563 rows, 1599 columns, 9052 nonzeros
Variable types: 0 continuous, 1599 integer (1560 binary)

Root relaxation: objective 1.090000e+02, 604 iterations, 0.01 seconds (0.01 work units)

    Nodes    |    Current Node    |     Objective Bounds      |     Work
 Expl Unexpl |  Obj  Depth IntInf | Incumbent    BestBd   Gap | It/Node Time

     0     0  109.00000    0   29          -  109.00000      -     -    0s
     0     0  109.00000    0   88          -  109.00000      -     -    0s
     0     0  109.00000    0   96          -  109.00000      -     -    0s
     0     0  109.00000    0   46          -  109.00000      -     -    0s
     0     0  109.00000    0   80          -  109.00000      -     -    0s
     0     0  109.00000    0   14          -  109.00000      -     -    1s
H    0     0                     109.0000000  109.00000  0.00%     -    1s
     0     0  109.00000    0   83  109.00000  109.00000  0.00%     -    1s

Cutting planes:
  Learned: 13
  Gomory: 1
  Implied bound: 3
  MIR: 1
  Zero half: 1
  Relax-and-lift: 2

Explored 1 nodes (4324 simplex iterations) in 1.10 seconds (0.37 work units)
Thread count was 8 (of 8 available processors)

Solution count 1: 109 

Optimal solution found (tolerance 1.00e-04)
Best objective 1.090000000000e+02, best bound 1.090000000000e+02, gap 0.0000%
Gurobi Optimizer version 9.5.1 build v9.5.1rc2 (win64)
Thread count: 4 physical cores, 8 logical processors, using up to 8 threads
Optimize a model with 1563 rows, 1639 columns and 9126 nonzeros
Model fingerprint: 0x9a0860e4
Variable types: 0 continuous, 1639 integer (1600 binary)
Coefficient statistics:
  Matrix range     [1e+00, 4e+01]
  Objective range  [2e+00, 1e+01]
  Bounds range     [1e+00, 4e+01]
  RHS range        [1e+00, 1e+02]

Loaded MIP start from previous solve with objective 109

Presolve removed 0 rows and 40 columns
Presolve time: 0.03s
Presolved: 1563 rows, 1599 columns, 9052 nonzeros
Variable types: 0 continuous, 1599 integer (1560 binary)

Root relaxation: cutoff, 604 iterations, 0.02 seconds (0.01 work units)

    Nodes    |    Current Node    |     Objective Bounds      |     Work
 Expl Unexpl |  Obj  Depth IntInf | Incumbent    BestBd   Gap | It/Node Time

     0     0     cutoff    0       109.00000  109.00000  0.00%     -    0s

Explored 1 nodes (604 simplex iterations) in 0.05 seconds (0.04 work units)
Thread count was 8 (of 8 available processors)

Solution count 1: 109 

Optimal solution found (tolerance 1.00e-04)
Best objective 1.090000000000e+02, best bound 1.090000000000e+02, gap 0.0000%

Gurobi 9.5.1 (win64, Java) logging started Thu May 26 14:30:00 2022

Set parameter Username
Academic license - for non-commercial use only - expires 2023-02-25
Gurobi Optimizer version 9.5.1 build v9.5.1rc2 (win64)
Thread count: 4 physical cores, 8 logical processors, using up to 8 threads
Optimize a model with 1562 rows, 1639 columns and 7566 nonzeros
Model fingerprint: 0x505f345a
Variable types: 0 continuous, 1639 integer (1600 binary)
Coefficient statistics:
  Matrix range     [1e+00, 4e+01]
  Objective range  [2e+00, 1e+01]
  Bounds range     [1e+00, 4e+01]
  RHS range        [1e+00, 4e+01]
Presolve removed 0 rows and 40 columns
Presolve time: 0.02s
Presolved: 1562 rows, 1599 columns, 7566 nonzeros
Variable types: 0 continuous, 1599 integer (1560 binary)
Found heuristic solution: objective 264.0000000

Root relaxation: objective 9.733333e+01, 162 iterations, 0.01 seconds (0.00 work units)

    Nodes    |    Current Node    |     Objective Bounds      |     Work
 Expl Unexpl |  Obj  Depth IntInf | Incumbent    BestBd   Gap | It/Node Time

     0     0   97.33333    0   58  264.00000   97.33333  63.1%     -    0s
     0     0  107.00000    0  102  264.00000  107.00000  59.5%     -    0s
H    0     0                     130.0000000  107.00000  17.7%     -    0s
H    0     0                     123.0000000  107.00000  13.0%     -    0s
     0     0  107.00000    0  107  123.00000  107.00000  13.0%     -    0s
     0     0  107.00000    0   54  123.00000  107.00000  13.0%     -    0s
     0     0  107.00000    0   58  123.00000  107.00000  13.0%     -    0s
H    0     0                     114.0000000  107.00000  6.14%     -    0s
     0     0  107.00000    0   24  114.00000  107.00000  6.14%     -    0s
     0     0  107.00000    0   25  114.00000  107.00000  6.14%     -    0s
     0     0  107.02198    0   27  114.00000  107.02198  6.12%     -    0s
     0     0  107.02198    0   27  114.00000  107.02198  6.12%     -    0s
     0     0  107.33333    0   35  114.00000  107.33333  5.85%     -    1s
     0     0  107.33333    0   62  114.00000  107.33333  5.85%     -    1s
     0     0  107.33333    0   85  114.00000  107.33333  5.85%     -    1s
     0     0  107.33333    0   91  114.00000  107.33333  5.85%     -    1s
     0     0  107.33333    0   98  114.00000  107.33333  5.85%     -    1s
     0     0  108.00000    0  107  114.00000  108.00000  5.26%     -    1s
     0     0  108.00000    0   99  114.00000  108.00000  5.26%     -    1s
     0     0  108.00000    0   96  114.00000  108.00000  5.26%     -    1s
     0     0  108.00000    0   98  114.00000  108.00000  5.26%     -    1s
H    0     0                     109.0000000  108.00000  0.92%     -    1s
     0     0  108.00000    0   24  109.00000  108.00000  0.92%     -    1s
     0     0 infeasible    0       109.00000  109.00000  0.00%     -    1s

Explored 1 nodes (2169 simplex iterations) in 1.58 seconds (0.47 work units)
Thread count was 8 (of 8 available processors)

Solution count 5: 109 114 123 ... 264

Optimal solution found (tolerance 1.00e-04)
Best objective 1.090000000000e+02, best bound 1.090000000000e+02, gap 0.0000%
Gurobi Optimizer version 9.5.1 build v9.5.1rc2 (win64)
Thread count: 4 physical cores, 8 logical processors, using up to 8 threads
Optimize a model with 1563 rows, 1639 columns and 9126 nonzeros
Model fingerprint: 0x9a0860e4
Variable types: 0 continuous, 1639 integer (1600 binary)
Coefficient statistics:
  Matrix range     [1e+00, 4e+01]
  Objective range  [2e+00, 1e+01]
  Bounds range     [1e+00, 4e+01]
  RHS range        [1e+00, 1e+02]
Presolve removed 0 rows and 40 columns
Presolve time: 0.04s
Presolved: 1563 rows, 1599 columns, 9052 nonzeros
Variable types: 0 continuous, 1599 integer (1560 binary)

Root relaxation: objective 1.090000e+02, 604 iterations, 0.02 seconds (0.01 work units)

    Nodes    |    Current Node    |     Objective Bounds      |     Work
 Expl Unexpl |  Obj  Depth IntInf | Incumbent    BestBd   Gap | It/Node Time

     0     0  109.00000    0   29          -  109.00000      -     -    0s
     0     0  109.00000    0   88          -  109.00000      -     -    0s
     0     0  109.00000    0   96          -  109.00000      -     -    0s
     0     0  109.00000    0   46          -  109.00000      -     -    0s
     0     0  109.00000    0   80          -  109.00000      -     -    0s
     0     0  109.00000    0   14          -  109.00000      -     -    1s
H    0     0                     109.0000000  109.00000  0.00%     -    1s
     0     0  109.00000    0   83  109.00000  109.00000  0.00%     -    1s

Cutting planes:
  Learned: 13
  Gomory: 1
  Implied bound: 3
  MIR: 1
  Zero half: 1
  Relax-and-lift: 2

Explored 1 nodes (4324 simplex iterations) in 1.15 seconds (0.37 work units)
Thread count was 8 (of 8 available processors)

Solution count 1: 109 

Optimal solution found (tolerance 1.00e-04)
Best objective 1.090000000000e+02, best bound 1.090000000000e+02, gap 0.0000%

Gurobi 9.5.1 (win64, Java) logging started Mon May 30 14:12:36 2022

Set parameter Username
Academic license - for non-commercial use only - expires 2023-02-25
Gurobi Optimizer version 9.5.1 build v9.5.1rc2 (win64)
Thread count: 4 physical cores, 8 logical processors, using up to 8 threads
Optimize a model with 1562 rows, 1639 columns and 7566 nonzeros
Model fingerprint: 0x505f345a
Variable types: 0 continuous, 1639 integer (1600 binary)
Coefficient statistics:
  Matrix range     [1e+00, 4e+01]
  Objective range  [2e+00, 1e+01]
  Bounds range     [1e+00, 4e+01]
  RHS range        [1e+00, 4e+01]
Presolve removed 0 rows and 40 columns
Presolve time: 0.03s
Presolved: 1562 rows, 1599 columns, 7566 nonzeros
Variable types: 0 continuous, 1599 integer (1560 binary)
Found heuristic solution: objective 264.0000000

Root relaxation: objective 9.733333e+01, 162 iterations, 0.01 seconds (0.00 work units)

    Nodes    |    Current Node    |     Objective Bounds      |     Work
 Expl Unexpl |  Obj  Depth IntInf | Incumbent    BestBd   Gap | It/Node Time

     0     0   97.33333    0   58  264.00000   97.33333  63.1%     -    0s
     0     0  107.00000    0  102  264.00000  107.00000  59.5%     -    0s
H    0     0                     130.0000000  107.00000  17.7%     -    0s
H    0     0                     123.0000000  107.00000  13.0%     -    0s
     0     0  107.00000    0  107  123.00000  107.00000  13.0%     -    0s
     0     0  107.00000    0   54  123.00000  107.00000  13.0%     -    0s
     0     0  107.00000    0   58  123.00000  107.00000  13.0%     -    0s
H    0     0                     114.0000000  107.00000  6.14%     -    0s
     0     0  107.00000    0   24  114.00000  107.00000  6.14%     -    0s
     0     0  107.00000    0   25  114.00000  107.00000  6.14%     -    0s
     0     0  107.02198    0   27  114.00000  107.02198  6.12%     -    1s
     0     0  107.02198    0   27  114.00000  107.02198  6.12%     -    1s
     0     0  107.33333    0   35  114.00000  107.33333  5.85%     -    1s
     0     0  107.33333    0   62  114.00000  107.33333  5.85%     -    1s
     0     0  107.33333    0   85  114.00000  107.33333  5.85%     -    1s
     0     0  107.33333    0   91  114.00000  107.33333  5.85%     -    1s
     0     0  107.33333    0   98  114.00000  107.33333  5.85%     -    1s
     0     0  108.00000    0  107  114.00000  108.00000  5.26%     -    1s
     0     0  108.00000    0   99  114.00000  108.00000  5.26%     -    1s
     0     0  108.00000    0   96  114.00000  108.00000  5.26%     -    1s
     0     0  108.00000    0   98  114.00000  108.00000  5.26%     -    1s
H    0     0                     109.0000000  108.00000  0.92%     -    1s
     0     0  108.00000    0   24  109.00000  108.00000  0.92%     -    1s
     0     0 infeasible    0       109.00000  109.00000  0.00%     -    1s

Explored 1 nodes (2169 simplex iterations) in 1.60 seconds (0.47 work units)
Thread count was 8 (of 8 available processors)

Solution count 5: 109 114 123 ... 264

Optimal solution found (tolerance 1.00e-04)
Best objective 1.090000000000e+02, best bound 1.090000000000e+02, gap 0.0000%
Gurobi Optimizer version 9.5.1 build v9.5.1rc2 (win64)
Thread count: 4 physical cores, 8 logical processors, using up to 8 threads
Optimize a model with 1563 rows, 1639 columns and 9126 nonzeros
Model fingerprint: 0x9a0860e4
Variable types: 0 continuous, 1639 integer (1600 binary)
Coefficient statistics:
  Matrix range     [1e+00, 4e+01]
  Objective range  [2e+00, 1e+01]
  Bounds range     [1e+00, 4e+01]
  RHS range        [1e+00, 1e+02]
Presolve removed 0 rows and 40 columns
Presolve time: 0.03s
Presolved: 1563 rows, 1599 columns, 9052 nonzeros
Variable types: 0 continuous, 1599 integer (1560 binary)

Root relaxation: objective 1.090000e+02, 604 iterations, 0.02 seconds (0.01 work units)

    Nodes    |    Current Node    |     Objective Bounds      |     Work
 Expl Unexpl |  Obj  Depth IntInf | Incumbent    BestBd   Gap | It/Node Time

     0     0  109.00000    0   29          -  109.00000      -     -    0s
     0     0  109.00000    0   88          -  109.00000      -     -    0s
     0     0  109.00000    0   96          -  109.00000      -     -    0s
     0     0  109.00000    0   46          -  109.00000      -     -    0s
     0     0  109.00000    0   80          -  109.00000      -     -    0s
     0     0  109.00000    0   14          -  109.00000      -     -    0s
H    0     0                     109.0000000  109.00000  0.00%     -    0s
     0     0  109.00000    0   83  109.00000  109.00000  0.00%     -    0s

Cutting planes:
  Learned: 13
  Gomory: 1
  Implied bound: 3
  MIR: 1
  Zero half: 1
  Relax-and-lift: 2

Explored 1 nodes (4324 simplex iterations) in 0.91 seconds (0.37 work units)
Thread count was 8 (of 8 available processors)

Solution count 1: 109 

Optimal solution found (tolerance 1.00e-04)
Best objective 1.090000000000e+02, best bound 1.090000000000e+02, gap 0.0000%
Gurobi Optimizer version 9.5.1 build v9.5.1rc2 (win64)
Thread count: 4 physical cores, 8 logical processors, using up to 8 threads
Optimize a model with 1566 rows, 1643 columns and 9175 nonzeros
Model fingerprint: 0x3a2cbfbf
Variable types: 0 continuous, 1643 integer (1604 binary)
Coefficient statistics:
  Matrix range     [1e+00, 3e+02]
  Objective range  [2e+00, 1e+01]
  Bounds range     [1e+00, 4e+01]
  RHS range        [1e+00, 4e+02]
Presolve removed 0 rows and 81 columns
Presolve time: 0.00s

Explored 0 nodes (0 simplex iterations) in 0.00 seconds (0.00 work units)
Thread count was 1 (of 8 available processors)

Solution count 0

Model is infeasible
Best objective -, best bound -, gap -

Gurobi 9.5.1 (win64, Java) logging started Mon May 30 14:17:47 2022

Set parameter Username
Academic license - for non-commercial use only - expires 2023-02-25
Gurobi Optimizer version 9.5.1 build v9.5.1rc2 (win64)
Thread count: 4 physical cores, 8 logical processors, using up to 8 threads
Optimize a model with 1562 rows, 1639 columns and 7566 nonzeros
Model fingerprint: 0x505f345a
Variable types: 0 continuous, 1639 integer (1600 binary)
Coefficient statistics:
  Matrix range     [1e+00, 4e+01]
  Objective range  [2e+00, 1e+01]
  Bounds range     [1e+00, 4e+01]
  RHS range        [1e+00, 4e+01]
Presolve removed 0 rows and 40 columns
Presolve time: 0.03s
Presolved: 1562 rows, 1599 columns, 7566 nonzeros
Variable types: 0 continuous, 1599 integer (1560 binary)
Found heuristic solution: objective 264.0000000

Root relaxation: objective 9.733333e+01, 162 iterations, 0.01 seconds (0.00 work units)

    Nodes    |    Current Node    |     Objective Bounds      |     Work
 Expl Unexpl |  Obj  Depth IntInf | Incumbent    BestBd   Gap | It/Node Time

     0     0   97.33333    0   58  264.00000   97.33333  63.1%     -    0s
     0     0  107.00000    0  102  264.00000  107.00000  59.5%     -    0s
H    0     0                     130.0000000  107.00000  17.7%     -    0s
H    0     0                     123.0000000  107.00000  13.0%     -    0s
     0     0  107.00000    0  107  123.00000  107.00000  13.0%     -    0s
     0     0  107.00000    0   54  123.00000  107.00000  13.0%     -    0s
     0     0  107.00000    0   58  123.00000  107.00000  13.0%     -    0s
H    0     0                     114.0000000  107.00000  6.14%     -    0s
     0     0  107.00000    0   24  114.00000  107.00000  6.14%     -    1s
     0     0  107.00000    0   25  114.00000  107.00000  6.14%     -    1s
     0     0  107.02198    0   27  114.00000  107.02198  6.12%     -    1s
     0     0  107.02198    0   27  114.00000  107.02198  6.12%     -    1s
     0     0  107.33333    0   35  114.00000  107.33333  5.85%     -    1s
     0     0  107.33333    0   62  114.00000  107.33333  5.85%     -    1s
     0     0  107.33333    0   85  114.00000  107.33333  5.85%     -    1s
     0     0  107.33333    0   91  114.00000  107.33333  5.85%     -    1s
     0     0  107.33333    0   98  114.00000  107.33333  5.85%     -    1s
     0     0  108.00000    0  107  114.00000  108.00000  5.26%     -    1s
     0     0  108.00000    0   99  114.00000  108.00000  5.26%     -    1s
     0     0  108.00000    0   96  114.00000  108.00000  5.26%     -    1s
     0     0  108.00000    0   98  114.00000  108.00000  5.26%     -    1s
H    0     0                     109.0000000  108.00000  0.92%     -    1s
     0     0  108.00000    0   24  109.00000  108.00000  0.92%     -    1s
     0     0 infeasible    0       109.00000  109.00000  0.00%     -    1s

Explored 1 nodes (2169 simplex iterations) in 1.71 seconds (0.47 work units)
Thread count was 8 (of 8 available processors)

Solution count 5: 109 114 123 ... 264

Optimal solution found (tolerance 1.00e-04)
Best objective 1.090000000000e+02, best bound 1.090000000000e+02, gap 0.0000%
Gurobi Optimizer version 9.5.1 build v9.5.1rc2 (win64)
Thread count: 4 physical cores, 8 logical processors, using up to 8 threads
Optimize a model with 1563 rows, 1639 columns and 9126 nonzeros
Model fingerprint: 0x9a0860e4
Variable types: 0 continuous, 1639 integer (1600 binary)
Coefficient statistics:
  Matrix range     [1e+00, 4e+01]
  Objective range  [2e+00, 1e+01]
  Bounds range     [1e+00, 4e+01]
  RHS range        [1e+00, 1e+02]
Presolve removed 0 rows and 40 columns
Presolve time: 0.03s
Presolved: 1563 rows, 1599 columns, 9052 nonzeros
Variable types: 0 continuous, 1599 integer (1560 binary)

Root relaxation: objective 1.090000e+02, 604 iterations, 0.02 seconds (0.01 work units)

    Nodes    |    Current Node    |     Objective Bounds      |     Work
 Expl Unexpl |  Obj  Depth IntInf | Incumbent    BestBd   Gap | It/Node Time

     0     0  109.00000    0   29          -  109.00000      -     -    0s
     0     0  109.00000    0   88          -  109.00000      -     -    0s
     0     0  109.00000    0   96          -  109.00000      -     -    0s
     0     0  109.00000    0   46          -  109.00000      -     -    0s
     0     0  109.00000    0   80          -  109.00000      -     -    0s
     0     0  109.00000    0   14          -  109.00000      -     -    0s
H    0     0                     109.0000000  109.00000  0.00%     -    1s
     0     0  109.00000    0   83  109.00000  109.00000  0.00%     -    1s

Cutting planes:
  Learned: 13
  Gomory: 1
  Implied bound: 3
  MIR: 1
  Zero half: 1
  Relax-and-lift: 2

Explored 1 nodes (4324 simplex iterations) in 1.02 seconds (0.37 work units)
Thread count was 8 (of 8 available processors)

Solution count 1: 109 

Optimal solution found (tolerance 1.00e-04)
Best objective 1.090000000000e+02, best bound 1.090000000000e+02, gap 0.0000%
Gurobi Optimizer version 9.5.1 build v9.5.1rc2 (win64)
Thread count: 4 physical cores, 8 logical processors, using up to 8 threads
Optimize a model with 1566 rows, 1643 columns and 9175 nonzeros
Model fingerprint: 0x3a2cbfbf
Variable types: 0 continuous, 1643 integer (1604 binary)
Coefficient statistics:
  Matrix range     [1e+00, 3e+02]
  Objective range  [2e+00, 1e+01]
  Bounds range     [1e+00, 4e+01]
  RHS range        [1e+00, 4e+02]
Presolve removed 0 rows and 81 columns
Presolve time: 0.00s

Explored 0 nodes (0 simplex iterations) in 0.01 seconds (0.00 work units)
Thread count was 1 (of 8 available processors)

Solution count 0

Model is infeasible
Best objective -, best bound -, gap -

Gurobi 9.5.1 (win64, Java) logging started Mon May 30 14:22:24 2022

Set parameter Username
Academic license - for non-commercial use only - expires 2023-02-25
Gurobi Optimizer version 9.5.1 build v9.5.1rc2 (win64)
Thread count: 4 physical cores, 8 logical processors, using up to 8 threads
Optimize a model with 1562 rows, 1639 columns and 7566 nonzeros
Model fingerprint: 0x505f345a
Variable types: 0 continuous, 1639 integer (1600 binary)
Coefficient statistics:
  Matrix range     [1e+00, 4e+01]
  Objective range  [2e+00, 1e+01]
  Bounds range     [1e+00, 4e+01]
  RHS range        [1e+00, 4e+01]
Presolve removed 0 rows and 40 columns
Presolve time: 0.02s
Presolved: 1562 rows, 1599 columns, 7566 nonzeros
Variable types: 0 continuous, 1599 integer (1560 binary)
Found heuristic solution: objective 264.0000000

Root relaxation: objective 9.733333e+01, 162 iterations, 0.01 seconds (0.00 work units)

    Nodes    |    Current Node    |     Objective Bounds      |     Work
 Expl Unexpl |  Obj  Depth IntInf | Incumbent    BestBd   Gap | It/Node Time

     0     0   97.33333    0   58  264.00000   97.33333  63.1%     -    0s
     0     0  107.00000    0  102  264.00000  107.00000  59.5%     -    0s
H    0     0                     130.0000000  107.00000  17.7%     -    0s
H    0     0                     123.0000000  107.00000  13.0%     -    0s
     0     0  107.00000    0  107  123.00000  107.00000  13.0%     -    0s
     0     0  107.00000    0   54  123.00000  107.00000  13.0%     -    0s
     0     0  107.00000    0   58  123.00000  107.00000  13.0%     -    0s
H    0     0                     114.0000000  107.00000  6.14%     -    0s
     0     0  107.00000    0   24  114.00000  107.00000  6.14%     -    0s
     0     0  107.00000    0   25  114.00000  107.00000  6.14%     -    0s
     0     0  107.02198    0   27  114.00000  107.02198  6.12%     -    1s
     0     0  107.02198    0   27  114.00000  107.02198  6.12%     -    1s
     0     0  107.33333    0   35  114.00000  107.33333  5.85%     -    1s
     0     0  107.33333    0   62  114.00000  107.33333  5.85%     -    1s
     0     0  107.33333    0   85  114.00000  107.33333  5.85%     -    1s
     0     0  107.33333    0   91  114.00000  107.33333  5.85%     -    1s
     0     0  107.33333    0   98  114.00000  107.33333  5.85%     -    1s
     0     0  108.00000    0  107  114.00000  108.00000  5.26%     -    1s
     0     0  108.00000    0   99  114.00000  108.00000  5.26%     -    1s
     0     0  108.00000    0   96  114.00000  108.00000  5.26%     -    1s
     0     0  108.00000    0   98  114.00000  108.00000  5.26%     -    1s
H    0     0                     109.0000000  108.00000  0.92%     -    1s
     0     0  108.00000    0   24  109.00000  108.00000  0.92%     -    1s
     0     0 infeasible    0       109.00000  109.00000  0.00%     -    1s

Explored 1 nodes (2169 simplex iterations) in 1.70 seconds (0.47 work units)
Thread count was 8 (of 8 available processors)

Solution count 5: 109 114 123 ... 264

Optimal solution found (tolerance 1.00e-04)
Best objective 1.090000000000e+02, best bound 1.090000000000e+02, gap 0.0000%
Gurobi Optimizer version 9.5.1 build v9.5.1rc2 (win64)
Thread count: 4 physical cores, 8 logical processors, using up to 8 threads
Optimize a model with 1563 rows, 1639 columns and 9126 nonzeros
Model fingerprint: 0x9a0860e4
Variable types: 0 continuous, 1639 integer (1600 binary)
Coefficient statistics:
  Matrix range     [1e+00, 4e+01]
  Objective range  [2e+00, 1e+01]
  Bounds range     [1e+00, 4e+01]
  RHS range        [1e+00, 1e+02]
Presolve removed 0 rows and 40 columns
Presolve time: 0.04s
Presolved: 1563 rows, 1599 columns, 9052 nonzeros
Variable types: 0 continuous, 1599 integer (1560 binary)

Root relaxation: objective 1.090000e+02, 604 iterations, 0.02 seconds (0.01 work units)

    Nodes    |    Current Node    |     Objective Bounds      |     Work
 Expl Unexpl |  Obj  Depth IntInf | Incumbent    BestBd   Gap | It/Node Time

     0     0  109.00000    0   29          -  109.00000      -     -    0s
     0     0  109.00000    0   88          -  109.00000      -     -    0s
     0     0  109.00000    0   96          -  109.00000      -     -    0s
     0     0  109.00000    0   46          -  109.00000      -     -    0s
     0     0  109.00000    0   80          -  109.00000      -     -    0s
     0     0  109.00000    0   14          -  109.00000      -     -    0s
H    0     0                     109.0000000  109.00000  0.00%     -    1s
     0     0  109.00000    0   83  109.00000  109.00000  0.00%     -    1s

Cutting planes:
  Learned: 13
  Gomory: 1
  Implied bound: 3
  MIR: 1
  Zero half: 1
  Relax-and-lift: 2

Explored 1 nodes (4324 simplex iterations) in 1.02 seconds (0.37 work units)
Thread count was 8 (of 8 available processors)

Solution count 1: 109 

Optimal solution found (tolerance 1.00e-04)
Best objective 1.090000000000e+02, best bound 1.090000000000e+02, gap 0.0000%
Gurobi Optimizer version 9.5.1 build v9.5.1rc2 (win64)
Thread count: 4 physical cores, 8 logical processors, using up to 8 threads
Optimize a model with 1566 rows, 1643 columns and 9175 nonzeros
Model fingerprint: 0x3a2cbfbf
Variable types: 0 continuous, 1643 integer (1604 binary)
Coefficient statistics:
  Matrix range     [1e+00, 3e+02]
  Objective range  [2e+00, 1e+01]
  Bounds range     [1e+00, 4e+01]
  RHS range        [1e+00, 4e+02]
Presolve removed 0 rows and 81 columns
Presolve time: 0.00s

Explored 0 nodes (0 simplex iterations) in 0.00 seconds (0.00 work units)
Thread count was 1 (of 8 available processors)

Solution count 0

Model is infeasible
Best objective -, best bound -, gap -

Gurobi 9.5.1 (win64, Java) logging started Mon May 30 14:23:34 2022

Set parameter Username
Academic license - for non-commercial use only - expires 2023-02-25
Gurobi Optimizer version 9.5.1 build v9.5.1rc2 (win64)
Thread count: 4 physical cores, 8 logical processors, using up to 8 threads
Optimize a model with 1562 rows, 1639 columns and 7566 nonzeros
Model fingerprint: 0x505f345a
Variable types: 0 continuous, 1639 integer (1600 binary)
Coefficient statistics:
  Matrix range     [1e+00, 4e+01]
  Objective range  [2e+00, 1e+01]
  Bounds range     [1e+00, 4e+01]
  RHS range        [1e+00, 4e+01]
Presolve removed 0 rows and 40 columns
Presolve time: 0.03s
Presolved: 1562 rows, 1599 columns, 7566 nonzeros
Variable types: 0 continuous, 1599 integer (1560 binary)
Found heuristic solution: objective 264.0000000

Root relaxation: objective 9.733333e+01, 162 iterations, 0.01 seconds (0.00 work units)

    Nodes    |    Current Node    |     Objective Bounds      |     Work
 Expl Unexpl |  Obj  Depth IntInf | Incumbent    BestBd   Gap | It/Node Time

     0     0   97.33333    0   58  264.00000   97.33333  63.1%     -    0s
     0     0  107.00000    0  102  264.00000  107.00000  59.5%     -    0s
H    0     0                     130.0000000  107.00000  17.7%     -    0s
H    0     0                     123.0000000  107.00000  13.0%     -    0s
     0     0  107.00000    0  107  123.00000  107.00000  13.0%     -    0s
     0     0  107.00000    0   54  123.00000  107.00000  13.0%     -    0s
     0     0  107.00000    0   58  123.00000  107.00000  13.0%     -    0s
H    0     0                     114.0000000  107.00000  6.14%     -    0s
     0     0  107.00000    0   24  114.00000  107.00000  6.14%     -    0s
     0     0  107.00000    0   25  114.00000  107.00000  6.14%     -    0s
     0     0  107.02198    0   27  114.00000  107.02198  6.12%     -    1s
     0     0  107.02198    0   27  114.00000  107.02198  6.12%     -    1s
     0     0  107.33333    0   35  114.00000  107.33333  5.85%     -    1s
     0     0  107.33333    0   62  114.00000  107.33333  5.85%     -    1s
     0     0  107.33333    0   85  114.00000  107.33333  5.85%     -    1s
     0     0  107.33333    0   91  114.00000  107.33333  5.85%     -    1s
     0     0  107.33333    0   98  114.00000  107.33333  5.85%     -    1s
     0     0  108.00000    0  107  114.00000  108.00000  5.26%     -    1s
     0     0  108.00000    0   99  114.00000  108.00000  5.26%     -    1s
     0     0  108.00000    0   96  114.00000  108.00000  5.26%     -    1s
     0     0  108.00000    0   98  114.00000  108.00000  5.26%     -    1s
H    0     0                     109.0000000  108.00000  0.92%     -    1s
     0     0  108.00000    0   24  109.00000  108.00000  0.92%     -    1s
     0     0 infeasible    0       109.00000  109.00000  0.00%     -    1s

Explored 1 nodes (2169 simplex iterations) in 1.67 seconds (0.47 work units)
Thread count was 8 (of 8 available processors)

Solution count 5: 109 114 123 ... 264

Optimal solution found (tolerance 1.00e-04)
Best objective 1.090000000000e+02, best bound 1.090000000000e+02, gap 0.0000%
Gurobi Optimizer version 9.5.1 build v9.5.1rc2 (win64)
Thread count: 4 physical cores, 8 logical processors, using up to 8 threads
Optimize a model with 1563 rows, 1639 columns and 9126 nonzeros
Model fingerprint: 0x9a0860e4
Variable types: 0 continuous, 1639 integer (1600 binary)
Coefficient statistics:
  Matrix range     [1e+00, 4e+01]
  Objective range  [2e+00, 1e+01]
  Bounds range     [1e+00, 4e+01]
  RHS range        [1e+00, 1e+02]
Presolve removed 0 rows and 40 columns
Presolve time: 0.05s
Presolved: 1563 rows, 1599 columns, 9052 nonzeros
Variable types: 0 continuous, 1599 integer (1560 binary)

Root relaxation: objective 1.090000e+02, 604 iterations, 0.02 seconds (0.01 work units)

    Nodes    |    Current Node    |     Objective Bounds      |     Work
 Expl Unexpl |  Obj  Depth IntInf | Incumbent    BestBd   Gap | It/Node Time

     0     0  109.00000    0   29          -  109.00000      -     -    0s
     0     0  109.00000    0   88          -  109.00000      -     -    0s
     0     0  109.00000    0   96          -  109.00000      -     -    0s
     0     0  109.00000    0   46          -  109.00000      -     -    0s
     0     0  109.00000    0   80          -  109.00000      -     -    0s
     0     0  109.00000    0   14          -  109.00000      -     -    0s
H    0     0                     109.0000000  109.00000  0.00%     -    0s
     0     0  109.00000    0   83  109.00000  109.00000  0.00%     -    0s

Cutting planes:
  Learned: 13
  Gomory: 1
  Implied bound: 3
  MIR: 1
  Zero half: 1
  Relax-and-lift: 2

Explored 1 nodes (4324 simplex iterations) in 1.01 seconds (0.37 work units)
Thread count was 8 (of 8 available processors)

Solution count 1: 109 

Optimal solution found (tolerance 1.00e-04)
Best objective 1.090000000000e+02, best bound 1.090000000000e+02, gap 0.0000%
Gurobi Optimizer version 9.5.1 build v9.5.1rc2 (win64)
Thread count: 4 physical cores, 8 logical processors, using up to 8 threads
Optimize a model with 1566 rows, 1643 columns and 9175 nonzeros
Model fingerprint: 0x3a2cbfbf
Variable types: 0 continuous, 1643 integer (1604 binary)
Coefficient statistics:
  Matrix range     [1e+00, 3e+02]
  Objective range  [2e+00, 1e+01]
  Bounds range     [1e+00, 4e+01]
  RHS range        [1e+00, 4e+02]
Presolve removed 0 rows and 81 columns
Presolve time: 0.00s

Explored 0 nodes (0 simplex iterations) in 0.01 seconds (0.00 work units)
Thread count was 1 (of 8 available processors)

Solution count 0

Model is infeasible
Best objective -, best bound -, gap -

Gurobi 9.5.1 (win64, Java) logging started Mon May 30 14:35:45 2022

Set parameter Username
Academic license - for non-commercial use only - expires 2023-02-25
Gurobi Optimizer version 9.5.1 build v9.5.1rc2 (win64)
Thread count: 4 physical cores, 8 logical processors, using up to 8 threads
Optimize a model with 1562 rows, 1639 columns and 7566 nonzeros
Model fingerprint: 0x505f345a
Variable types: 0 continuous, 1639 integer (1600 binary)
Coefficient statistics:
  Matrix range     [1e+00, 4e+01]
  Objective range  [2e+00, 1e+01]
  Bounds range     [1e+00, 4e+01]
  RHS range        [1e+00, 4e+01]
Presolve removed 0 rows and 40 columns
Presolve time: 0.02s
Presolved: 1562 rows, 1599 columns, 7566 nonzeros
Variable types: 0 continuous, 1599 integer (1560 binary)
Found heuristic solution: objective 264.0000000

Root relaxation: objective 9.733333e+01, 162 iterations, 0.01 seconds (0.00 work units)

    Nodes    |    Current Node    |     Objective Bounds      |     Work
 Expl Unexpl |  Obj  Depth IntInf | Incumbent    BestBd   Gap | It/Node Time

     0     0   97.33333    0   58  264.00000   97.33333  63.1%     -    0s
     0     0  107.00000    0  102  264.00000  107.00000  59.5%     -    0s
H    0     0                     130.0000000  107.00000  17.7%     -    0s
H    0     0                     123.0000000  107.00000  13.0%     -    0s
     0     0  107.00000    0  107  123.00000  107.00000  13.0%     -    0s
     0     0  107.00000    0   54  123.00000  107.00000  13.0%     -    0s
     0     0  107.00000    0   58  123.00000  107.00000  13.0%     -    0s
H    0     0                     114.0000000  107.00000  6.14%     -    0s
     0     0  107.00000    0   24  114.00000  107.00000  6.14%     -    0s
     0     0  107.00000    0   25  114.00000  107.00000  6.14%     -    0s
     0     0  107.02198    0   27  114.00000  107.02198  6.12%     -    1s
     0     0  107.02198    0   27  114.00000  107.02198  6.12%     -    1s
     0     0  107.33333    0   35  114.00000  107.33333  5.85%     -    1s
     0     0  107.33333    0   62  114.00000  107.33333  5.85%     -    1s
     0     0  107.33333    0   85  114.00000  107.33333  5.85%     -    1s
     0     0  107.33333    0   91  114.00000  107.33333  5.85%     -    1s
     0     0  107.33333    0   98  114.00000  107.33333  5.85%     -    1s
     0     0  108.00000    0  107  114.00000  108.00000  5.26%     -    1s
     0     0  108.00000    0   99  114.00000  108.00000  5.26%     -    1s
     0     0  108.00000    0   96  114.00000  108.00000  5.26%     -    1s
     0     0  108.00000    0   98  114.00000  108.00000  5.26%     -    1s
H    0     0                     109.0000000  108.00000  0.92%     -    1s
     0     0  108.00000    0   24  109.00000  108.00000  0.92%     -    1s
     0     0 infeasible    0       109.00000  109.00000  0.00%     -    1s

Explored 1 nodes (2169 simplex iterations) in 1.62 seconds (0.47 work units)
Thread count was 8 (of 8 available processors)

Solution count 5: 109 114 123 ... 264

Optimal solution found (tolerance 1.00e-04)
Best objective 1.090000000000e+02, best bound 1.090000000000e+02, gap 0.0000%
Gurobi Optimizer version 9.5.1 build v9.5.1rc2 (win64)
Thread count: 4 physical cores, 8 logical processors, using up to 8 threads
Optimize a model with 1563 rows, 1639 columns and 9126 nonzeros
Model fingerprint: 0x9a0860e4
Variable types: 0 continuous, 1639 integer (1600 binary)
Coefficient statistics:
  Matrix range     [1e+00, 4e+01]
  Objective range  [2e+00, 1e+01]
  Bounds range     [1e+00, 4e+01]
  RHS range        [1e+00, 1e+02]
Presolve removed 0 rows and 40 columns
Presolve time: 0.04s
Presolved: 1563 rows, 1599 columns, 9052 nonzeros
Variable types: 0 continuous, 1599 integer (1560 binary)

Root relaxation: objective 1.090000e+02, 604 iterations, 0.02 seconds (0.01 work units)

    Nodes    |    Current Node    |     Objective Bounds      |     Work
 Expl Unexpl |  Obj  Depth IntInf | Incumbent    BestBd   Gap | It/Node Time

     0     0  109.00000    0   29          -  109.00000      -     -    0s
     0     0  109.00000    0   88          -  109.00000      -     -    0s
     0     0  109.00000    0   96          -  109.00000      -     -    0s
     0     0  109.00000    0   46          -  109.00000      -     -    0s
     0     0  109.00000    0   80          -  109.00000      -     -    0s
     0     0  109.00000    0   14          -  109.00000      -     -    0s
H    0     0                     109.0000000  109.00000  0.00%     -    0s
     0     0  109.00000    0   83  109.00000  109.00000  0.00%     -    0s

Cutting planes:
  Learned: 13
  Gomory: 1
  Implied bound: 3
  MIR: 1
  Zero half: 1
  Relax-and-lift: 2

Explored 1 nodes (4324 simplex iterations) in 0.99 seconds (0.37 work units)
Thread count was 8 (of 8 available processors)

Solution count 1: 109 

Optimal solution found (tolerance 1.00e-04)
Best objective 1.090000000000e+02, best bound 1.090000000000e+02, gap 0.0000%
Gurobi Optimizer version 9.5.1 build v9.5.1rc2 (win64)
Thread count: 4 physical cores, 8 logical processors, using up to 8 threads
Optimize a model with 1570 rows, 1643 columns and 9185 nonzeros
Model fingerprint: 0x74646c09
Variable types: 0 continuous, 1643 integer (1604 binary)
Coefficient statistics:
  Matrix range     [1e+00, 3e+02]
  Objective range  [2e+00, 1e+01]
  Bounds range     [1e+00, 4e+01]
  RHS range        [1e+00, 4e+02]
Presolve removed 4 rows and 83 columns
Presolve time: 0.00s

Explored 0 nodes (0 simplex iterations) in 0.00 seconds (0.00 work units)
Thread count was 1 (of 8 available processors)

Solution count 0

Model is infeasible
Best objective -, best bound -, gap -

Gurobi 9.5.1 (win64, Java) logging started Mon May 30 14:36:40 2022

Set parameter Username
Academic license - for non-commercial use only - expires 2023-02-25
Gurobi Optimizer version 9.5.1 build v9.5.1rc2 (win64)
Thread count: 4 physical cores, 8 logical processors, using up to 8 threads
Optimize a model with 1562 rows, 1639 columns and 7566 nonzeros
Model fingerprint: 0xcce8c2e1
Variable types: 0 continuous, 1639 integer (1600 binary)
Coefficient statistics:
  Matrix range     [1e+00, 4e+01]
  Objective range  [2e+00, 1e+01]
  Bounds range     [1e+00, 4e+01]
  RHS range        [1e+00, 4e+01]
Presolve removed 0 rows and 40 columns
Presolve time: 0.02s
Presolved: 1562 rows, 1599 columns, 7566 nonzeros
Variable types: 0 continuous, 1599 integer (1560 binary)

Root relaxation: objective 9.765000e+01, 162 iterations, 0.01 seconds (0.00 work units)

    Nodes    |    Current Node    |     Objective Bounds      |     Work
 Expl Unexpl |  Obj  Depth IntInf | Incumbent    BestBd   Gap | It/Node Time

     0     0   97.65000    0   57          -   97.65000      -     -    0s
     0     0  107.00000    0   84          -  107.00000      -     -    0s
     0     0  107.00000    0   75          -  107.00000      -     -    0s
     0     0  107.00000    0  105          -  107.00000      -     -    0s
     0     0  107.00000    0  103          -  107.00000      -     -    0s
     0     0  107.00000    0   40          -  107.00000      -     -    0s
     0     0  107.00000    0   42          -  107.00000      -     -    0s
     0     0  107.00000    0   45          -  107.00000      -     -    0s
     0     0  107.00000    0   50          -  107.00000      -     -    0s
     0     0  107.00000    0   50          -  107.00000      -     -    0s
     0     0  107.00000    0   53          -  107.00000      -     -    0s
     0     0  107.00000    0   45          -  107.00000      -     -    1s
     0     2  107.15000    0   41          -  107.15000      -     -    1s

Gurobi 9.5.1 (win64, Java) logging started Mon May 30 14:36:59 2022

Set parameter Username
Academic license - for non-commercial use only - expires 2023-02-25
Gurobi Optimizer version 9.5.1 build v9.5.1rc2 (win64)
Thread count: 4 physical cores, 8 logical processors, using up to 8 threads
Optimize a model with 1562 rows, 1639 columns and 7566 nonzeros
Model fingerprint: 0x2abfd228
Variable types: 0 continuous, 1639 integer (1600 binary)
Coefficient statistics:
  Matrix range     [1e+00, 4e+01]
  Objective range  [2e+00, 1e+01]
  Bounds range     [1e+00, 4e+01]
  RHS range        [1e+00, 4e+01]
Presolve removed 0 rows and 40 columns
Presolve time: 0.02s
Presolved: 1562 rows, 1599 columns, 7566 nonzeros
Variable types: 0 continuous, 1599 integer (1560 binary)
Found heuristic solution: objective 264.0000000

Root relaxation: objective 9.733333e+01, 162 iterations, 0.01 seconds (0.00 work units)

    Nodes    |    Current Node    |     Objective Bounds      |     Work
 Expl Unexpl |  Obj  Depth IntInf | Incumbent    BestBd   Gap | It/Node Time

     0     0   97.33333    0   58  264.00000   97.33333  63.1%     -    0s
     0     0  107.00000    0  102  264.00000  107.00000  59.5%     -    0s
H    0     0                     130.0000000  107.00000  17.7%     -    0s
H    0     0                     123.0000000  107.00000  13.0%     -    0s
     0     0  107.00000    0  107  123.00000  107.00000  13.0%     -    0s
     0     0  107.00000    0   54  123.00000  107.00000  13.0%     -    0s
     0     0  107.00000    0   58  123.00000  107.00000  13.0%     -    0s
H    0     0                     114.0000000  107.00000  6.14%     -    0s
     0     0  107.00000    0   24  114.00000  107.00000  6.14%     -    0s
     0     0  107.00000    0   25  114.00000  107.00000  6.14%     -    0s
     0     0  107.02198    0   27  114.00000  107.02198  6.12%     -    1s
     0     0  107.02198    0   27  114.00000  107.02198  6.12%     -    1s
     0     0  107.33333    0   35  114.00000  107.33333  5.85%     -    1s
     0     0  107.33333    0   62  114.00000  107.33333  5.85%     -    1s
     0     0  107.33333    0   85  114.00000  107.33333  5.85%     -    1s
     0     0  107.33333    0   91  114.00000  107.33333  5.85%     -    1s
     0     0  107.33333    0   98  114.00000  107.33333  5.85%     -    1s
     0     0  108.00000    0  107  114.00000  108.00000  5.26%     -    1s
     0     0  108.00000    0   99  114.00000  108.00000  5.26%     -    1s
     0     0  108.00000    0   96  114.00000  108.00000  5.26%     -    1s
     0     0  108.00000    0   98  114.00000  108.00000  5.26%     -    1s
H    0     0                     109.0000000  108.00000  0.92%     -    1s
     0     0  108.00000    0   24  109.00000  108.00000  0.92%     -    1s
     0     0 infeasible    0       109.00000  109.00000  0.00%     -    1s

Explored 1 nodes (2169 simplex iterations) in 1.65 seconds (0.47 work units)
Thread count was 8 (of 8 available processors)

Solution count 5: 109 114 123 ... 264

Optimal solution found (tolerance 1.00e-04)
Best objective 1.090000000000e+02, best bound 1.090000000000e+02, gap 0.0000%
Gurobi Optimizer version 9.5.1 build v9.5.1rc2 (win64)
Thread count: 4 physical cores, 8 logical processors, using up to 8 threads
Optimize a model with 1563 rows, 1639 columns and 9126 nonzeros
Model fingerprint: 0xbd59657e
Variable types: 0 continuous, 1639 integer (1600 binary)
Coefficient statistics:
  Matrix range     [1e+00, 4e+01]
  Objective range  [2e+00, 1e+01]
  Bounds range     [1e+00, 4e+01]
  RHS range        [1e+00, 1e+02]
Presolve removed 0 rows and 40 columns
Presolve time: 0.04s
Presolved: 1563 rows, 1599 columns, 9052 nonzeros
Variable types: 0 continuous, 1599 integer (1560 binary)

Root relaxation: objective 1.090000e+02, 604 iterations, 0.02 seconds (0.01 work units)

    Nodes    |    Current Node    |     Objective Bounds      |     Work
 Expl Unexpl |  Obj  Depth IntInf | Incumbent    BestBd   Gap | It/Node Time

     0     0  109.00000    0   29          -  109.00000      -     -    0s
     0     0  109.00000    0   88          -  109.00000      -     -    0s
     0     0  109.00000    0   96          -  109.00000      -     -    0s
     0     0  109.00000    0   46          -  109.00000      -     -    0s
     0     0  109.00000    0   80          -  109.00000      -     -    0s
     0     0  109.00000    0   14          -  109.00000      -     -    0s
H    0     0                     109.0000000  109.00000  0.00%     -    0s
     0     0  109.00000    0   83  109.00000  109.00000  0.00%     -    0s

Cutting planes:
  Learned: 13
  Gomory: 1
  Implied bound: 3
  MIR: 1
  Zero half: 1
  Relax-and-lift: 2

Explored 1 nodes (4324 simplex iterations) in 0.96 seconds (0.37 work units)
Thread count was 8 (of 8 available processors)

Solution count 1: 109 

Optimal solution found (tolerance 1.00e-04)
Best objective 1.090000000000e+02, best bound 1.090000000000e+02, gap 0.0000%
Gurobi Optimizer version 9.5.1 build v9.5.1rc2 (win64)
Thread count: 4 physical cores, 8 logical processors, using up to 8 threads
Optimize a model with 1570 rows, 1643 columns and 9185 nonzeros
Model fingerprint: 0xfbc0e1a5
Variable types: 0 continuous, 1643 integer (1604 binary)
Coefficient statistics:
  Matrix range     [1e+00, 3e+02]
  Objective range  [2e+00, 1e+01]
  Bounds range     [1e+00, 4e+01]
  RHS range        [1e+00, 4e+02]
Presolve removed 4 rows and 85 columns
Presolve time: 0.00s

Explored 0 nodes (0 simplex iterations) in 0.00 seconds (0.00 work units)
Thread count was 1 (of 8 available processors)

Solution count 0

Model is infeasible
Best objective -, best bound -, gap -

Gurobi 9.5.1 (win64, Java) logging started Mon May 30 14:47:04 2022

Set parameter Username
Academic license - for non-commercial use only - expires 2023-02-25
Gurobi Optimizer version 9.5.1 build v9.5.1rc2 (win64)
Thread count: 4 physical cores, 8 logical processors, using up to 8 threads
Optimize a model with 1562 rows, 1639 columns and 7566 nonzeros
Model fingerprint: 0x5bce7992
Variable types: 0 continuous, 1639 integer (1600 binary)
Coefficient statistics:
  Matrix range     [1e+00, 4e+01]
  Objective range  [2e+00, 1e+01]
  Bounds range     [1e+00, 4e+01]
  RHS range        [1e+00, 4e+01]
Found heuristic solution: objective 288.0000000
Presolve removed 0 rows and 40 columns
Presolve time: 0.02s
Presolved: 1562 rows, 1599 columns, 7566 nonzeros
Variable types: 0 continuous, 1599 integer (1560 binary)

Root relaxation: objective 9.700000e+01, 88 iterations, 0.01 seconds (0.00 work units)

    Nodes    |    Current Node    |     Objective Bounds      |     Work
 Expl Unexpl |  Obj  Depth IntInf | Incumbent    BestBd   Gap | It/Node Time

*    0     0               0      97.0000000   97.00000  0.00%     -    0s

Explored 1 nodes (88 simplex iterations) in 0.14 seconds (0.02 work units)
Thread count was 8 (of 8 available processors)

Solution count 2: 97 288 

Optimal solution found (tolerance 1.00e-04)
Best objective 9.700000000000e+01, best bound 9.700000000000e+01, gap 0.0000%
Gurobi Optimizer version 9.5.1 build v9.5.1rc2 (win64)
Thread count: 4 physical cores, 8 logical processors, using up to 8 threads
Optimize a model with 1563 rows, 1639 columns and 9126 nonzeros
Model fingerprint: 0x04c47e57
Variable types: 0 continuous, 1639 integer (1600 binary)
Coefficient statistics:
  Matrix range     [1e+00, 4e+01]
  Objective range  [2e+00, 1e+01]
  Bounds range     [1e+00, 4e+01]
  RHS range        [1e+00, 1e+02]
Presolve removed 344 rows and 407 columns
Presolve time: 0.21s
Presolved: 1219 rows, 1232 columns, 6919 nonzeros
Variable types: 0 continuous, 1232 integer (1193 binary)

Root relaxation: objective 9.700000e+01, 88 iterations, 0.00 seconds (0.00 work units)

    Nodes    |    Current Node    |     Objective Bounds      |     Work
 Expl Unexpl |  Obj  Depth IntInf | Incumbent    BestBd   Gap | It/Node Time

*    0     0               0      97.0000000   97.00000  0.00%     -    0s

Explored 1 nodes (88 simplex iterations) in 0.25 seconds (0.09 work units)
Thread count was 8 (of 8 available processors)

Solution count 1: 97 

Optimal solution found (tolerance 1.00e-04)
Best objective 9.700000000000e+01, best bound 9.700000000000e+01, gap 0.0000%
Gurobi Optimizer version 9.5.1 build v9.5.1rc2 (win64)
Thread count: 4 physical cores, 8 logical processors, using up to 8 threads
Optimize a model with 1570 rows, 1643 columns and 9185 nonzeros
Model fingerprint: 0x5bf5b2b2
Variable types: 0 continuous, 1643 integer (1604 binary)
Coefficient statistics:
  Matrix range     [1e+00, 3e+02]
  Objective range  [2e+00, 1e+01]
  Bounds range     [1e+00, 4e+01]
  RHS range        [1e+00, 4e+02]
Presolve removed 4 rows and 83 columns
Presolve time: 0.00s

Explored 0 nodes (0 simplex iterations) in 0.01 seconds (0.00 work units)
Thread count was 1 (of 8 available processors)

Solution count 0

Model is infeasible
Best objective -, best bound -, gap -

Gurobi 9.5.1 (win64, Java) logging started Mon May 30 14:53:08 2022

Set parameter Username
Academic license - for non-commercial use only - expires 2023-02-25
Gurobi Optimizer version 9.5.1 build v9.5.1rc2 (win64)
Thread count: 4 physical cores, 8 logical processors, using up to 8 threads
Optimize a model with 1562 rows, 1639 columns and 7566 nonzeros
Model fingerprint: 0x2abfd228
Variable types: 0 continuous, 1639 integer (1600 binary)
Coefficient statistics:
  Matrix range     [1e+00, 4e+01]
  Objective range  [2e+00, 1e+01]
  Bounds range     [1e+00, 4e+01]
  RHS range        [1e+00, 4e+01]
Presolve removed 0 rows and 40 columns
Presolve time: 0.02s
Presolved: 1562 rows, 1599 columns, 7566 nonzeros
Variable types: 0 continuous, 1599 integer (1560 binary)
Found heuristic solution: objective 264.0000000

Root relaxation: objective 9.733333e+01, 162 iterations, 0.00 seconds (0.00 work units)

    Nodes    |    Current Node    |     Objective Bounds      |     Work
 Expl Unexpl |  Obj  Depth IntInf | Incumbent    BestBd   Gap | It/Node Time

     0     0   97.33333    0   58  264.00000   97.33333  63.1%     -    0s
     0     0  107.00000    0  102  264.00000  107.00000  59.5%     -    0s
H    0     0                     130.0000000  107.00000  17.7%     -    0s
H    0     0                     123.0000000  107.00000  13.0%     -    0s
     0     0  107.00000    0  107  123.00000  107.00000  13.0%     -    0s
     0     0  107.00000    0   54  123.00000  107.00000  13.0%     -    0s
     0     0  107.00000    0   58  123.00000  107.00000  13.0%     -    0s
H    0     0                     114.0000000  107.00000  6.14%     -    0s
     0     0  107.00000    0   24  114.00000  107.00000  6.14%     -    0s
     0     0  107.00000    0   25  114.00000  107.00000  6.14%     -    0s
     0     0  107.02198    0   27  114.00000  107.02198  6.12%     -    0s
     0     0  107.02198    0   27  114.00000  107.02198  6.12%     -    0s
     0     0  107.33333    0   35  114.00000  107.33333  5.85%     -    0s
     0     0  107.33333    0   62  114.00000  107.33333  5.85%     -    1s
     0     0  107.33333    0   85  114.00000  107.33333  5.85%     -    1s
     0     0  107.33333    0   91  114.00000  107.33333  5.85%     -    1s
     0     0  107.33333    0   98  114.00000  107.33333  5.85%     -    1s
     0     0  108.00000    0  107  114.00000  108.00000  5.26%     -    1s
     0     0  108.00000    0   99  114.00000  108.00000  5.26%     -    1s
     0     0  108.00000    0   96  114.00000  108.00000  5.26%     -    1s
     0     0  108.00000    0   98  114.00000  108.00000  5.26%     -    1s
H    0     0                     109.0000000  108.00000  0.92%     -    1s
     0     0  108.00000    0   24  109.00000  108.00000  0.92%     -    1s
     0     0 infeasible    0       109.00000  109.00000  0.00%     -    1s

Explored 1 nodes (2169 simplex iterations) in 1.48 seconds (0.47 work units)
Thread count was 8 (of 8 available processors)

Solution count 5: 109 114 123 ... 264

Optimal solution found (tolerance 1.00e-04)
Best objective 1.090000000000e+02, best bound 1.090000000000e+02, gap 0.0000%
Gurobi Optimizer version 9.5.1 build v9.5.1rc2 (win64)
Thread count: 4 physical cores, 8 logical processors, using up to 8 threads
Optimize a model with 1563 rows, 1639 columns and 9126 nonzeros
Model fingerprint: 0xbd59657e
Variable types: 0 continuous, 1639 integer (1600 binary)
Coefficient statistics:
  Matrix range     [1e+00, 4e+01]
  Objective range  [2e+00, 1e+01]
  Bounds range     [1e+00, 4e+01]
  RHS range        [1e+00, 1e+02]
Presolve removed 0 rows and 40 columns
Presolve time: 0.04s
Presolved: 1563 rows, 1599 columns, 9052 nonzeros
Variable types: 0 continuous, 1599 integer (1560 binary)

Root relaxation: objective 1.090000e+02, 604 iterations, 0.02 seconds (0.01 work units)

    Nodes    |    Current Node    |     Objective Bounds      |     Work
 Expl Unexpl |  Obj  Depth IntInf | Incumbent    BestBd   Gap | It/Node Time

     0     0  109.00000    0   29          -  109.00000      -     -    0s
     0     0  109.00000    0   88          -  109.00000      -     -    0s
     0     0  109.00000    0   96          -  109.00000      -     -    0s
     0     0  109.00000    0   46          -  109.00000      -     -    0s
     0     0  109.00000    0   80          -  109.00000      -     -    0s
     0     0  109.00000    0   14          -  109.00000      -     -    0s
H    0     0                     109.0000000  109.00000  0.00%     -    0s
     0     0  109.00000    0   83  109.00000  109.00000  0.00%     -    0s

Cutting planes:
  Learned: 13
  Gomory: 1
  Implied bound: 3
  MIR: 1
  Zero half: 1
  Relax-and-lift: 2

Explored 1 nodes (4324 simplex iterations) in 0.94 seconds (0.37 work units)
Thread count was 8 (of 8 available processors)

Solution count 1: 109 

Optimal solution found (tolerance 1.00e-04)
Best objective 1.090000000000e+02, best bound 1.090000000000e+02, gap 0.0000%
Gurobi Optimizer version 9.5.1 build v9.5.1rc2 (win64)
Thread count: 4 physical cores, 8 logical processors, using up to 8 threads
Optimize a model with 1570 rows, 1643 columns and 9185 nonzeros
Model fingerprint: 0xfbc0e1a5
Variable types: 0 continuous, 1643 integer (1604 binary)
Coefficient statistics:
  Matrix range     [1e+00, 3e+02]
  Objective range  [2e+00, 1e+01]
  Bounds range     [1e+00, 4e+01]
  RHS range        [1e+00, 4e+02]
Presolve removed 4 rows and 85 columns
Presolve time: 0.00s

Explored 0 nodes (0 simplex iterations) in 0.00 seconds (0.00 work units)
Thread count was 1 (of 8 available processors)

Solution count 0

Model is infeasible
Best objective -, best bound -, gap -

Gurobi 9.5.1 (win64, Java) logging started Mon May 30 14:54:36 2022

Set parameter Username
Academic license - for non-commercial use only - expires 2023-02-25
Gurobi Optimizer version 9.5.1 build v9.5.1rc2 (win64)
Thread count: 4 physical cores, 8 logical processors, using up to 8 threads
Optimize a model with 1562 rows, 1639 columns and 7566 nonzeros
Model fingerprint: 0x5bce7992
Variable types: 0 continuous, 1639 integer (1600 binary)
Coefficient statistics:
  Matrix range     [1e+00, 4e+01]
  Objective range  [2e+00, 1e+01]
  Bounds range     [1e+00, 4e+01]
  RHS range        [1e+00, 4e+01]
Found heuristic solution: objective 288.0000000
Presolve removed 0 rows and 40 columns
Presolve time: 0.02s
Presolved: 1562 rows, 1599 columns, 7566 nonzeros
Variable types: 0 continuous, 1599 integer (1560 binary)

Root relaxation: objective 9.700000e+01, 88 iterations, 0.00 seconds (0.00 work units)

    Nodes    |    Current Node    |     Objective Bounds      |     Work
 Expl Unexpl |  Obj  Depth IntInf | Incumbent    BestBd   Gap | It/Node Time

*    0     0               0      97.0000000   97.00000  0.00%     -    0s

Explored 1 nodes (88 simplex iterations) in 0.04 seconds (0.02 work units)
Thread count was 8 (of 8 available processors)

Solution count 2: 97 288 

Optimal solution found (tolerance 1.00e-04)
Best objective 9.700000000000e+01, best bound 9.700000000000e+01, gap 0.0000%
Gurobi Optimizer version 9.5.1 build v9.5.1rc2 (win64)
Thread count: 4 physical cores, 8 logical processors, using up to 8 threads
Optimize a model with 1563 rows, 1639 columns and 9126 nonzeros
Model fingerprint: 0x04c47e57
Variable types: 0 continuous, 1639 integer (1600 binary)
Coefficient statistics:
  Matrix range     [1e+00, 4e+01]
  Objective range  [2e+00, 1e+01]
  Bounds range     [1e+00, 4e+01]
  RHS range        [1e+00, 1e+02]
Presolve removed 344 rows and 407 columns
Presolve time: 0.23s
Presolved: 1219 rows, 1232 columns, 6919 nonzeros
Variable types: 0 continuous, 1232 integer (1193 binary)

Root relaxation: objective 9.700000e+01, 88 iterations, 0.00 seconds (0.00 work units)

    Nodes    |    Current Node    |     Objective Bounds      |     Work
 Expl Unexpl |  Obj  Depth IntInf | Incumbent    BestBd   Gap | It/Node Time

*    0     0               0      97.0000000   97.00000  0.00%     -    0s

Explored 1 nodes (88 simplex iterations) in 0.26 seconds (0.09 work units)
Thread count was 8 (of 8 available processors)

Solution count 1: 97 

Optimal solution found (tolerance 1.00e-04)
Best objective 9.700000000000e+01, best bound 9.700000000000e+01, gap 0.0000%
Gurobi Optimizer version 9.5.1 build v9.5.1rc2 (win64)
Thread count: 4 physical cores, 8 logical processors, using up to 8 threads
Optimize a model with 1570 rows, 1643 columns and 9185 nonzeros
Model fingerprint: 0x5bf5b2b2
Variable types: 0 continuous, 1643 integer (1604 binary)
Coefficient statistics:
  Matrix range     [1e+00, 3e+02]
  Objective range  [2e+00, 1e+01]
  Bounds range     [1e+00, 4e+01]
  RHS range        [1e+00, 4e+02]
Presolve removed 4 rows and 83 columns
Presolve time: 0.00s

Explored 0 nodes (0 simplex iterations) in 0.00 seconds (0.00 work units)
Thread count was 1 (of 8 available processors)

Solution count 0

Model is infeasible
Best objective -, best bound -, gap -

Gurobi 9.5.1 (win64, Java) logging started Mon May 30 14:54:59 2022

Set parameter Username
Academic license - for non-commercial use only - expires 2023-02-25
Gurobi Optimizer version 9.5.1 build v9.5.1rc2 (win64)
Thread count: 4 physical cores, 8 logical processors, using up to 8 threads
Optimize a model with 1562 rows, 1639 columns and 7566 nonzeros
Model fingerprint: 0x2abfd228
Variable types: 0 continuous, 1639 integer (1600 binary)
Coefficient statistics:
  Matrix range     [1e+00, 4e+01]
  Objective range  [2e+00, 1e+01]
  Bounds range     [1e+00, 4e+01]
  RHS range        [1e+00, 4e+01]
Presolve removed 0 rows and 40 columns
Presolve time: 0.03s
Presolved: 1562 rows, 1599 columns, 7566 nonzeros
Variable types: 0 continuous, 1599 integer (1560 binary)
Found heuristic solution: objective 264.0000000

Root relaxation: objective 9.733333e+01, 162 iterations, 0.01 seconds (0.00 work units)

    Nodes    |    Current Node    |     Objective Bounds      |     Work
 Expl Unexpl |  Obj  Depth IntInf | Incumbent    BestBd   Gap | It/Node Time

     0     0   97.33333    0   58  264.00000   97.33333  63.1%     -    0s
     0     0  107.00000    0  102  264.00000  107.00000  59.5%     -    0s
H    0     0                     130.0000000  107.00000  17.7%     -    0s
H    0     0                     123.0000000  107.00000  13.0%     -    0s
     0     0  107.00000    0  107  123.00000  107.00000  13.0%     -    0s
     0     0  107.00000    0   54  123.00000  107.00000  13.0%     -    0s
     0     0  107.00000    0   58  123.00000  107.00000  13.0%     -    0s
H    0     0                     114.0000000  107.00000  6.14%     -    1s
     0     0  107.00000    0   24  114.00000  107.00000  6.14%     -    1s
     0     0  107.00000    0   25  114.00000  107.00000  6.14%     -    1s
     0     0  107.02198    0   27  114.00000  107.02198  6.12%     -    1s
     0     0  107.02198    0   27  114.00000  107.02198  6.12%     -    1s
     0     0  107.33333    0   35  114.00000  107.33333  5.85%     -    1s
     0     0  107.33333    0   62  114.00000  107.33333  5.85%     -    1s
     0     0  107.33333    0   85  114.00000  107.33333  5.85%     -    1s
     0     0  107.33333    0   91  114.00000  107.33333  5.85%     -    1s
     0     0  107.33333    0   98  114.00000  107.33333  5.85%     -    1s
     0     0  108.00000    0  107  114.00000  108.00000  5.26%     -    1s
     0     0  108.00000    0   99  114.00000  108.00000  5.26%     -    1s
     0     0  108.00000    0   96  114.00000  108.00000  5.26%     -    1s
     0     0  108.00000    0   98  114.00000  108.00000  5.26%     -    1s
H    0     0                     109.0000000  108.00000  0.92%     -    1s
     0     0  108.00000    0   24  109.00000  108.00000  0.92%     -    1s
     0     0 infeasible    0       109.00000  109.00000  0.00%     -    1s

Explored 1 nodes (2169 simplex iterations) in 1.75 seconds (0.47 work units)
Thread count was 8 (of 8 available processors)

Solution count 5: 109 114 123 ... 264

Optimal solution found (tolerance 1.00e-04)
Best objective 1.090000000000e+02, best bound 1.090000000000e+02, gap 0.0000%
Gurobi Optimizer version 9.5.1 build v9.5.1rc2 (win64)
Thread count: 4 physical cores, 8 logical processors, using up to 8 threads
Optimize a model with 1563 rows, 1639 columns and 9126 nonzeros
Model fingerprint: 0xbd59657e
Variable types: 0 continuous, 1639 integer (1600 binary)
Coefficient statistics:
  Matrix range     [1e+00, 4e+01]
  Objective range  [2e+00, 1e+01]
  Bounds range     [1e+00, 4e+01]
  RHS range        [1e+00, 1e+02]
Presolve removed 0 rows and 40 columns
Presolve time: 0.03s
Presolved: 1563 rows, 1599 columns, 9052 nonzeros
Variable types: 0 continuous, 1599 integer (1560 binary)

Root relaxation: objective 1.090000e+02, 604 iterations, 0.02 seconds (0.01 work units)

    Nodes    |    Current Node    |     Objective Bounds      |     Work
 Expl Unexpl |  Obj  Depth IntInf | Incumbent    BestBd   Gap | It/Node Time

     0     0  109.00000    0   29          -  109.00000      -     -    0s
     0     0  109.00000    0   88          -  109.00000      -     -    0s
     0     0  109.00000    0   96          -  109.00000      -     -    0s
     0     0  109.00000    0   46          -  109.00000      -     -    0s
     0     0  109.00000    0   80          -  109.00000      -     -    0s
     0     0  109.00000    0   14          -  109.00000      -     -    0s
H    0     0                     109.0000000  109.00000  0.00%     -    0s
     0     0  109.00000    0   83  109.00000  109.00000  0.00%     -    0s

Cutting planes:
  Learned: 13
  Gomory: 1
  Implied bound: 3
  MIR: 1
  Zero half: 1
  Relax-and-lift: 2

Explored 1 nodes (4324 simplex iterations) in 0.92 seconds (0.37 work units)
Thread count was 8 (of 8 available processors)

Solution count 1: 109 

Optimal solution found (tolerance 1.00e-04)
Best objective 1.090000000000e+02, best bound 1.090000000000e+02, gap 0.0000%
Gurobi Optimizer version 9.5.1 build v9.5.1rc2 (win64)
Thread count: 4 physical cores, 8 logical processors, using up to 8 threads
Optimize a model with 1570 rows, 1643 columns and 9185 nonzeros
Model fingerprint: 0xfbc0e1a5
Variable types: 0 continuous, 1643 integer (1604 binary)
Coefficient statistics:
  Matrix range     [1e+00, 3e+02]
  Objective range  [2e+00, 1e+01]
  Bounds range     [1e+00, 4e+01]
  RHS range        [1e+00, 4e+02]
Presolve removed 4 rows and 85 columns
Presolve time: 0.00s

Explored 0 nodes (0 simplex iterations) in 0.00 seconds (0.00 work units)
Thread count was 1 (of 8 available processors)

Solution count 0

Model is infeasible
Best objective -, best bound -, gap -

Gurobi 9.5.1 (win64, Java) logging started Mon May 30 15:05:36 2022

Set parameter Username
Academic license - for non-commercial use only - expires 2023-02-25
Gurobi Optimizer version 9.5.1 build v9.5.1rc2 (win64)
Thread count: 4 physical cores, 8 logical processors, using up to 8 threads
Optimize a model with 1562 rows, 1639 columns and 7566 nonzeros
Model fingerprint: 0x2abfd228
Variable types: 0 continuous, 1639 integer (1600 binary)
Coefficient statistics:
  Matrix range     [1e+00, 4e+01]
  Objective range  [2e+00, 1e+01]
  Bounds range     [1e+00, 4e+01]
  RHS range        [1e+00, 4e+01]
Presolve removed 0 rows and 40 columns
Presolve time: 0.02s
Presolved: 1562 rows, 1599 columns, 7566 nonzeros
Variable types: 0 continuous, 1599 integer (1560 binary)
Found heuristic solution: objective 264.0000000

Root relaxation: objective 9.733333e+01, 162 iterations, 0.00 seconds (0.00 work units)

    Nodes    |    Current Node    |     Objective Bounds      |     Work
 Expl Unexpl |  Obj  Depth IntInf | Incumbent    BestBd   Gap | It/Node Time

     0     0   97.33333    0   58  264.00000   97.33333  63.1%     -    0s
     0     0  107.00000    0  102  264.00000  107.00000  59.5%     -    0s
H    0     0                     130.0000000  107.00000  17.7%     -    0s
H    0     0                     123.0000000  107.00000  13.0%     -    0s
     0     0  107.00000    0  107  123.00000  107.00000  13.0%     -    0s
     0     0  107.00000    0   54  123.00000  107.00000  13.0%     -    0s
     0     0  107.00000    0   58  123.00000  107.00000  13.0%     -    0s
H    0     0                     114.0000000  107.00000  6.14%     -    0s
     0     0  107.00000    0   24  114.00000  107.00000  6.14%     -    0s
     0     0  107.00000    0   25  114.00000  107.00000  6.14%     -    0s
     0     0  107.02198    0   27  114.00000  107.02198  6.12%     -    0s
     0     0  107.02198    0   27  114.00000  107.02198  6.12%     -    0s
     0     0  107.33333    0   35  114.00000  107.33333  5.85%     -    1s
     0     0  107.33333    0   62  114.00000  107.33333  5.85%     -    1s
     0     0  107.33333    0   85  114.00000  107.33333  5.85%     -    1s
     0     0  107.33333    0   91  114.00000  107.33333  5.85%     -    1s
     0     0  107.33333    0   98  114.00000  107.33333  5.85%     -    1s
     0     0  108.00000    0  107  114.00000  108.00000  5.26%     -    1s
     0     0  108.00000    0   99  114.00000  108.00000  5.26%     -    1s
     0     0  108.00000    0   96  114.00000  108.00000  5.26%     -    1s
     0     0  108.00000    0   98  114.00000  108.00000  5.26%     -    1s
H    0     0                     109.0000000  108.00000  0.92%     -    1s
     0     0  108.00000    0   24  109.00000  108.00000  0.92%     -    1s
     0     0 infeasible    0       109.00000  109.00000  0.00%     -    1s

Explored 1 nodes (2169 simplex iterations) in 1.58 seconds (0.47 work units)
Thread count was 8 (of 8 available processors)

Solution count 5: 109 114 123 ... 264

Optimal solution found (tolerance 1.00e-04)
Best objective 1.090000000000e+02, best bound 1.090000000000e+02, gap 0.0000%
Gurobi Optimizer version 9.5.1 build v9.5.1rc2 (win64)
Thread count: 4 physical cores, 8 logical processors, using up to 8 threads
Optimize a model with 1563 rows, 1639 columns and 9126 nonzeros
Model fingerprint: 0xbd59657e
Variable types: 0 continuous, 1639 integer (1600 binary)
Coefficient statistics:
  Matrix range     [1e+00, 4e+01]
  Objective range  [2e+00, 1e+01]
  Bounds range     [1e+00, 4e+01]
  RHS range        [1e+00, 1e+02]
Presolve removed 0 rows and 40 columns
Presolve time: 0.04s
Presolved: 1563 rows, 1599 columns, 9052 nonzeros
Variable types: 0 continuous, 1599 integer (1560 binary)

Root relaxation: objective 1.090000e+02, 604 iterations, 0.02 seconds (0.01 work units)

    Nodes    |    Current Node    |     Objective Bounds      |     Work
 Expl Unexpl |  Obj  Depth IntInf | Incumbent    BestBd   Gap | It/Node Time

     0     0  109.00000    0   29          -  109.00000      -     -    0s
     0     0  109.00000    0   88          -  109.00000      -     -    0s
     0     0  109.00000    0   96          -  109.00000      -     -    0s
     0     0  109.00000    0   46          -  109.00000      -     -    0s
     0     0  109.00000    0   80          -  109.00000      -     -    0s
     0     0  109.00000    0   14          -  109.00000      -     -    0s
H    0     0                     109.0000000  109.00000  0.00%     -    0s
     0     0  109.00000    0   83  109.00000  109.00000  0.00%     -    0s

Cutting planes:
  Learned: 13
  Gomory: 1
  Implied bound: 3
  MIR: 1
  Zero half: 1
  Relax-and-lift: 2

Explored 1 nodes (4324 simplex iterations) in 1.00 seconds (0.37 work units)
Thread count was 8 (of 8 available processors)

Solution count 1: 109 

Optimal solution found (tolerance 1.00e-04)
Best objective 1.090000000000e+02, best bound 1.090000000000e+02, gap 0.0000%
Gurobi Optimizer version 9.5.1 build v9.5.1rc2 (win64)
Thread count: 4 physical cores, 8 logical processors, using up to 8 threads
Optimize a model with 1571 rows, 1643 columns and 9224 nonzeros
Model fingerprint: 0x20491c2a
Variable types: 0 continuous, 1643 integer (1604 binary)
Coefficient statistics:
  Matrix range     [1e+00, 3e+02]
  Objective range  [2e+00, 1e+01]
  Bounds range     [1e+00, 4e+01]
  RHS range        [1e+00, 4e+02]
Presolve removed 4 rows and 125 columns
Presolve time: 0.00s

Explored 0 nodes (0 simplex iterations) in 0.01 seconds (0.00 work units)
Thread count was 1 (of 8 available processors)

Solution count 0

Model is infeasible
Best objective -, best bound -, gap -

Gurobi 9.5.1 (win64, Java) logging started Mon May 30 15:08:57 2022

Set parameter Username
Academic license - for non-commercial use only - expires 2023-02-25
Gurobi Optimizer version 9.5.1 build v9.5.1rc2 (win64)
Thread count: 4 physical cores, 8 logical processors, using up to 8 threads
Optimize a model with 1562 rows, 1639 columns and 7566 nonzeros
Model fingerprint: 0x2abfd228
Variable types: 0 continuous, 1639 integer (1600 binary)
Coefficient statistics:
  Matrix range     [1e+00, 4e+01]
  Objective range  [2e+00, 1e+01]
  Bounds range     [1e+00, 4e+01]
  RHS range        [1e+00, 4e+01]
Presolve removed 0 rows and 40 columns
Presolve time: 0.01s
Presolved: 1562 rows, 1599 columns, 7566 nonzeros
Variable types: 0 continuous, 1599 integer (1560 binary)
Found heuristic solution: objective 264.0000000

Root relaxation: objective 9.733333e+01, 162 iterations, 0.01 seconds (0.00 work units)

    Nodes    |    Current Node    |     Objective Bounds      |     Work
 Expl Unexpl |  Obj  Depth IntInf | Incumbent    BestBd   Gap | It/Node Time

     0     0   97.33333    0   58  264.00000   97.33333  63.1%     -    0s
     0     0  107.00000    0  102  264.00000  107.00000  59.5%     -    0s
H    0     0                     130.0000000  107.00000  17.7%     -    0s
H    0     0                     123.0000000  107.00000  13.0%     -    0s
     0     0  107.00000    0  107  123.00000  107.00000  13.0%     -    0s
     0     0  107.00000    0   54  123.00000  107.00000  13.0%     -    0s
     0     0  107.00000    0   58  123.00000  107.00000  13.0%     -    0s
H    0     0                     114.0000000  107.00000  6.14%     -    0s
     0     0  107.00000    0   24  114.00000  107.00000  6.14%     -    0s
     0     0  107.00000    0   25  114.00000  107.00000  6.14%     -    0s
     0     0  107.02198    0   27  114.00000  107.02198  6.12%     -    0s
     0     0  107.02198    0   27  114.00000  107.02198  6.12%     -    0s
     0     0  107.33333    0   35  114.00000  107.33333  5.85%     -    1s
     0     0  107.33333    0   62  114.00000  107.33333  5.85%     -    1s
     0     0  107.33333    0   85  114.00000  107.33333  5.85%     -    1s
     0     0  107.33333    0   91  114.00000  107.33333  5.85%     -    1s
     0     0  107.33333    0   98  114.00000  107.33333  5.85%     -    1s
     0     0  108.00000    0  107  114.00000  108.00000  5.26%     -    1s
     0     0  108.00000    0   99  114.00000  108.00000  5.26%     -    1s
     0     0  108.00000    0   96  114.00000  108.00000  5.26%     -    1s
     0     0  108.00000    0   98  114.00000  108.00000  5.26%     -    1s
H    0     0                     109.0000000  108.00000  0.92%     -    1s
     0     0  108.00000    0   24  109.00000  108.00000  0.92%     -    1s
     0     0 infeasible    0       109.00000  109.00000  0.00%     -    1s

Explored 1 nodes (2169 simplex iterations) in 1.52 seconds (0.47 work units)
Thread count was 8 (of 8 available processors)

Solution count 5: 109 114 123 ... 264

Optimal solution found (tolerance 1.00e-04)
Best objective 1.090000000000e+02, best bound 1.090000000000e+02, gap 0.0000%
Gurobi Optimizer version 9.5.1 build v9.5.1rc2 (win64)
Thread count: 4 physical cores, 8 logical processors, using up to 8 threads
Optimize a model with 1563 rows, 1639 columns and 9126 nonzeros
Model fingerprint: 0xbd59657e
Variable types: 0 continuous, 1639 integer (1600 binary)
Coefficient statistics:
  Matrix range     [1e+00, 4e+01]
  Objective range  [2e+00, 1e+01]
  Bounds range     [1e+00, 4e+01]
  RHS range        [1e+00, 1e+02]
Presolve removed 0 rows and 40 columns
Presolve time: 0.03s
Presolved: 1563 rows, 1599 columns, 9052 nonzeros
Variable types: 0 continuous, 1599 integer (1560 binary)

Root relaxation: objective 1.090000e+02, 604 iterations, 0.02 seconds (0.01 work units)

    Nodes    |    Current Node    |     Objective Bounds      |     Work
 Expl Unexpl |  Obj  Depth IntInf | Incumbent    BestBd   Gap | It/Node Time

     0     0  109.00000    0   29          -  109.00000      -     -    0s
     0     0  109.00000    0   88          -  109.00000      -     -    0s
     0     0  109.00000    0   96          -  109.00000      -     -    0s
     0     0  109.00000    0   46          -  109.00000      -     -    0s
     0     0  109.00000    0   80          -  109.00000      -     -    0s
     0     0  109.00000    0   14          -  109.00000      -     -    0s
H    0     0                     109.0000000  109.00000  0.00%     -    0s
     0     0  109.00000    0   83  109.00000  109.00000  0.00%     -    0s

Cutting planes:
  Learned: 13
  Gomory: 1
  Implied bound: 3
  MIR: 1
  Zero half: 1
  Relax-and-lift: 2

Explored 1 nodes (4324 simplex iterations) in 0.92 seconds (0.37 work units)
Thread count was 8 (of 8 available processors)

Solution count 1: 109 

Optimal solution found (tolerance 1.00e-04)
Best objective 1.090000000000e+02, best bound 1.090000000000e+02, gap 0.0000%
Gurobi Optimizer version 9.5.1 build v9.5.1rc2 (win64)
Thread count: 4 physical cores, 8 logical processors, using up to 8 threads
Optimize a model with 1571 rows, 1643 columns and 9224 nonzeros
Model fingerprint: 0xae4e8f1f
Variable types: 0 continuous, 1643 integer (1604 binary)
Coefficient statistics:
  Matrix range     [1e+00, 3e+02]
  Objective range  [2e+00, 1e+01]
  Bounds range     [1e+00, 4e+01]
  RHS range        [1e+00, 4e+02]
Presolve removed 4 rows and 125 columns
Presolve time: 0.00s

Explored 0 nodes (0 simplex iterations) in 0.00 seconds (0.00 work units)
Thread count was 1 (of 8 available processors)

Solution count 0

Model is infeasible
Best objective -, best bound -, gap -

Gurobi 9.5.1 (win64, Java) logging started Tue May 31 09:50:29 2022

Set parameter Username
Academic license - for non-commercial use only - expires 2023-02-25
Gurobi Optimizer version 9.5.1 build v9.5.1rc2 (win64)
Thread count: 4 physical cores, 8 logical processors, using up to 8 threads
Optimize a model with 1562 rows, 1639 columns and 7566 nonzeros
Model fingerprint: 0x2abfd228
Variable types: 0 continuous, 1639 integer (1600 binary)
Coefficient statistics:
  Matrix range     [1e+00, 4e+01]
  Objective range  [2e+00, 1e+01]
  Bounds range     [1e+00, 4e+01]
  RHS range        [1e+00, 4e+01]
Presolve removed 0 rows and 40 columns
Presolve time: 0.04s
Presolved: 1562 rows, 1599 columns, 7566 nonzeros
Variable types: 0 continuous, 1599 integer (1560 binary)
Found heuristic solution: objective 264.0000000

Root relaxation: objective 9.733333e+01, 162 iterations, 0.01 seconds (0.00 work units)

    Nodes    |    Current Node    |     Objective Bounds      |     Work
 Expl Unexpl |  Obj  Depth IntInf | Incumbent    BestBd   Gap | It/Node Time

     0     0   97.33333    0   58  264.00000   97.33333  63.1%     -    0s
     0     0  107.00000    0  102  264.00000  107.00000  59.5%     -    0s
H    0     0                     130.0000000  107.00000  17.7%     -    0s
H    0     0                     123.0000000  107.00000  13.0%     -    0s
     0     0  107.00000    0  107  123.00000  107.00000  13.0%     -    0s
     0     0  107.00000    0   54  123.00000  107.00000  13.0%     -    1s
     0     0  107.00000    0   58  123.00000  107.00000  13.0%     -    1s
H    0     0                     114.0000000  107.00000  6.14%     -    1s
     0     0  107.00000    0   24  114.00000  107.00000  6.14%     -    1s
     0     0  107.00000    0   25  114.00000  107.00000  6.14%     -    1s
     0     0  107.02198    0   27  114.00000  107.02198  6.12%     -    1s
     0     0  107.02198    0   27  114.00000  107.02198  6.12%     -    1s
     0     0  107.33333    0   35  114.00000  107.33333  5.85%     -    1s
     0     0  107.33333    0   62  114.00000  107.33333  5.85%     -    1s
     0     0  107.33333    0   85  114.00000  107.33333  5.85%     -    1s
     0     0  107.33333    0   91  114.00000  107.33333  5.85%     -    1s
     0     0  107.33333    0   98  114.00000  107.33333  5.85%     -    1s
     0     0  108.00000    0  107  114.00000  108.00000  5.26%     -    1s
     0     0  108.00000    0   99  114.00000  108.00000  5.26%     -    1s
     0     0  108.00000    0   96  114.00000  108.00000  5.26%     -    1s
     0     0  108.00000    0   98  114.00000  108.00000  5.26%     -    1s
H    0     0                     109.0000000  108.00000  0.92%     -    1s
     0     0  108.00000    0   24  109.00000  108.00000  0.92%     -    2s
     0     0 infeasible    0       109.00000  109.00000  0.00%     -    2s

Explored 1 nodes (2169 simplex iterations) in 2.07 seconds (0.47 work units)
Thread count was 8 (of 8 available processors)

Solution count 5: 109 114 123 ... 264

Optimal solution found (tolerance 1.00e-04)
Best objective 1.090000000000e+02, best bound 1.090000000000e+02, gap 0.0000%
Gurobi Optimizer version 9.5.1 build v9.5.1rc2 (win64)
Thread count: 4 physical cores, 8 logical processors, using up to 8 threads
Optimize a model with 1563 rows, 1639 columns and 9126 nonzeros
Model fingerprint: 0xbd59657e
Variable types: 0 continuous, 1639 integer (1600 binary)
Coefficient statistics:
  Matrix range     [1e+00, 4e+01]
  Objective range  [2e+00, 1e+01]
  Bounds range     [1e+00, 4e+01]
  RHS range        [1e+00, 1e+02]
Presolve removed 0 rows and 40 columns
Presolve time: 0.05s
Presolved: 1563 rows, 1599 columns, 9052 nonzeros
Variable types: 0 continuous, 1599 integer (1560 binary)

Root relaxation: objective 1.090000e+02, 604 iterations, 0.00 seconds (0.01 work units)

    Nodes    |    Current Node    |     Objective Bounds      |     Work
 Expl Unexpl |  Obj  Depth IntInf | Incumbent    BestBd   Gap | It/Node Time

     0     0  109.00000    0   29          -  109.00000      -     -    0s
     0     0  109.00000    0   88          -  109.00000      -     -    0s
     0     0  109.00000    0   96          -  109.00000      -     -    0s
     0     0  109.00000    0   46          -  109.00000      -     -    0s
     0     0  109.00000    0   80          -  109.00000      -     -    0s
     0     0  109.00000    0   14          -  109.00000      -     -    1s
H    0     0                     109.0000000  109.00000  0.00%     -    1s
     0     0  109.00000    0   83  109.00000  109.00000  0.00%     -    1s

Cutting planes:
  Learned: 13
  Gomory: 1
  Implied bound: 3
  MIR: 1
  Zero half: 1
  Relax-and-lift: 2

Explored 1 nodes (4324 simplex iterations) in 1.06 seconds (0.37 work units)
Thread count was 8 (of 8 available processors)

Solution count 1: 109 

Optimal solution found (tolerance 1.00e-04)
Best objective 1.090000000000e+02, best bound 1.090000000000e+02, gap 0.0000%
Gurobi Optimizer version 9.5.1 build v9.5.1rc2 (win64)
Thread count: 4 physical cores, 8 logical processors, using up to 8 threads
Optimize a model with 1571 rows, 1643 columns and 9224 nonzeros
Model fingerprint: 0xae4e8f1f
Variable types: 0 continuous, 1643 integer (1604 binary)
Coefficient statistics:
  Matrix range     [1e+00, 3e+02]
  Objective range  [2e+00, 1e+01]
  Bounds range     [1e+00, 4e+01]
  RHS range        [1e+00, 4e+02]
Presolve removed 4 rows and 125 columns
Presolve time: 0.00s

Explored 0 nodes (0 simplex iterations) in 0.01 seconds (0.00 work units)
Thread count was 1 (of 8 available processors)

Solution count 0

Model is infeasible
Best objective -, best bound -, gap -

Gurobi 9.5.1 (win64, Java) logging started Tue May 31 09:58:04 2022

Set parameter Username
Academic license - for non-commercial use only - expires 2023-02-25
Gurobi Optimizer version 9.5.1 build v9.5.1rc2 (win64)
Thread count: 4 physical cores, 8 logical processors, using up to 8 threads
Optimize a model with 1562 rows, 1639 columns and 7566 nonzeros
Model fingerprint: 0x2abfd228
Variable types: 0 continuous, 1639 integer (1600 binary)
Coefficient statistics:
  Matrix range     [1e+00, 4e+01]
  Objective range  [2e+00, 1e+01]
  Bounds range     [1e+00, 4e+01]
  RHS range        [1e+00, 4e+01]
Presolve removed 0 rows and 40 columns
Presolve time: 0.04s
Presolved: 1562 rows, 1599 columns, 7566 nonzeros
Variable types: 0 continuous, 1599 integer (1560 binary)
Found heuristic solution: objective 264.0000000

Root relaxation: objective 9.733333e+01, 162 iterations, 0.01 seconds (0.00 work units)

    Nodes    |    Current Node    |     Objective Bounds      |     Work
 Expl Unexpl |  Obj  Depth IntInf | Incumbent    BestBd   Gap | It/Node Time

     0     0   97.33333    0   58  264.00000   97.33333  63.1%     -    0s
     0     0  107.00000    0  102  264.00000  107.00000  59.5%     -    0s
H    0     0                     130.0000000  107.00000  17.7%     -    0s
H    0     0                     123.0000000  107.00000  13.0%     -    0s
     0     0  107.00000    0  107  123.00000  107.00000  13.0%     -    0s
     0     0  107.00000    0   54  123.00000  107.00000  13.0%     -    0s
     0     0  107.00000    0   58  123.00000  107.00000  13.0%     -    0s
H    0     0                     114.0000000  107.00000  6.14%     -    0s
     0     0  107.00000    0   24  114.00000  107.00000  6.14%     -    1s
     0     0  107.00000    0   25  114.00000  107.00000  6.14%     -    1s
     0     0  107.02198    0   27  114.00000  107.02198  6.12%     -    1s
     0     0  107.02198    0   27  114.00000  107.02198  6.12%     -    1s
     0     0  107.33333    0   35  114.00000  107.33333  5.85%     -    1s
     0     0  107.33333    0   62  114.00000  107.33333  5.85%     -    1s
     0     0  107.33333    0   85  114.00000  107.33333  5.85%     -    1s
     0     0  107.33333    0   91  114.00000  107.33333  5.85%     -    1s
     0     0  107.33333    0   98  114.00000  107.33333  5.85%     -    1s
     0     0  108.00000    0  107  114.00000  108.00000  5.26%     -    1s
     0     0  108.00000    0   99  114.00000  108.00000  5.26%     -    1s
     0     0  108.00000    0   96  114.00000  108.00000  5.26%     -    1s
     0     0  108.00000    0   98  114.00000  108.00000  5.26%     -    1s
H    0     0                     109.0000000  108.00000  0.92%     -    1s
     0     0  108.00000    0   24  109.00000  108.00000  0.92%     -    1s
     0     0 infeasible    0       109.00000  109.00000  0.00%     -    1s

Explored 1 nodes (2169 simplex iterations) in 1.70 seconds (0.47 work units)
Thread count was 8 (of 8 available processors)

Solution count 5: 109 114 123 ... 264

Optimal solution found (tolerance 1.00e-04)
Best objective 1.090000000000e+02, best bound 1.090000000000e+02, gap 0.0000%
Gurobi Optimizer version 9.5.1 build v9.5.1rc2 (win64)
Thread count: 4 physical cores, 8 logical processors, using up to 8 threads
Optimize a model with 1563 rows, 1639 columns and 9126 nonzeros
Model fingerprint: 0xbd59657e
Variable types: 0 continuous, 1639 integer (1600 binary)
Coefficient statistics:
  Matrix range     [1e+00, 4e+01]
  Objective range  [2e+00, 1e+01]
  Bounds range     [1e+00, 4e+01]
  RHS range        [1e+00, 1e+02]
Presolve removed 0 rows and 40 columns
Presolve time: 0.04s
Presolved: 1563 rows, 1599 columns, 9052 nonzeros
Variable types: 0 continuous, 1599 integer (1560 binary)

Root relaxation: objective 1.090000e+02, 604 iterations, 0.02 seconds (0.01 work units)

    Nodes    |    Current Node    |     Objective Bounds      |     Work
 Expl Unexpl |  Obj  Depth IntInf | Incumbent    BestBd   Gap | It/Node Time

     0     0  109.00000    0   29          -  109.00000      -     -    0s
     0     0  109.00000    0   88          -  109.00000      -     -    0s
     0     0  109.00000    0   96          -  109.00000      -     -    0s
     0     0  109.00000    0   46          -  109.00000      -     -    0s
     0     0  109.00000    0   80          -  109.00000      -     -    0s
     0     0  109.00000    0   14          -  109.00000      -     -    0s
H    0     0                     109.0000000  109.00000  0.00%     -    0s
     0     0  109.00000    0   83  109.00000  109.00000  0.00%     -    0s

Cutting planes:
  Learned: 13
  Gomory: 1
  Implied bound: 3
  MIR: 1
  Zero half: 1
  Relax-and-lift: 2

Explored 1 nodes (4324 simplex iterations) in 0.98 seconds (0.37 work units)
Thread count was 8 (of 8 available processors)

Solution count 1: 109 

Optimal solution found (tolerance 1.00e-04)
Best objective 1.090000000000e+02, best bound 1.090000000000e+02, gap 0.0000%
Gurobi Optimizer version 9.5.1 build v9.5.1rc2 (win64)
Thread count: 4 physical cores, 8 logical processors, using up to 8 threads
Optimize a model with 1571 rows, 1643 columns and 9224 nonzeros
Model fingerprint: 0xae4e8f1f
Variable types: 0 continuous, 1643 integer (1604 binary)
Coefficient statistics:
  Matrix range     [1e+00, 3e+02]
  Objective range  [2e+00, 1e+01]
  Bounds range     [1e+00, 4e+01]
  RHS range        [1e+00, 4e+02]
Presolve removed 4 rows and 125 columns
Presolve time: 0.00s

Explored 0 nodes (0 simplex iterations) in 0.00 seconds (0.00 work units)
Thread count was 1 (of 8 available processors)

Solution count 0

Model is infeasible
Best objective -, best bound -, gap -

Gurobi 9.5.1 (win64, Java) logging started Tue May 31 09:58:34 2022

Set parameter Username
Academic license - for non-commercial use only - expires 2023-02-25
Gurobi Optimizer version 9.5.1 build v9.5.1rc2 (win64)
Thread count: 4 physical cores, 8 logical processors, using up to 8 threads
Optimize a model with 1562 rows, 1639 columns and 7566 nonzeros
Model fingerprint: 0x2abfd228
Variable types: 0 continuous, 1639 integer (1600 binary)
Coefficient statistics:
  Matrix range     [1e+00, 4e+01]
  Objective range  [2e+00, 1e+01]
  Bounds range     [1e+00, 4e+01]
  RHS range        [1e+00, 4e+01]
Presolve removed 0 rows and 40 columns
Presolve time: 0.03s
Presolved: 1562 rows, 1599 columns, 7566 nonzeros
Variable types: 0 continuous, 1599 integer (1560 binary)
Found heuristic solution: objective 264.0000000

Root relaxation: objective 9.733333e+01, 162 iterations, 0.01 seconds (0.00 work units)

    Nodes    |    Current Node    |     Objective Bounds      |     Work
 Expl Unexpl |  Obj  Depth IntInf | Incumbent    BestBd   Gap | It/Node Time

     0     0   97.33333    0   58  264.00000   97.33333  63.1%     -    0s
     0     0  107.00000    0  102  264.00000  107.00000  59.5%     -    0s
H    0     0                     130.0000000  107.00000  17.7%     -    0s
H    0     0                     123.0000000  107.00000  13.0%     -    0s
     0     0  107.00000    0  107  123.00000  107.00000  13.0%     -    0s
     0     0  107.00000    0   54  123.00000  107.00000  13.0%     -    0s
     0     0  107.00000    0   58  123.00000  107.00000  13.0%     -    0s
H    0     0                     114.0000000  107.00000  6.14%     -    0s
     0     0  107.00000    0   24  114.00000  107.00000  6.14%     -    1s
     0     0  107.00000    0   25  114.00000  107.00000  6.14%     -    1s
     0     0  107.02198    0   27  114.00000  107.02198  6.12%     -    1s
     0     0  107.02198    0   27  114.00000  107.02198  6.12%     -    1s
     0     0  107.33333    0   35  114.00000  107.33333  5.85%     -    1s
     0     0  107.33333    0   62  114.00000  107.33333  5.85%     -    1s
     0     0  107.33333    0   85  114.00000  107.33333  5.85%     -    1s
     0     0  107.33333    0   91  114.00000  107.33333  5.85%     -    1s
     0     0  107.33333    0   98  114.00000  107.33333  5.85%     -    1s
     0     0  108.00000    0  107  114.00000  108.00000  5.26%     -    1s
     0     0  108.00000    0   99  114.00000  108.00000  5.26%     -    1s
     0     0  108.00000    0   96  114.00000  108.00000  5.26%     -    1s
     0     0  108.00000    0   98  114.00000  108.00000  5.26%     -    1s
H    0     0                     109.0000000  108.00000  0.92%     -    1s
     0     0  108.00000    0   24  109.00000  108.00000  0.92%     -    1s
     0     0 infeasible    0       109.00000  109.00000  0.00%     -    1s

Explored 1 nodes (2169 simplex iterations) in 1.95 seconds (0.47 work units)
Thread count was 8 (of 8 available processors)

Solution count 5: 109 114 123 ... 264

Optimal solution found (tolerance 1.00e-04)
Best objective 1.090000000000e+02, best bound 1.090000000000e+02, gap 0.0000%
Gurobi Optimizer version 9.5.1 build v9.5.1rc2 (win64)
Thread count: 4 physical cores, 8 logical processors, using up to 8 threads
Optimize a model with 1563 rows, 1639 columns and 9126 nonzeros
Model fingerprint: 0xbd59657e
Variable types: 0 continuous, 1639 integer (1600 binary)
Coefficient statistics:
  Matrix range     [1e+00, 4e+01]
  Objective range  [2e+00, 1e+01]
  Bounds range     [1e+00, 4e+01]
  RHS range        [1e+00, 1e+02]
Presolve removed 0 rows and 40 columns
Presolve time: 0.04s
Presolved: 1563 rows, 1599 columns, 9052 nonzeros
Variable types: 0 continuous, 1599 integer (1560 binary)

Root relaxation: objective 1.090000e+02, 604 iterations, 0.03 seconds (0.01 work units)

    Nodes    |    Current Node    |     Objective Bounds      |     Work
 Expl Unexpl |  Obj  Depth IntInf | Incumbent    BestBd   Gap | It/Node Time

     0     0  109.00000    0   29          -  109.00000      -     -    0s
     0     0  109.00000    0   88          -  109.00000      -     -    0s
     0     0  109.00000    0   96          -  109.00000      -     -    0s
     0     0  109.00000    0   46          -  109.00000      -     -    0s
     0     0  109.00000    0   80          -  109.00000      -     -    0s
     0     0  109.00000    0   14          -  109.00000      -     -    0s
H    0     0                     109.0000000  109.00000  0.00%     -    1s
     0     0  109.00000    0   83  109.00000  109.00000  0.00%     -    1s

Cutting planes:
  Learned: 13
  Gomory: 1
  Implied bound: 3
  MIR: 1
  Zero half: 1
  Relax-and-lift: 2

Explored 1 nodes (4324 simplex iterations) in 1.02 seconds (0.37 work units)
Thread count was 8 (of 8 available processors)

Solution count 1: 109 

Optimal solution found (tolerance 1.00e-04)
Best objective 1.090000000000e+02, best bound 1.090000000000e+02, gap 0.0000%
Gurobi Optimizer version 9.5.1 build v9.5.1rc2 (win64)
Thread count: 4 physical cores, 8 logical processors, using up to 8 threads
Optimize a model with 1570 rows, 1643 columns and 7663 nonzeros
Model fingerprint: 0x68f5fb7b
Variable types: 0 continuous, 1643 integer (1604 binary)
Coefficient statistics:
  Matrix range     [1e+00, 4e+01]
  Objective range  [2e+00, 1e+01]
  Bounds range     [1e+00, 4e+01]
  RHS range        [1e+00, 4e+01]
Presolve removed 4 rows and 125 columns
Presolve time: 0.00s

Explored 0 nodes (0 simplex iterations) in 0.00 seconds (0.00 work units)
Thread count was 1 (of 8 available processors)

Solution count 0

Model is infeasible
Best objective -, best bound -, gap -

Gurobi 9.5.1 (win64, Java) logging started Tue May 31 09:58:50 2022

Set parameter Username
Academic license - for non-commercial use only - expires 2023-02-25
Gurobi Optimizer version 9.5.1 build v9.5.1rc2 (win64)
Thread count: 4 physical cores, 8 logical processors, using up to 8 threads
Optimize a model with 1562 rows, 1639 columns and 7566 nonzeros
Model fingerprint: 0x2abfd228
Variable types: 0 continuous, 1639 integer (1600 binary)
Coefficient statistics:
  Matrix range     [1e+00, 4e+01]
  Objective range  [2e+00, 1e+01]
  Bounds range     [1e+00, 4e+01]
  RHS range        [1e+00, 4e+01]
Presolve removed 0 rows and 40 columns
Presolve time: 0.03s
Presolved: 1562 rows, 1599 columns, 7566 nonzeros
Variable types: 0 continuous, 1599 integer (1560 binary)
Found heuristic solution: objective 264.0000000

Root relaxation: objective 9.733333e+01, 162 iterations, 0.00 seconds (0.00 work units)

    Nodes    |    Current Node    |     Objective Bounds      |     Work
 Expl Unexpl |  Obj  Depth IntInf | Incumbent    BestBd   Gap | It/Node Time

     0     0   97.33333    0   58  264.00000   97.33333  63.1%     -    0s
     0     0  107.00000    0  102  264.00000  107.00000  59.5%     -    0s
H    0     0                     130.0000000  107.00000  17.7%     -    0s
H    0     0                     123.0000000  107.00000  13.0%     -    0s
     0     0  107.00000    0  107  123.00000  107.00000  13.0%     -    0s
     0     0  107.00000    0   54  123.00000  107.00000  13.0%     -    0s
     0     0  107.00000    0   58  123.00000  107.00000  13.0%     -    0s
H    0     0                     114.0000000  107.00000  6.14%     -    0s
     0     0  107.00000    0   24  114.00000  107.00000  6.14%     -    0s
     0     0  107.00000    0   25  114.00000  107.00000  6.14%     -    0s
     0     0  107.02198    0   27  114.00000  107.02198  6.12%     -    0s
     0     0  107.02198    0   27  114.00000  107.02198  6.12%     -    0s
     0     0  107.33333    0   35  114.00000  107.33333  5.85%     -    1s
     0     0  107.33333    0   62  114.00000  107.33333  5.85%     -    1s
     0     0  107.33333    0   85  114.00000  107.33333  5.85%     -    1s
     0     0  107.33333    0   91  114.00000  107.33333  5.85%     -    1s
     0     0  107.33333    0   98  114.00000  107.33333  5.85%     -    1s
     0     0  108.00000    0  107  114.00000  108.00000  5.26%     -    1s
     0     0  108.00000    0   99  114.00000  108.00000  5.26%     -    1s
     0     0  108.00000    0   96  114.00000  108.00000  5.26%     -    1s
     0     0  108.00000    0   98  114.00000  108.00000  5.26%     -    1s
H    0     0                     109.0000000  108.00000  0.92%     -    1s
     0     0  108.00000    0   24  109.00000  108.00000  0.92%     -    1s
     0     0 infeasible    0       109.00000  109.00000  0.00%     -    1s

Explored 1 nodes (2169 simplex iterations) in 1.61 seconds (0.47 work units)
Thread count was 8 (of 8 available processors)

Solution count 5: 109 114 123 ... 264

Optimal solution found (tolerance 1.00e-04)
Best objective 1.090000000000e+02, best bound 1.090000000000e+02, gap 0.0000%
Gurobi Optimizer version 9.5.1 build v9.5.1rc2 (win64)
Thread count: 4 physical cores, 8 logical processors, using up to 8 threads
Optimize a model with 1563 rows, 1639 columns and 9126 nonzeros
Model fingerprint: 0xbd59657e
Variable types: 0 continuous, 1639 integer (1600 binary)
Coefficient statistics:
  Matrix range     [1e+00, 4e+01]
  Objective range  [2e+00, 1e+01]
  Bounds range     [1e+00, 4e+01]
  RHS range        [1e+00, 1e+02]
Presolve removed 0 rows and 40 columns
Presolve time: 0.04s
Presolved: 1563 rows, 1599 columns, 9052 nonzeros
Variable types: 0 continuous, 1599 integer (1560 binary)

Root relaxation: objective 1.090000e+02, 604 iterations, 0.02 seconds (0.01 work units)

    Nodes    |    Current Node    |     Objective Bounds      |     Work
 Expl Unexpl |  Obj  Depth IntInf | Incumbent    BestBd   Gap | It/Node Time

     0     0  109.00000    0   29          -  109.00000      -     -    0s
     0     0  109.00000    0   88          -  109.00000      -     -    0s
     0     0  109.00000    0   96          -  109.00000      -     -    0s
     0     0  109.00000    0   46          -  109.00000      -     -    0s
     0     0  109.00000    0   80          -  109.00000      -     -    0s
     0     0  109.00000    0   14          -  109.00000      -     -    0s
H    0     0                     109.0000000  109.00000  0.00%     -    0s
     0     0  109.00000    0   83  109.00000  109.00000  0.00%     -    0s

Cutting planes:
  Learned: 13
  Gomory: 1
  Implied bound: 3
  MIR: 1
  Zero half: 1
  Relax-and-lift: 2

Explored 1 nodes (4324 simplex iterations) in 0.92 seconds (0.37 work units)
Thread count was 8 (of 8 available processors)

Solution count 1: 109 

Optimal solution found (tolerance 1.00e-04)
Best objective 1.090000000000e+02, best bound 1.090000000000e+02, gap 0.0000%
Gurobi Optimizer version 9.5.1 build v9.5.1rc2 (win64)
Thread count: 4 physical cores, 8 logical processors, using up to 8 threads
Optimize a model with 1570 rows, 1643 columns and 9221 nonzeros
Model fingerprint: 0xa3f7328d
Variable types: 0 continuous, 1643 integer (1604 binary)
Coefficient statistics:
  Matrix range     [1e+00, 3e+02]
  Objective range  [2e+00, 1e+01]
  Bounds range     [1e+00, 4e+01]
  RHS range        [1e+00, 4e+02]
Presolve removed 4 rows and 124 columns
Presolve time: 0.00s

Explored 0 nodes (0 simplex iterations) in 0.00 seconds (0.00 work units)
Thread count was 1 (of 8 available processors)

Solution count 0

Model is infeasible
Best objective -, best bound -, gap -

Gurobi 9.5.1 (win64, Java) logging started Tue May 31 09:59:06 2022

Set parameter Username
Academic license - for non-commercial use only - expires 2023-02-25
Gurobi Optimizer version 9.5.1 build v9.5.1rc2 (win64)
Thread count: 4 physical cores, 8 logical processors, using up to 8 threads
Optimize a model with 1562 rows, 1639 columns and 7566 nonzeros
Model fingerprint: 0x2abfd228
Variable types: 0 continuous, 1639 integer (1600 binary)
Coefficient statistics:
  Matrix range     [1e+00, 4e+01]
  Objective range  [2e+00, 1e+01]
  Bounds range     [1e+00, 4e+01]
  RHS range        [1e+00, 4e+01]
Presolve removed 0 rows and 40 columns
Presolve time: 0.02s
Presolved: 1562 rows, 1599 columns, 7566 nonzeros
Variable types: 0 continuous, 1599 integer (1560 binary)
Found heuristic solution: objective 264.0000000

Root relaxation: objective 9.733333e+01, 162 iterations, 0.00 seconds (0.00 work units)

    Nodes    |    Current Node    |     Objective Bounds      |     Work
 Expl Unexpl |  Obj  Depth IntInf | Incumbent    BestBd   Gap | It/Node Time

     0     0   97.33333    0   58  264.00000   97.33333  63.1%     -    0s
     0     0  107.00000    0  102  264.00000  107.00000  59.5%     -    0s
H    0     0                     130.0000000  107.00000  17.7%     -    0s
H    0     0                     123.0000000  107.00000  13.0%     -    0s
     0     0  107.00000    0  107  123.00000  107.00000  13.0%     -    0s
     0     0  107.00000    0   54  123.00000  107.00000  13.0%     -    0s
     0     0  107.00000    0   58  123.00000  107.00000  13.0%     -    0s
H    0     0                     114.0000000  107.00000  6.14%     -    0s
     0     0  107.00000    0   24  114.00000  107.00000  6.14%     -    0s
     0     0  107.00000    0   25  114.00000  107.00000  6.14%     -    0s
     0     0  107.02198    0   27  114.00000  107.02198  6.12%     -    1s
     0     0  107.02198    0   27  114.00000  107.02198  6.12%     -    1s
     0     0  107.33333    0   35  114.00000  107.33333  5.85%     -    1s
     0     0  107.33333    0   62  114.00000  107.33333  5.85%     -    1s
     0     0  107.33333    0   85  114.00000  107.33333  5.85%     -    1s
     0     0  107.33333    0   91  114.00000  107.33333  5.85%     -    1s
     0     0  107.33333    0   98  114.00000  107.33333  5.85%     -    1s
     0     0  108.00000    0  107  114.00000  108.00000  5.26%     -    1s
     0     0  108.00000    0   99  114.00000  108.00000  5.26%     -    1s
     0     0  108.00000    0   96  114.00000  108.00000  5.26%     -    1s
     0     0  108.00000    0   98  114.00000  108.00000  5.26%     -    1s
H    0     0                     109.0000000  108.00000  0.92%     -    1s
     0     0  108.00000    0   24  109.00000  108.00000  0.92%     -    1s
     0     0 infeasible    0       109.00000  109.00000  0.00%     -    1s

Explored 1 nodes (2169 simplex iterations) in 1.63 seconds (0.47 work units)
Thread count was 8 (of 8 available processors)

Solution count 5: 109 114 123 ... 264

Optimal solution found (tolerance 1.00e-04)
Best objective 1.090000000000e+02, best bound 1.090000000000e+02, gap 0.0000%
Gurobi Optimizer version 9.5.1 build v9.5.1rc2 (win64)
Thread count: 4 physical cores, 8 logical processors, using up to 8 threads
Optimize a model with 1563 rows, 1639 columns and 9126 nonzeros
Model fingerprint: 0xbd59657e
Variable types: 0 continuous, 1639 integer (1600 binary)
Coefficient statistics:
  Matrix range     [1e+00, 4e+01]
  Objective range  [2e+00, 1e+01]
  Bounds range     [1e+00, 4e+01]
  RHS range        [1e+00, 1e+02]
Presolve removed 0 rows and 40 columns
Presolve time: 0.04s
Presolved: 1563 rows, 1599 columns, 9052 nonzeros
Variable types: 0 continuous, 1599 integer (1560 binary)

Root relaxation: objective 1.090000e+02, 604 iterations, 0.02 seconds (0.01 work units)

    Nodes    |    Current Node    |     Objective Bounds      |     Work
 Expl Unexpl |  Obj  Depth IntInf | Incumbent    BestBd   Gap | It/Node Time

     0     0  109.00000    0   29          -  109.00000      -     -    0s
     0     0  109.00000    0   88          -  109.00000      -     -    0s
     0     0  109.00000    0   96          -  109.00000      -     -    0s
     0     0  109.00000    0   46          -  109.00000      -     -    0s
     0     0  109.00000    0   80          -  109.00000      -     -    0s
     0     0  109.00000    0   14          -  109.00000      -     -    1s
H    0     0                     109.0000000  109.00000  0.00%     -    1s
     0     0  109.00000    0   83  109.00000  109.00000  0.00%     -    1s

Cutting planes:
  Learned: 13
  Gomory: 1
  Implied bound: 3
  MIR: 1
  Zero half: 1
  Relax-and-lift: 2

Explored 1 nodes (4324 simplex iterations) in 1.05 seconds (0.37 work units)
Thread count was 8 (of 8 available processors)

Solution count 1: 109 

Optimal solution found (tolerance 1.00e-04)
Best objective 1.090000000000e+02, best bound 1.090000000000e+02, gap 0.0000%
Gurobi Optimizer version 9.5.1 build v9.5.1rc2 (win64)
Thread count: 4 physical cores, 8 logical processors, using up to 8 threads
Optimize a model with 1566 rows, 1643 columns and 9208 nonzeros
Model fingerprint: 0xec3029bf
Variable types: 0 continuous, 1643 integer (1604 binary)
Coefficient statistics:
  Matrix range     [1e+00, 3e+02]
  Objective range  [2e+00, 1e+01]
  Bounds range     [1e+00, 4e+01]
  RHS range        [1e+00, 4e+02]
Presolve removed 0 rows and 123 columns
Presolve time: 0.00s

Explored 0 nodes (0 simplex iterations) in 0.00 seconds (0.00 work units)
Thread count was 1 (of 8 available processors)

Solution count 0

Model is infeasible
Best objective -, best bound -, gap -

Gurobi 9.5.1 (win64, Java) logging started Tue May 31 09:59:27 2022

Set parameter Username
Academic license - for non-commercial use only - expires 2023-02-25
Gurobi Optimizer version 9.5.1 build v9.5.1rc2 (win64)
Thread count: 4 physical cores, 8 logical processors, using up to 8 threads
Optimize a model with 1562 rows, 1639 columns and 7566 nonzeros
Model fingerprint: 0x2abfd228
Variable types: 0 continuous, 1639 integer (1600 binary)
Coefficient statistics:
  Matrix range     [1e+00, 4e+01]
  Objective range  [2e+00, 1e+01]
  Bounds range     [1e+00, 4e+01]
  RHS range        [1e+00, 4e+01]
Presolve removed 0 rows and 40 columns
Presolve time: 0.02s
Presolved: 1562 rows, 1599 columns, 7566 nonzeros
Variable types: 0 continuous, 1599 integer (1560 binary)
Found heuristic solution: objective 264.0000000

Root relaxation: objective 9.733333e+01, 162 iterations, 0.01 seconds (0.00 work units)

    Nodes    |    Current Node    |     Objective Bounds      |     Work
 Expl Unexpl |  Obj  Depth IntInf | Incumbent    BestBd   Gap | It/Node Time

     0     0   97.33333    0   58  264.00000   97.33333  63.1%     -    0s
     0     0  107.00000    0  102  264.00000  107.00000  59.5%     -    0s
H    0     0                     130.0000000  107.00000  17.7%     -    0s
H    0     0                     123.0000000  107.00000  13.0%     -    0s
     0     0  107.00000    0  107  123.00000  107.00000  13.0%     -    0s
     0     0  107.00000    0   54  123.00000  107.00000  13.0%     -    0s
     0     0  107.00000    0   58  123.00000  107.00000  13.0%     -    0s
H    0     0                     114.0000000  107.00000  6.14%     -    0s
     0     0  107.00000    0   24  114.00000  107.00000  6.14%     -    0s
     0     0  107.00000    0   25  114.00000  107.00000  6.14%     -    0s
     0     0  107.02198    0   27  114.00000  107.02198  6.12%     -    0s
     0     0  107.02198    0   27  114.00000  107.02198  6.12%     -    1s
     0     0  107.33333    0   35  114.00000  107.33333  5.85%     -    1s
     0     0  107.33333    0   62  114.00000  107.33333  5.85%     -    1s
     0     0  107.33333    0   85  114.00000  107.33333  5.85%     -    1s
     0     0  107.33333    0   91  114.00000  107.33333  5.85%     -    1s
     0     0  107.33333    0   98  114.00000  107.33333  5.85%     -    1s
     0     0  108.00000    0  107  114.00000  108.00000  5.26%     -    1s
     0     0  108.00000    0   99  114.00000  108.00000  5.26%     -    1s
     0     0  108.00000    0   96  114.00000  108.00000  5.26%     -    1s
     0     0  108.00000    0   98  114.00000  108.00000  5.26%     -    1s
H    0     0                     109.0000000  108.00000  0.92%     -    1s
     0     0  108.00000    0   24  109.00000  108.00000  0.92%     -    1s
     0     0 infeasible    0       109.00000  109.00000  0.00%     -    1s

Explored 1 nodes (2169 simplex iterations) in 1.61 seconds (0.47 work units)
Thread count was 8 (of 8 available processors)

Solution count 5: 109 114 123 ... 264

Optimal solution found (tolerance 1.00e-04)
Best objective 1.090000000000e+02, best bound 1.090000000000e+02, gap 0.0000%
Gurobi Optimizer version 9.5.1 build v9.5.1rc2 (win64)
Thread count: 4 physical cores, 8 logical processors, using up to 8 threads
Optimize a model with 1563 rows, 1639 columns and 9126 nonzeros
Model fingerprint: 0xbd59657e
Variable types: 0 continuous, 1639 integer (1600 binary)
Coefficient statistics:
  Matrix range     [1e+00, 4e+01]
  Objective range  [2e+00, 1e+01]
  Bounds range     [1e+00, 4e+01]
  RHS range        [1e+00, 1e+02]
Presolve removed 0 rows and 40 columns
Presolve time: 0.03s
Presolved: 1563 rows, 1599 columns, 9052 nonzeros
Variable types: 0 continuous, 1599 integer (1560 binary)

Root relaxation: objective 1.090000e+02, 604 iterations, 0.02 seconds (0.01 work units)

    Nodes    |    Current Node    |     Objective Bounds      |     Work
 Expl Unexpl |  Obj  Depth IntInf | Incumbent    BestBd   Gap | It/Node Time

     0     0  109.00000    0   29          -  109.00000      -     -    0s
     0     0  109.00000    0   88          -  109.00000      -     -    0s
     0     0  109.00000    0   96          -  109.00000      -     -    0s
     0     0  109.00000    0   46          -  109.00000      -     -    0s
     0     0  109.00000    0   80          -  109.00000      -     -    0s
     0     0  109.00000    0   14          -  109.00000      -     -    0s
H    0     0                     109.0000000  109.00000  0.00%     -    0s
     0     0  109.00000    0   83  109.00000  109.00000  0.00%     -    0s

Cutting planes:
  Learned: 13
  Gomory: 1
  Implied bound: 3
  MIR: 1
  Zero half: 1
  Relax-and-lift: 2

Explored 1 nodes (4324 simplex iterations) in 0.92 seconds (0.37 work units)
Thread count was 8 (of 8 available processors)

Solution count 1: 109 

Optimal solution found (tolerance 1.00e-04)
Best objective 1.090000000000e+02, best bound 1.090000000000e+02, gap 0.0000%
Gurobi Optimizer version 9.5.1 build v9.5.1rc2 (win64)
Thread count: 4 physical cores, 8 logical processors, using up to 8 threads
Optimize a model with 1569 rows, 1643 columns and 9146 nonzeros
Model fingerprint: 0x8871d7c4
Variable types: 0 continuous, 1643 integer (1604 binary)
Coefficient statistics:
  Matrix range     [1e+00, 3e+02]
  Objective range  [2e+00, 1e+01]
  Bounds range     [1e+00, 4e+01]
  RHS range        [1e+00, 4e+02]
Presolve removed 8 rows and 47 columns
Presolve time: 0.03s
Presolved: 1561 rows, 1596 columns, 9005 nonzeros
Variable types: 0 continuous, 1596 integer (1557 binary)
Found heuristic solution: objective 287.0000000

Root relaxation: objective 9.835897e+01, 157 iterations, 0.00 seconds (0.00 work units)

    Nodes    |    Current Node    |     Objective Bounds      |     Work
 Expl Unexpl |  Obj  Depth IntInf | Incumbent    BestBd   Gap | It/Node Time

     0     0   98.35897    0   49  287.00000   98.35897  65.7%     -    0s
     0     0  107.02564    0   76  287.00000  107.02564  62.7%     -    0s
H    0     0                     120.0000000  107.02564  10.8%     -    0s
     0     0  107.02564    0   65  120.00000  107.02564  10.8%     -    0s
H    0     0                     110.0000000  108.00000  1.82%     -    0s
     0     0  108.00000    0   86  110.00000  108.00000  1.82%     -    0s
     0     0  108.00000    0   85  110.00000  108.00000  1.82%     -    0s
     0     0  108.00000    0    4  110.00000  108.00000  1.82%     -    0s
     0     0  108.00000    0   59  110.00000  108.00000  1.82%     -    0s
     0     0  108.00000    0   99  110.00000  108.00000  1.82%     -    0s
     0     0  108.00000    0   68  110.00000  108.00000  1.82%     -    0s
     0     0  108.00000    0   55  110.00000  108.00000  1.82%     -    0s
H    0     0                     109.0000000  108.00000  0.92%     -    0s
     0     0  108.00000    0   57  109.00000  108.00000  0.92%     -    0s
     0     0  108.00000    0   57  109.00000  108.00000  0.92%     -    0s
     0     0  108.00000    0   26  109.00000  108.00000  0.92%     -    0s

Cutting planes:
  Learned: 14
  Gomory: 1
  Implied bound: 1
  MIR: 3
  Zero half: 1
  RLT: 3
  Relax-and-lift: 7

Explored 1 nodes (1129 simplex iterations) in 0.44 seconds (0.17 work units)
Thread count was 8 (of 8 available processors)

Solution count 4: 109 110 120 287 

Optimal solution found (tolerance 1.00e-04)
Best objective 1.090000000000e+02, best bound 1.090000000000e+02, gap 0.0000%

Gurobi 9.5.1 (win64, Java) logging started Tue May 31 10:01:23 2022

Set parameter Username
Academic license - for non-commercial use only - expires 2023-02-25
Gurobi Optimizer version 9.5.1 build v9.5.1rc2 (win64)
Thread count: 4 physical cores, 8 logical processors, using up to 8 threads
Optimize a model with 1562 rows, 1639 columns and 7566 nonzeros
Model fingerprint: 0x2abfd228
Variable types: 0 continuous, 1639 integer (1600 binary)
Coefficient statistics:
  Matrix range     [1e+00, 4e+01]
  Objective range  [2e+00, 1e+01]
  Bounds range     [1e+00, 4e+01]
  RHS range        [1e+00, 4e+01]
Presolve removed 0 rows and 40 columns
Presolve time: 0.02s
Presolved: 1562 rows, 1599 columns, 7566 nonzeros
Variable types: 0 continuous, 1599 integer (1560 binary)
Found heuristic solution: objective 264.0000000

Root relaxation: objective 9.733333e+01, 162 iterations, 0.00 seconds (0.00 work units)

    Nodes    |    Current Node    |     Objective Bounds      |     Work
 Expl Unexpl |  Obj  Depth IntInf | Incumbent    BestBd   Gap | It/Node Time

     0     0   97.33333    0   58  264.00000   97.33333  63.1%     -    0s
     0     0  107.00000    0  102  264.00000  107.00000  59.5%     -    0s
H    0     0                     130.0000000  107.00000  17.7%     -    0s
H    0     0                     123.0000000  107.00000  13.0%     -    0s
     0     0  107.00000    0  107  123.00000  107.00000  13.0%     -    0s
     0     0  107.00000    0   54  123.00000  107.00000  13.0%     -    0s
     0     0  107.00000    0   58  123.00000  107.00000  13.0%     -    0s
H    0     0                     114.0000000  107.00000  6.14%     -    0s
     0     0  107.00000    0   24  114.00000  107.00000  6.14%     -    0s
     0     0  107.00000    0   25  114.00000  107.00000  6.14%     -    0s
     0     0  107.02198    0   27  114.00000  107.02198  6.12%     -    0s
     0     0  107.02198    0   27  114.00000  107.02198  6.12%     -    0s
     0     0  107.33333    0   35  114.00000  107.33333  5.85%     -    1s
     0     0  107.33333    0   62  114.00000  107.33333  5.85%     -    1s
     0     0  107.33333    0   85  114.00000  107.33333  5.85%     -    1s
     0     0  107.33333    0   91  114.00000  107.33333  5.85%     -    1s
     0     0  107.33333    0   98  114.00000  107.33333  5.85%     -    1s
     0     0  108.00000    0  107  114.00000  108.00000  5.26%     -    1s
     0     0  108.00000    0   99  114.00000  108.00000  5.26%     -    1s
     0     0  108.00000    0   96  114.00000  108.00000  5.26%     -    1s
     0     0  108.00000    0   98  114.00000  108.00000  5.26%     -    1s
H    0     0                     109.0000000  108.00000  0.92%     -    1s
     0     0  108.00000    0   24  109.00000  108.00000  0.92%     -    1s
     0     0 infeasible    0       109.00000  109.00000  0.00%     -    1s

Explored 1 nodes (2169 simplex iterations) in 1.57 seconds (0.47 work units)
Thread count was 8 (of 8 available processors)

Solution count 5: 109 114 123 ... 264

Optimal solution found (tolerance 1.00e-04)
Best objective 1.090000000000e+02, best bound 1.090000000000e+02, gap 0.0000%
Gurobi Optimizer version 9.5.1 build v9.5.1rc2 (win64)
Thread count: 4 physical cores, 8 logical processors, using up to 8 threads
Optimize a model with 1563 rows, 1639 columns and 9126 nonzeros
Model fingerprint: 0xbd59657e
Variable types: 0 continuous, 1639 integer (1600 binary)
Coefficient statistics:
  Matrix range     [1e+00, 4e+01]
  Objective range  [2e+00, 1e+01]
  Bounds range     [1e+00, 4e+01]
  RHS range        [1e+00, 1e+02]
Presolve removed 0 rows and 40 columns
Presolve time: 0.04s
Presolved: 1563 rows, 1599 columns, 9052 nonzeros
Variable types: 0 continuous, 1599 integer (1560 binary)

Root relaxation: objective 1.090000e+02, 604 iterations, 0.02 seconds (0.01 work units)

    Nodes    |    Current Node    |     Objective Bounds      |     Work
 Expl Unexpl |  Obj  Depth IntInf | Incumbent    BestBd   Gap | It/Node Time

     0     0  109.00000    0   29          -  109.00000      -     -    0s
     0     0  109.00000    0   88          -  109.00000      -     -    0s
     0     0  109.00000    0   96          -  109.00000      -     -    0s
     0     0  109.00000    0   46          -  109.00000      -     -    0s
     0     0  109.00000    0   80          -  109.00000      -     -    0s
     0     0  109.00000    0   14          -  109.00000      -     -    0s
H    0     0                     109.0000000  109.00000  0.00%     -    0s
     0     0  109.00000    0   83  109.00000  109.00000  0.00%     -    0s

Cutting planes:
  Learned: 13
  Gomory: 1
  Implied bound: 3
  MIR: 1
  Zero half: 1
  Relax-and-lift: 2

Explored 1 nodes (4324 simplex iterations) in 1.00 seconds (0.37 work units)
Thread count was 8 (of 8 available processors)

Solution count 1: 109 

Optimal solution found (tolerance 1.00e-04)
Best objective 1.090000000000e+02, best bound 1.090000000000e+02, gap 0.0000%
Gurobi Optimizer version 9.5.1 build v9.5.1rc2 (win64)
Thread count: 4 physical cores, 8 logical processors, using up to 8 threads
Optimize a model with 1570 rows, 1643 columns and 9224 nonzeros
Model fingerprint: 0x495d53f7
Variable types: 0 continuous, 1643 integer (1604 binary)
Coefficient statistics:
  Matrix range     [1e+00, 3e+02]
  Objective range  [2e+00, 1e+01]
  Bounds range     [1e+00, 4e+01]
  RHS range        [1e+00, 4e+02]
Presolve removed 4 rows and 125 columns
Presolve time: 0.00s

Explored 0 nodes (0 simplex iterations) in 0.00 seconds (0.00 work units)
Thread count was 1 (of 8 available processors)

Solution count 0

Model is infeasible
Best objective -, best bound -, gap -

Gurobi 9.5.1 (win64, Java) logging started Tue May 31 10:02:27 2022

Set parameter Username
Academic license - for non-commercial use only - expires 2023-02-25
Gurobi Optimizer version 9.5.1 build v9.5.1rc2 (win64)
Thread count: 4 physical cores, 8 logical processors, using up to 8 threads
Optimize a model with 1562 rows, 1639 columns and 7566 nonzeros
Model fingerprint: 0x2abfd228
Variable types: 0 continuous, 1639 integer (1600 binary)
Coefficient statistics:
  Matrix range     [1e+00, 4e+01]
  Objective range  [2e+00, 1e+01]
  Bounds range     [1e+00, 4e+01]
  RHS range        [1e+00, 4e+01]
Presolve removed 0 rows and 40 columns
Presolve time: 0.02s
Presolved: 1562 rows, 1599 columns, 7566 nonzeros
Variable types: 0 continuous, 1599 integer (1560 binary)
Found heuristic solution: objective 264.0000000

Root relaxation: objective 9.733333e+01, 162 iterations, 0.01 seconds (0.00 work units)

    Nodes    |    Current Node    |     Objective Bounds      |     Work
 Expl Unexpl |  Obj  Depth IntInf | Incumbent    BestBd   Gap | It/Node Time

     0     0   97.33333    0   58  264.00000   97.33333  63.1%     -    0s
     0     0  107.00000    0  102  264.00000  107.00000  59.5%     -    0s
H    0     0                     130.0000000  107.00000  17.7%     -    0s
H    0     0                     123.0000000  107.00000  13.0%     -    0s
     0     0  107.00000    0  107  123.00000  107.00000  13.0%     -    0s
     0     0  107.00000    0   54  123.00000  107.00000  13.0%     -    0s
     0     0  107.00000    0   58  123.00000  107.00000  13.0%     -    0s
H    0     0                     114.0000000  107.00000  6.14%     -    0s
     0     0  107.00000    0   24  114.00000  107.00000  6.14%     -    0s
     0     0  107.00000    0   25  114.00000  107.00000  6.14%     -    0s
     0     0  107.02198    0   27  114.00000  107.02198  6.12%     -    1s
     0     0  107.02198    0   27  114.00000  107.02198  6.12%     -    1s
     0     0  107.33333    0   35  114.00000  107.33333  5.85%     -    1s
     0     0  107.33333    0   62  114.00000  107.33333  5.85%     -    1s
     0     0  107.33333    0   85  114.00000  107.33333  5.85%     -    1s
     0     0  107.33333    0   91  114.00000  107.33333  5.85%     -    1s
     0     0  107.33333    0   98  114.00000  107.33333  5.85%     -    1s
     0     0  108.00000    0  107  114.00000  108.00000  5.26%     -    1s
     0     0  108.00000    0   99  114.00000  108.00000  5.26%     -    1s
     0     0  108.00000    0   96  114.00000  108.00000  5.26%     -    1s
     0     0  108.00000    0   98  114.00000  108.00000  5.26%     -    1s
H    0     0                     109.0000000  108.00000  0.92%     -    1s
     0     0  108.00000    0   24  109.00000  108.00000  0.92%     -    1s
     0     0 infeasible    0       109.00000  109.00000  0.00%     -    1s

Explored 1 nodes (2169 simplex iterations) in 1.69 seconds (0.47 work units)
Thread count was 8 (of 8 available processors)

Solution count 5: 109 114 123 ... 264

Optimal solution found (tolerance 1.00e-04)
Best objective 1.090000000000e+02, best bound 1.090000000000e+02, gap 0.0000%
Gurobi Optimizer version 9.5.1 build v9.5.1rc2 (win64)
Thread count: 4 physical cores, 8 logical processors, using up to 8 threads
Optimize a model with 1563 rows, 1639 columns and 9126 nonzeros
Model fingerprint: 0xbd59657e
Variable types: 0 continuous, 1639 integer (1600 binary)
Coefficient statistics:
  Matrix range     [1e+00, 4e+01]
  Objective range  [2e+00, 1e+01]
  Bounds range     [1e+00, 4e+01]
  RHS range        [1e+00, 1e+02]
Presolve removed 0 rows and 40 columns
Presolve time: 0.03s
Presolved: 1563 rows, 1599 columns, 9052 nonzeros
Variable types: 0 continuous, 1599 integer (1560 binary)

Root relaxation: objective 1.090000e+02, 604 iterations, 0.02 seconds (0.01 work units)

    Nodes    |    Current Node    |     Objective Bounds      |     Work
 Expl Unexpl |  Obj  Depth IntInf | Incumbent    BestBd   Gap | It/Node Time

     0     0  109.00000    0   29          -  109.00000      -     -    0s
     0     0  109.00000    0   88          -  109.00000      -     -    0s
     0     0  109.00000    0   96          -  109.00000      -     -    0s
     0     0  109.00000    0   46          -  109.00000      -     -    0s
     0     0  109.00000    0   80          -  109.00000      -     -    0s
     0     0  109.00000    0   14          -  109.00000      -     -    0s
H    0     0                     109.0000000  109.00000  0.00%     -    1s
     0     0  109.00000    0   83  109.00000  109.00000  0.00%     -    1s

Cutting planes:
  Learned: 13
  Gomory: 1
  Implied bound: 3
  MIR: 1
  Zero half: 1
  Relax-and-lift: 2

Explored 1 nodes (4324 simplex iterations) in 1.04 seconds (0.37 work units)
Thread count was 8 (of 8 available processors)

Solution count 1: 109 

Optimal solution found (tolerance 1.00e-04)
Best objective 1.090000000000e+02, best bound 1.090000000000e+02, gap 0.0000%
Gurobi Optimizer version 9.5.1 build v9.5.1rc2 (win64)
Thread count: 4 physical cores, 8 logical processors, using up to 8 threads
Optimize a model with 1570 rows, 1643 columns and 10707 nonzeros
Model fingerprint: 0x01f8c6d3
Variable types: 0 continuous, 1643 integer (1604 binary)
Coefficient statistics:
  Matrix range     [1e-01, 3e+02]
  Objective range  [2e+00, 1e+01]
  Bounds range     [1e+00, 4e+01]
  RHS range        [1e+00, 4e+02]
Presolve removed 8 rows and 47 columns
Presolve time: 0.03s
Presolved: 1562 rows, 1596 columns, 10487 nonzeros
Variable types: 0 continuous, 1596 integer (1557 binary)

Root relaxation: objective 9.835897e+01, 187 iterations, 0.02 seconds (0.00 work units)

    Nodes    |    Current Node    |     Objective Bounds      |     Work
 Expl Unexpl |  Obj  Depth IntInf | Incumbent    BestBd   Gap | It/Node Time

     0     0   98.35897    0   52          -   98.35897      -     -    0s
H    0     0                     231.0000000   98.35897  57.4%     -    0s
     0     0  107.02564    0   86  231.00000  107.02564  53.7%     -    0s
H    0     0                     126.0000000  107.02564  15.1%     -    0s
     0     0  107.02564    0   73  126.00000  107.02564  15.1%     -    0s
     0     0  108.00000    0   88  126.00000  108.00000  14.3%     -    0s
     0     0  108.00000    0   72  126.00000  108.00000  14.3%     -    0s
H    0     0                     114.0000000  108.00000  5.26%     -    0s
     0     0  108.00000    0   77  114.00000  108.00000  5.26%     -    0s
     0     0  108.00000    0   65  114.00000  108.00000  5.26%     -    0s
     0     0  108.00000    0   10  114.00000  108.00000  5.26%     -    0s
     0     0  108.00000    0   52  114.00000  108.00000  5.26%     -    0s
     0     0  108.00000    0   90  114.00000  108.00000  5.26%     -    0s
H    0     0                     113.0000000  108.00000  4.42%     -    1s
     0     0  108.00000    0   83  113.00000  108.00000  4.42%     -    1s
H    0     0                     111.0000000  108.00000  2.70%     -    1s
H    0     0                     109.0000000  108.00000  0.92%     -    1s
     0     0  108.00000    0    4  109.00000  108.00000  0.92%     -    1s
     0     0 infeasible    0       109.00000  109.00000  0.00%     -    1s

Explored 1 nodes (1489 simplex iterations) in 1.12 seconds (0.36 work units)
Thread count was 8 (of 8 available processors)

Solution count 6: 109 111 113 ... 231

Optimal solution found (tolerance 1.00e-04)
Best objective 1.090000000000e+02, best bound 1.090000000000e+02, gap 0.0000%

Gurobi 9.5.1 (win64, Java) logging started Tue May 31 10:19:42 2022

Set parameter Username
Academic license - for non-commercial use only - expires 2023-02-25
Gurobi Optimizer version 9.5.1 build v9.5.1rc2 (win64)
Thread count: 4 physical cores, 8 logical processors, using up to 8 threads
Optimize a model with 1562 rows, 1639 columns and 7566 nonzeros
Model fingerprint: 0x2abfd228
Variable types: 0 continuous, 1639 integer (1600 binary)
Coefficient statistics:
  Matrix range     [1e+00, 4e+01]
  Objective range  [2e+00, 1e+01]
  Bounds range     [1e+00, 4e+01]
  RHS range        [1e+00, 4e+01]
Presolve removed 0 rows and 40 columns
Presolve time: 0.02s
Presolved: 1562 rows, 1599 columns, 7566 nonzeros
Variable types: 0 continuous, 1599 integer (1560 binary)
Found heuristic solution: objective 264.0000000

Root relaxation: objective 9.733333e+01, 162 iterations, 0.00 seconds (0.00 work units)

    Nodes    |    Current Node    |     Objective Bounds      |     Work
 Expl Unexpl |  Obj  Depth IntInf | Incumbent    BestBd   Gap | It/Node Time

     0     0   97.33333    0   58  264.00000   97.33333  63.1%     -    0s
     0     0  107.00000    0  102  264.00000  107.00000  59.5%     -    0s
H    0     0                     130.0000000  107.00000  17.7%     -    0s
H    0     0                     123.0000000  107.00000  13.0%     -    0s
     0     0  107.00000    0  107  123.00000  107.00000  13.0%     -    0s
     0     0  107.00000    0   54  123.00000  107.00000  13.0%     -    0s
     0     0  107.00000    0   58  123.00000  107.00000  13.0%     -    0s
H    0     0                     114.0000000  107.00000  6.14%     -    0s
     0     0  107.00000    0   24  114.00000  107.00000  6.14%     -    0s
     0     0  107.00000    0   25  114.00000  107.00000  6.14%     -    0s
     0     0  107.02198    0   27  114.00000  107.02198  6.12%     -    0s
     0     0  107.02198    0   27  114.00000  107.02198  6.12%     -    1s
     0     0  107.33333    0   35  114.00000  107.33333  5.85%     -    1s
     0     0  107.33333    0   62  114.00000  107.33333  5.85%     -    1s
     0     0  107.33333    0   85  114.00000  107.33333  5.85%     -    1s
     0     0  107.33333    0   91  114.00000  107.33333  5.85%     -    1s
     0     0  107.33333    0   98  114.00000  107.33333  5.85%     -    1s
     0     0  108.00000    0  107  114.00000  108.00000  5.26%     -    1s
     0     0  108.00000    0   99  114.00000  108.00000  5.26%     -    1s
     0     0  108.00000    0   96  114.00000  108.00000  5.26%     -    1s
     0     0  108.00000    0   98  114.00000  108.00000  5.26%     -    1s
H    0     0                     109.0000000  108.00000  0.92%     -    1s
     0     0  108.00000    0   24  109.00000  108.00000  0.92%     -    1s
     0     0 infeasible    0       109.00000  109.00000  0.00%     -    1s

Explored 1 nodes (2169 simplex iterations) in 1.66 seconds (0.47 work units)
Thread count was 8 (of 8 available processors)

Solution count 5: 109 114 123 ... 264

Optimal solution found (tolerance 1.00e-04)
Best objective 1.090000000000e+02, best bound 1.090000000000e+02, gap 0.0000%
Gurobi Optimizer version 9.5.1 build v9.5.1rc2 (win64)
Thread count: 4 physical cores, 8 logical processors, using up to 8 threads
Optimize a model with 1563 rows, 1639 columns and 9126 nonzeros
Model fingerprint: 0xbd59657e
Variable types: 0 continuous, 1639 integer (1600 binary)
Coefficient statistics:
  Matrix range     [1e+00, 4e+01]
  Objective range  [2e+00, 1e+01]
  Bounds range     [1e+00, 4e+01]
  RHS range        [1e+00, 1e+02]
Presolve removed 0 rows and 40 columns
Presolve time: 0.05s
Presolved: 1563 rows, 1599 columns, 9052 nonzeros
Variable types: 0 continuous, 1599 integer (1560 binary)

Root relaxation: objective 1.090000e+02, 604 iterations, 0.02 seconds (0.01 work units)

    Nodes    |    Current Node    |     Objective Bounds      |     Work
 Expl Unexpl |  Obj  Depth IntInf | Incumbent    BestBd   Gap | It/Node Time

     0     0  109.00000    0   29          -  109.00000      -     -    0s
     0     0  109.00000    0   88          -  109.00000      -     -    0s
     0     0  109.00000    0   96          -  109.00000      -     -    0s
     0     0  109.00000    0   46          -  109.00000      -     -    0s
     0     0  109.00000    0   80          -  109.00000      -     -    0s
     0     0  109.00000    0   14          -  109.00000      -     -    0s
H    0     0                     109.0000000  109.00000  0.00%     -    1s
     0     0  109.00000    0   83  109.00000  109.00000  0.00%     -    1s

Cutting planes:
  Learned: 13
  Gomory: 1
  Implied bound: 3
  MIR: 1
  Zero half: 1
  Relax-and-lift: 2

Explored 1 nodes (4324 simplex iterations) in 1.02 seconds (0.37 work units)
Thread count was 8 (of 8 available processors)

Solution count 1: 109 

Optimal solution found (tolerance 1.00e-04)
Best objective 1.090000000000e+02, best bound 1.090000000000e+02, gap 0.0000%
Gurobi Optimizer version 9.5.1 build v9.5.1rc2 (win64)
Thread count: 4 physical cores, 8 logical processors, using up to 8 threads
Optimize a model with 1570 rows, 1643 columns and 10707 nonzeros
Model fingerprint: 0x01f8c6d3
Variable types: 0 continuous, 1643 integer (1604 binary)
Coefficient statistics:
  Matrix range     [1e-01, 3e+02]
  Objective range  [2e+00, 1e+01]
  Bounds range     [1e+00, 4e+01]
  RHS range        [1e+00, 4e+02]
Presolve removed 8 rows and 47 columns
Presolve time: 0.03s
Presolved: 1562 rows, 1596 columns, 10487 nonzeros
Variable types: 0 continuous, 1596 integer (1557 binary)

Root relaxation: objective 9.835897e+01, 187 iterations, 0.00 seconds (0.00 work units)

    Nodes    |    Current Node    |     Objective Bounds      |     Work
 Expl Unexpl |  Obj  Depth IntInf | Incumbent    BestBd   Gap | It/Node Time

     0     0   98.35897    0   52          -   98.35897      -     -    0s
H    0     0                     231.0000000   98.35897  57.4%     -    0s
     0     0  107.02564    0   86  231.00000  107.02564  53.7%     -    0s
H    0     0                     126.0000000  107.02564  15.1%     -    0s
     0     0  107.02564    0   73  126.00000  107.02564  15.1%     -    0s
     0     0  108.00000    0   88  126.00000  108.00000  14.3%     -    0s
     0     0  108.00000    0   72  126.00000  108.00000  14.3%     -    0s
H    0     0                     114.0000000  108.00000  5.26%     -    0s
     0     0  108.00000    0   77  114.00000  108.00000  5.26%     -    0s
     0     0  108.00000    0   65  114.00000  108.00000  5.26%     -    0s
     0     0  108.00000    0   10  114.00000  108.00000  5.26%     -    0s
     0     0  108.00000    0   52  114.00000  108.00000  5.26%     -    0s
     0     0  108.00000    0   90  114.00000  108.00000  5.26%     -    0s
H    0     0                     113.0000000  108.00000  4.42%     -    0s
     0     0  108.00000    0   83  113.00000  108.00000  4.42%     -    0s
H    0     0                     111.0000000  108.00000  2.70%     -    0s
H    0     0                     109.0000000  108.00000  0.92%     -    0s
     0     0  108.00000    0    4  109.00000  108.00000  0.92%     -    0s
     0     0 infeasible    0       109.00000  109.00000  0.00%     -    0s

Explored 1 nodes (1489 simplex iterations) in 0.96 seconds (0.36 work units)
Thread count was 8 (of 8 available processors)

Solution count 6: 109 111 113 ... 231

Optimal solution found (tolerance 1.00e-04)
Best objective 1.090000000000e+02, best bound 1.090000000000e+02, gap 0.0000%

Gurobi 9.5.1 (win64, Java) logging started Tue May 31 10:20:43 2022

Set parameter Username
Academic license - for non-commercial use only - expires 2023-02-25
Gurobi Optimizer version 9.5.1 build v9.5.1rc2 (win64)
Thread count: 4 physical cores, 8 logical processors, using up to 8 threads
Optimize a model with 1562 rows, 1639 columns and 7566 nonzeros
Model fingerprint: 0x2abfd228
Variable types: 0 continuous, 1639 integer (1600 binary)
Coefficient statistics:
  Matrix range     [1e+00, 4e+01]
  Objective range  [2e+00, 1e+01]
  Bounds range     [1e+00, 4e+01]
  RHS range        [1e+00, 4e+01]
Presolve removed 0 rows and 40 columns
Presolve time: 0.02s
Presolved: 1562 rows, 1599 columns, 7566 nonzeros
Variable types: 0 continuous, 1599 integer (1560 binary)
Found heuristic solution: objective 264.0000000

Root relaxation: objective 9.733333e+01, 162 iterations, 0.01 seconds (0.00 work units)

    Nodes    |    Current Node    |     Objective Bounds      |     Work
 Expl Unexpl |  Obj  Depth IntInf | Incumbent    BestBd   Gap | It/Node Time

     0     0   97.33333    0   58  264.00000   97.33333  63.1%     -    0s
     0     0  107.00000    0  102  264.00000  107.00000  59.5%     -    0s
H    0     0                     130.0000000  107.00000  17.7%     -    0s
H    0     0                     123.0000000  107.00000  13.0%     -    0s
     0     0  107.00000    0  107  123.00000  107.00000  13.0%     -    0s
     0     0  107.00000    0   54  123.00000  107.00000  13.0%     -    0s
     0     0  107.00000    0   58  123.00000  107.00000  13.0%     -    0s
H    0     0                     114.0000000  107.00000  6.14%     -    1s
     0     0  107.00000    0   24  114.00000  107.00000  6.14%     -    1s
     0     0  107.00000    0   25  114.00000  107.00000  6.14%     -    1s
     0     0  107.02198    0   27  114.00000  107.02198  6.12%     -    1s
     0     0  107.02198    0   27  114.00000  107.02198  6.12%     -    1s
     0     0  107.33333    0   35  114.00000  107.33333  5.85%     -    1s
     0     0  107.33333    0   62  114.00000  107.33333  5.85%     -    1s
     0     0  107.33333    0   85  114.00000  107.33333  5.85%     -    1s
     0     0  107.33333    0   91  114.00000  107.33333  5.85%     -    1s
     0     0  107.33333    0   98  114.00000  107.33333  5.85%     -    1s
     0     0  108.00000    0  107  114.00000  108.00000  5.26%     -    1s
     0     0  108.00000    0   99  114.00000  108.00000  5.26%     -    1s
     0     0  108.00000    0   96  114.00000  108.00000  5.26%     -    1s
     0     0  108.00000    0   98  114.00000  108.00000  5.26%     -    1s
H    0     0                     109.0000000  108.00000  0.92%     -    1s
     0     0  108.00000    0   24  109.00000  108.00000  0.92%     -    1s
     0     0 infeasible    0       109.00000  109.00000  0.00%     -    1s

Explored 1 nodes (2169 simplex iterations) in 1.96 seconds (0.47 work units)
Thread count was 8 (of 8 available processors)

Solution count 5: 109 114 123 ... 264

Optimal solution found (tolerance 1.00e-04)
Best objective 1.090000000000e+02, best bound 1.090000000000e+02, gap 0.0000%
Gurobi Optimizer version 9.5.1 build v9.5.1rc2 (win64)
Thread count: 4 physical cores, 8 logical processors, using up to 8 threads
Optimize a model with 1563 rows, 1639 columns and 9126 nonzeros
Model fingerprint: 0xbd59657e
Variable types: 0 continuous, 1639 integer (1600 binary)
Coefficient statistics:
  Matrix range     [1e+00, 4e+01]
  Objective range  [2e+00, 1e+01]
  Bounds range     [1e+00, 4e+01]
  RHS range        [1e+00, 1e+02]
Presolve removed 0 rows and 40 columns
Presolve time: 0.08s
Presolved: 1563 rows, 1599 columns, 9052 nonzeros
Variable types: 0 continuous, 1599 integer (1560 binary)

Root relaxation: objective 1.090000e+02, 604 iterations, 0.02 seconds (0.01 work units)

    Nodes    |    Current Node    |     Objective Bounds      |     Work
 Expl Unexpl |  Obj  Depth IntInf | Incumbent    BestBd   Gap | It/Node Time

     0     0  109.00000    0   29          -  109.00000      -     -    0s
     0     0  109.00000    0   88          -  109.00000      -     -    0s
     0     0  109.00000    0   96          -  109.00000      -     -    0s
     0     0  109.00000    0   46          -  109.00000      -     -    0s
     0     0  109.00000    0   80          -  109.00000      -     -    0s
     0     0  109.00000    0   14          -  109.00000      -     -    1s
H    0     0                     109.0000000  109.00000  0.00%     -    1s
     0     0  109.00000    0   83  109.00000  109.00000  0.00%     -    1s

Cutting planes:
  Learned: 13
  Gomory: 1
  Implied bound: 3
  MIR: 1
  Zero half: 1
  Relax-and-lift: 2

Explored 1 nodes (4324 simplex iterations) in 1.32 seconds (0.37 work units)
Thread count was 8 (of 8 available processors)

Solution count 1: 109 

Optimal solution found (tolerance 1.00e-04)
Best objective 1.090000000000e+02, best bound 1.090000000000e+02, gap 0.0000%
Gurobi Optimizer version 9.5.1 build v9.5.1rc2 (win64)
Thread count: 4 physical cores, 8 logical processors, using up to 8 threads
Optimize a model with 1570 rows, 1643 columns and 10707 nonzeros
Model fingerprint: 0x01f8c6d3
Variable types: 0 continuous, 1643 integer (1604 binary)
Coefficient statistics:
  Matrix range     [1e-01, 3e+02]
  Objective range  [2e+00, 1e+01]
  Bounds range     [1e+00, 4e+01]
  RHS range        [1e+00, 4e+02]
Presolve removed 8 rows and 47 columns
Presolve time: 0.04s
Presolved: 1562 rows, 1596 columns, 10487 nonzeros
Variable types: 0 continuous, 1596 integer (1557 binary)

Root relaxation: objective 9.835897e+01, 187 iterations, 0.03 seconds (0.00 work units)

    Nodes    |    Current Node    |     Objective Bounds      |     Work
 Expl Unexpl |  Obj  Depth IntInf | Incumbent    BestBd   Gap | It/Node Time

     0     0   98.35897    0   52          -   98.35897      -     -    0s
H    0     0                     231.0000000   98.35897  57.4%     -    0s
     0     0  107.02564    0   86  231.00000  107.02564  53.7%     -    0s
H    0     0                     126.0000000  107.02564  15.1%     -    0s
     0     0  107.02564    0   73  126.00000  107.02564  15.1%     -    0s
     0     0  108.00000    0   88  126.00000  108.00000  14.3%     -    0s
     0     0  108.00000    0   72  126.00000  108.00000  14.3%     -    0s
H    0     0                     114.0000000  108.00000  5.26%     -    0s
     0     0  108.00000    0   77  114.00000  108.00000  5.26%     -    0s
     0     0  108.00000    0   65  114.00000  108.00000  5.26%     -    0s
     0     0  108.00000    0   10  114.00000  108.00000  5.26%     -    0s
     0     0  108.00000    0   52  114.00000  108.00000  5.26%     -    1s
     0     0  108.00000    0   90  114.00000  108.00000  5.26%     -    1s
H    0     0                     113.0000000  108.00000  4.42%     -    1s
     0     0  108.00000    0   83  113.00000  108.00000  4.42%     -    1s
H    0     0                     111.0000000  108.00000  2.70%     -    1s
H    0     0                     109.0000000  108.00000  0.92%     -    1s
     0     0  108.00000    0    4  109.00000  108.00000  0.92%     -    1s
     0     0 infeasible    0       109.00000  109.00000  0.00%     -    1s

Explored 1 nodes (1489 simplex iterations) in 1.25 seconds (0.36 work units)
Thread count was 8 (of 8 available processors)

Solution count 6: 109 111 113 ... 231

Optimal solution found (tolerance 1.00e-04)
Best objective 1.090000000000e+02, best bound 1.090000000000e+02, gap 0.0000%

Gurobi 9.5.1 (win64, Java) logging started Tue May 31 10:24:43 2022

Set parameter Username
Academic license - for non-commercial use only - expires 2023-02-25
Gurobi Optimizer version 9.5.1 build v9.5.1rc2 (win64)
Thread count: 4 physical cores, 8 logical processors, using up to 8 threads
Optimize a model with 1562 rows, 1639 columns and 7566 nonzeros
Model fingerprint: 0x2abfd228
Variable types: 0 continuous, 1639 integer (1600 binary)
Coefficient statistics:
  Matrix range     [1e+00, 4e+01]
  Objective range  [2e+00, 1e+01]
  Bounds range     [1e+00, 4e+01]
  RHS range        [1e+00, 4e+01]
Presolve removed 0 rows and 40 columns
Presolve time: 0.02s
Presolved: 1562 rows, 1599 columns, 7566 nonzeros
Variable types: 0 continuous, 1599 integer (1560 binary)
Found heuristic solution: objective 264.0000000

Root relaxation: objective 9.733333e+01, 162 iterations, 0.00 seconds (0.00 work units)

    Nodes    |    Current Node    |     Objective Bounds      |     Work
 Expl Unexpl |  Obj  Depth IntInf | Incumbent    BestBd   Gap | It/Node Time

     0     0   97.33333    0   58  264.00000   97.33333  63.1%     -    0s
     0     0  107.00000    0  102  264.00000  107.00000  59.5%     -    0s
H    0     0                     130.0000000  107.00000  17.7%     -    0s
H    0     0                     123.0000000  107.00000  13.0%     -    0s
     0     0  107.00000    0  107  123.00000  107.00000  13.0%     -    0s
     0     0  107.00000    0   54  123.00000  107.00000  13.0%     -    0s
     0     0  107.00000    0   58  123.00000  107.00000  13.0%     -    0s
H    0     0                     114.0000000  107.00000  6.14%     -    0s
     0     0  107.00000    0   24  114.00000  107.00000  6.14%     -    0s
     0     0  107.00000    0   25  114.00000  107.00000  6.14%     -    0s
     0     0  107.02198    0   27  114.00000  107.02198  6.12%     -    0s
     0     0  107.02198    0   27  114.00000  107.02198  6.12%     -    0s
     0     0  107.33333    0   35  114.00000  107.33333  5.85%     -    1s
     0     0  107.33333    0   62  114.00000  107.33333  5.85%     -    1s
     0     0  107.33333    0   85  114.00000  107.33333  5.85%     -    1s
     0     0  107.33333    0   91  114.00000  107.33333  5.85%     -    1s
     0     0  107.33333    0   98  114.00000  107.33333  5.85%     -    1s
     0     0  108.00000    0  107  114.00000  108.00000  5.26%     -    1s
     0     0  108.00000    0   99  114.00000  108.00000  5.26%     -    1s
     0     0  108.00000    0   96  114.00000  108.00000  5.26%     -    1s
     0     0  108.00000    0   98  114.00000  108.00000  5.26%     -    1s
H    0     0                     109.0000000  108.00000  0.92%     -    1s
     0     0  108.00000    0   24  109.00000  108.00000  0.92%     -    1s
     0     0 infeasible    0       109.00000  109.00000  0.00%     -    1s

Explored 1 nodes (2169 simplex iterations) in 1.59 seconds (0.47 work units)
Thread count was 8 (of 8 available processors)

Solution count 5: 109 114 123 ... 264

Optimal solution found (tolerance 1.00e-04)
Best objective 1.090000000000e+02, best bound 1.090000000000e+02, gap 0.0000%
Gurobi Optimizer version 9.5.1 build v9.5.1rc2 (win64)
Thread count: 4 physical cores, 8 logical processors, using up to 8 threads
Optimize a model with 1563 rows, 1639 columns and 9126 nonzeros
Model fingerprint: 0xbd59657e
Variable types: 0 continuous, 1639 integer (1600 binary)
Coefficient statistics:
  Matrix range     [1e+00, 4e+01]
  Objective range  [2e+00, 1e+01]
  Bounds range     [1e+00, 4e+01]
  RHS range        [1e+00, 1e+02]
Presolve removed 0 rows and 40 columns
Presolve time: 0.04s
Presolved: 1563 rows, 1599 columns, 9052 nonzeros
Variable types: 0 continuous, 1599 integer (1560 binary)

Root relaxation: objective 1.090000e+02, 604 iterations, 0.02 seconds (0.01 work units)

    Nodes    |    Current Node    |     Objective Bounds      |     Work
 Expl Unexpl |  Obj  Depth IntInf | Incumbent    BestBd   Gap | It/Node Time

     0     0  109.00000    0   29          -  109.00000      -     -    0s
     0     0  109.00000    0   88          -  109.00000      -     -    0s
     0     0  109.00000    0   96          -  109.00000      -     -    0s
     0     0  109.00000    0   46          -  109.00000      -     -    0s
     0     0  109.00000    0   80          -  109.00000      -     -    0s
     0     0  109.00000    0   14          -  109.00000      -     -    0s
H    0     0                     109.0000000  109.00000  0.00%     -    1s
     0     0  109.00000    0   83  109.00000  109.00000  0.00%     -    1s

Cutting planes:
  Learned: 13
  Gomory: 1
  Implied bound: 3
  MIR: 1
  Zero half: 1
  Relax-and-lift: 2

Explored 1 nodes (4324 simplex iterations) in 1.01 seconds (0.37 work units)
Thread count was 8 (of 8 available processors)

Solution count 1: 109 

Optimal solution found (tolerance 1.00e-04)
Best objective 1.090000000000e+02, best bound 1.090000000000e+02, gap 0.0000%
Gurobi Optimizer version 9.5.1 build v9.5.1rc2 (win64)
Thread count: 4 physical cores, 8 logical processors, using up to 8 threads
Optimize a model with 1570 rows, 1643 columns and 10707 nonzeros
Model fingerprint: 0x01f8c6d3
Variable types: 0 continuous, 1643 integer (1604 binary)
Coefficient statistics:
  Matrix range     [1e-01, 3e+02]
  Objective range  [2e+00, 1e+01]
  Bounds range     [1e+00, 4e+01]
  RHS range        [1e+00, 4e+02]
Presolve removed 8 rows and 47 columns
Presolve time: 0.02s
Presolved: 1562 rows, 1596 columns, 10487 nonzeros
Variable types: 0 continuous, 1596 integer (1557 binary)

Root relaxation: objective 9.835897e+01, 187 iterations, 0.01 seconds (0.00 work units)

    Nodes    |    Current Node    |     Objective Bounds      |     Work
 Expl Unexpl |  Obj  Depth IntInf | Incumbent    BestBd   Gap | It/Node Time

     0     0   98.35897    0   52          -   98.35897      -     -    0s
H    0     0                     231.0000000   98.35897  57.4%     -    0s
     0     0  107.02564    0   86  231.00000  107.02564  53.7%     -    0s
H    0     0                     126.0000000  107.02564  15.1%     -    0s
     0     0  107.02564    0   73  126.00000  107.02564  15.1%     -    0s
     0     0  108.00000    0   88  126.00000  108.00000  14.3%     -    0s
     0     0  108.00000    0   72  126.00000  108.00000  14.3%     -    0s
H    0     0                     114.0000000  108.00000  5.26%     -    0s
     0     0  108.00000    0   77  114.00000  108.00000  5.26%     -    0s
     0     0  108.00000    0   65  114.00000  108.00000  5.26%     -    0s
     0     0  108.00000    0   10  114.00000  108.00000  5.26%     -    0s
     0     0  108.00000    0   52  114.00000  108.00000  5.26%     -    0s
     0     0  108.00000    0   90  114.00000  108.00000  5.26%     -    0s
H    0     0                     113.0000000  108.00000  4.42%     -    1s
     0     0  108.00000    0   83  113.00000  108.00000  4.42%     -    1s
H    0     0                     111.0000000  108.00000  2.70%     -    1s
H    0     0                     109.0000000  108.00000  0.92%     -    1s
     0     0  108.00000    0    4  109.00000  108.00000  0.92%     -    1s
     0     0 infeasible    0       109.00000  109.00000  0.00%     -    1s

Explored 1 nodes (1489 simplex iterations) in 1.12 seconds (0.36 work units)
Thread count was 8 (of 8 available processors)

Solution count 6: 109 111 113 ... 231

Optimal solution found (tolerance 1.00e-04)
Best objective 1.090000000000e+02, best bound 1.090000000000e+02, gap 0.0000%

Gurobi 9.5.1 (win64, Java) logging started Wed Jun  1 11:22:29 2022

Set parameter Username
Academic license - for non-commercial use only - expires 2023-02-25
Gurobi Optimizer version 9.5.1 build v9.5.1rc2 (win64)
Thread count: 4 physical cores, 8 logical processors, using up to 8 threads
Optimize a model with 1562 rows, 1639 columns and 7566 nonzeros
Model fingerprint: 0x2abfd228
Variable types: 0 continuous, 1639 integer (1600 binary)
Coefficient statistics:
  Matrix range     [1e+00, 4e+01]
  Objective range  [2e+00, 1e+01]
  Bounds range     [1e+00, 4e+01]
  RHS range        [1e+00, 4e+01]
Presolve removed 0 rows and 40 columns
Presolve time: 0.03s
Presolved: 1562 rows, 1599 columns, 7566 nonzeros
Variable types: 0 continuous, 1599 integer (1560 binary)
Found heuristic solution: objective 264.0000000

Root relaxation: objective 9.733333e+01, 162 iterations, 0.02 seconds (0.00 work units)

    Nodes    |    Current Node    |     Objective Bounds      |     Work
 Expl Unexpl |  Obj  Depth IntInf | Incumbent    BestBd   Gap | It/Node Time

     0     0   97.33333    0   58  264.00000   97.33333  63.1%     -    0s
     0     0  107.00000    0  102  264.00000  107.00000  59.5%     -    0s
H    0     0                     130.0000000  107.00000  17.7%     -    0s
H    0     0                     123.0000000  107.00000  13.0%     -    0s
     0     0  107.00000    0  107  123.00000  107.00000  13.0%     -    0s
     0     0  107.00000    0   54  123.00000  107.00000  13.0%     -    0s
     0     0  107.00000    0   58  123.00000  107.00000  13.0%     -    0s
H    0     0                     114.0000000  107.00000  6.14%     -    0s
     0     0  107.00000    0   24  114.00000  107.00000  6.14%     -    0s
     0     0  107.00000    0   25  114.00000  107.00000  6.14%     -    0s
     0     0  107.02198    0   27  114.00000  107.02198  6.12%     -    0s
     0     0  107.02198    0   27  114.00000  107.02198  6.12%     -    0s
     0     0  107.33333    0   35  114.00000  107.33333  5.85%     -    0s
     0     0  107.33333    0   62  114.00000  107.33333  5.85%     -    1s
     0     0  107.33333    0   85  114.00000  107.33333  5.85%     -    1s
     0     0  107.33333    0   91  114.00000  107.33333  5.85%     -    1s
     0     0  107.33333    0   98  114.00000  107.33333  5.85%     -    1s
     0     0  108.00000    0  107  114.00000  108.00000  5.26%     -    1s
     0     0  108.00000    0   99  114.00000  108.00000  5.26%     -    1s
     0     0  108.00000    0   96  114.00000  108.00000  5.26%     -    1s
     0     0  108.00000    0   98  114.00000  108.00000  5.26%     -    1s
H    0     0                     109.0000000  108.00000  0.92%     -    1s
     0     0  108.00000    0   24  109.00000  108.00000  0.92%     -    1s
     0     0 infeasible    0       109.00000  109.00000  0.00%     -    1s

Explored 1 nodes (2169 simplex iterations) in 1.46 seconds (0.47 work units)
Thread count was 8 (of 8 available processors)

Solution count 5: 109 114 123 ... 264

Optimal solution found (tolerance 1.00e-04)
Best objective 1.090000000000e+02, best bound 1.090000000000e+02, gap 0.0000%
Gurobi Optimizer version 9.5.1 build v9.5.1rc2 (win64)
Thread count: 4 physical cores, 8 logical processors, using up to 8 threads
Optimize a model with 1563 rows, 1639 columns and 9126 nonzeros
Model fingerprint: 0xbd59657e
Variable types: 0 continuous, 1639 integer (1600 binary)
Coefficient statistics:
  Matrix range     [1e+00, 4e+01]
  Objective range  [2e+00, 1e+01]
  Bounds range     [1e+00, 4e+01]
  RHS range        [1e+00, 1e+02]
Presolve removed 0 rows and 40 columns
Presolve time: 0.03s
Presolved: 1563 rows, 1599 columns, 9052 nonzeros
Variable types: 0 continuous, 1599 integer (1560 binary)

Root relaxation: objective 1.090000e+02, 604 iterations, 0.01 seconds (0.01 work units)

    Nodes    |    Current Node    |     Objective Bounds      |     Work
 Expl Unexpl |  Obj  Depth IntInf | Incumbent    BestBd   Gap | It/Node Time

     0     0  109.00000    0   29          -  109.00000      -     -    0s
     0     0  109.00000    0   88          -  109.00000      -     -    0s
     0     0  109.00000    0   96          -  109.00000      -     -    0s
     0     0  109.00000    0   46          -  109.00000      -     -    0s
     0     0  109.00000    0   80          -  109.00000      -     -    0s
     0     0  109.00000    0   14          -  109.00000      -     -    0s
H    0     0                     109.0000000  109.00000  0.00%     -    0s
     0     0  109.00000    0   83  109.00000  109.00000  0.00%     -    0s

Cutting planes:
  Learned: 13
  Gomory: 1
  Implied bound: 3
  MIR: 1
  Zero half: 1
  Relax-and-lift: 2

Explored 1 nodes (4324 simplex iterations) in 0.94 seconds (0.37 work units)
Thread count was 8 (of 8 available processors)

Solution count 1: 109 

Optimal solution found (tolerance 1.00e-04)
Best objective 1.090000000000e+02, best bound 1.090000000000e+02, gap 0.0000%
Gurobi Optimizer version 9.5.1 build v9.5.1rc2 (win64)
Thread count: 4 physical cores, 8 logical processors, using up to 8 threads
Optimize a model with 1570 rows, 1643 columns and 10705 nonzeros
Model fingerprint: 0x9677c2d2
Variable types: 0 continuous, 1643 integer (1604 binary)
Coefficient statistics:
  Matrix range     [1e-01, 3e+02]
  Objective range  [2e+00, 1e+01]
  Bounds range     [1e+00, 4e+01]
  RHS range        [1e+00, 4e+02]
Presolve removed 8 rows and 47 columns
Presolve time: 0.03s
Presolved: 1562 rows, 1596 columns, 10487 nonzeros
Variable types: 0 continuous, 1596 integer (1557 binary)

Root relaxation: objective 9.835897e+01, 187 iterations, 0.01 seconds (0.00 work units)

    Nodes    |    Current Node    |     Objective Bounds      |     Work
 Expl Unexpl |  Obj  Depth IntInf | Incumbent    BestBd   Gap | It/Node Time

     0     0   98.35897    0   52          -   98.35897      -     -    0s
H    0     0                     231.0000000   98.35897  57.4%     -    0s
     0     0  107.02564    0   86  231.00000  107.02564  53.7%     -    0s
H    0     0                     126.0000000  107.02564  15.1%     -    0s
     0     0  107.02564    0   73  126.00000  107.02564  15.1%     -    0s
     0     0  108.00000    0   88  126.00000  108.00000  14.3%     -    0s
     0     0  108.00000    0   72  126.00000  108.00000  14.3%     -    0s
H    0     0                     114.0000000  108.00000  5.26%     -    0s
     0     0  108.00000    0   77  114.00000  108.00000  5.26%     -    0s
     0     0  108.00000    0   65  114.00000  108.00000  5.26%     -    0s
     0     0  108.00000    0   10  114.00000  108.00000  5.26%     -    0s
     0     0  108.00000    0   52  114.00000  108.00000  5.26%     -    0s
     0     0  108.00000    0   90  114.00000  108.00000  5.26%     -    0s
H    0     0                     113.0000000  108.00000  4.42%     -    0s
     0     0  108.00000    0   83  113.00000  108.00000  4.42%     -    0s
H    0     0                     111.0000000  108.00000  2.70%     -    0s
H    0     0                     109.0000000  108.00000  0.92%     -    0s
     0     0  108.00000    0    4  109.00000  108.00000  0.92%     -    0s
     0     0 infeasible    0       109.00000  109.00000  0.00%     -    0s

Explored 1 nodes (1489 simplex iterations) in 0.75 seconds (0.36 work units)
Thread count was 8 (of 8 available processors)

Solution count 6: 109 111 113 ... 231

Optimal solution found (tolerance 1.00e-04)
Best objective 1.090000000000e+02, best bound 1.090000000000e+02, gap 0.0000%

Gurobi 9.5.1 (win64, Java) logging started Wed Jun  1 11:33:55 2022

Set parameter Username
Academic license - for non-commercial use only - expires 2023-02-25
Gurobi Optimizer version 9.5.1 build v9.5.1rc2 (win64)
Thread count: 4 physical cores, 8 logical processors, using up to 8 threads
Optimize a model with 1562 rows, 1639 columns and 7566 nonzeros
Model fingerprint: 0x2abfd228
Variable types: 0 continuous, 1639 integer (1600 binary)
Coefficient statistics:
  Matrix range     [1e+00, 4e+01]
  Objective range  [2e+00, 1e+01]
  Bounds range     [1e+00, 4e+01]
  RHS range        [1e+00, 4e+01]
Presolve removed 0 rows and 40 columns
Presolve time: 0.03s
Presolved: 1562 rows, 1599 columns, 7566 nonzeros
Variable types: 0 continuous, 1599 integer (1560 binary)
Found heuristic solution: objective 264.0000000

Root relaxation: objective 9.733333e+01, 162 iterations, 0.01 seconds (0.00 work units)

    Nodes    |    Current Node    |     Objective Bounds      |     Work
 Expl Unexpl |  Obj  Depth IntInf | Incumbent    BestBd   Gap | It/Node Time

     0     0   97.33333    0   58  264.00000   97.33333  63.1%     -    0s
     0     0  107.00000    0  102  264.00000  107.00000  59.5%     -    0s
H    0     0                     130.0000000  107.00000  17.7%     -    0s
H    0     0                     123.0000000  107.00000  13.0%     -    0s
     0     0  107.00000    0  107  123.00000  107.00000  13.0%     -    0s
     0     0  107.00000    0   54  123.00000  107.00000  13.0%     -    0s
     0     0  107.00000    0   58  123.00000  107.00000  13.0%     -    0s
H    0     0                     114.0000000  107.00000  6.14%     -    0s
     0     0  107.00000    0   24  114.00000  107.00000  6.14%     -    0s
     0     0  107.00000    0   25  114.00000  107.00000  6.14%     -    0s
     0     0  107.02198    0   27  114.00000  107.02198  6.12%     -    0s
     0     0  107.02198    0   27  114.00000  107.02198  6.12%     -    0s
     0     0  107.33333    0   35  114.00000  107.33333  5.85%     -    0s
     0     0  107.33333    0   62  114.00000  107.33333  5.85%     -    0s
     0     0  107.33333    0   85  114.00000  107.33333  5.85%     -    1s
     0     0  107.33333    0   91  114.00000  107.33333  5.85%     -    1s
     0     0  107.33333    0   98  114.00000  107.33333  5.85%     -    1s
     0     0  108.00000    0  107  114.00000  108.00000  5.26%     -    1s
     0     0  108.00000    0   99  114.00000  108.00000  5.26%     -    1s
     0     0  108.00000    0   96  114.00000  108.00000  5.26%     -    1s
     0     0  108.00000    0   98  114.00000  108.00000  5.26%     -    1s
H    0     0                     109.0000000  108.00000  0.92%     -    1s
     0     0  108.00000    0   24  109.00000  108.00000  0.92%     -    1s
     0     0 infeasible    0       109.00000  109.00000  0.00%     -    1s

Explored 1 nodes (2169 simplex iterations) in 1.35 seconds (0.47 work units)
Thread count was 8 (of 8 available processors)

Solution count 5: 109 114 123 ... 264

Optimal solution found (tolerance 1.00e-04)
Best objective 1.090000000000e+02, best bound 1.090000000000e+02, gap 0.0000%
Gurobi Optimizer version 9.5.1 build v9.5.1rc2 (win64)
Thread count: 4 physical cores, 8 logical processors, using up to 8 threads
Optimize a model with 1563 rows, 1639 columns and 9126 nonzeros
Model fingerprint: 0xbd59657e
Variable types: 0 continuous, 1639 integer (1600 binary)
Coefficient statistics:
  Matrix range     [1e+00, 4e+01]
  Objective range  [2e+00, 1e+01]
  Bounds range     [1e+00, 4e+01]
  RHS range        [1e+00, 1e+02]
Presolve removed 0 rows and 40 columns
Presolve time: 0.03s
Presolved: 1563 rows, 1599 columns, 9052 nonzeros
Variable types: 0 continuous, 1599 integer (1560 binary)

Root relaxation: objective 1.090000e+02, 604 iterations, 0.01 seconds (0.01 work units)

    Nodes    |    Current Node    |     Objective Bounds      |     Work
 Expl Unexpl |  Obj  Depth IntInf | Incumbent    BestBd   Gap | It/Node Time

     0     0  109.00000    0   29          -  109.00000      -     -    0s
     0     0  109.00000    0   88          -  109.00000      -     -    0s
     0     0  109.00000    0   96          -  109.00000      -     -    0s
     0     0  109.00000    0   46          -  109.00000      -     -    0s
     0     0  109.00000    0   80          -  109.00000      -     -    0s
     0     0  109.00000    0   14          -  109.00000      -     -    0s
H    0     0                     109.0000000  109.00000  0.00%     -    0s
     0     0  109.00000    0   83  109.00000  109.00000  0.00%     -    0s

Cutting planes:
  Learned: 13
  Gomory: 1
  Implied bound: 3
  MIR: 1
  Zero half: 1
  Relax-and-lift: 2

Explored 1 nodes (4324 simplex iterations) in 0.77 seconds (0.37 work units)
Thread count was 8 (of 8 available processors)

Solution count 1: 109 

Optimal solution found (tolerance 1.00e-04)
Best objective 1.090000000000e+02, best bound 1.090000000000e+02, gap 0.0000%
Gurobi Optimizer version 9.5.1 build v9.5.1rc2 (win64)
Thread count: 4 physical cores, 8 logical processors, using up to 8 threads
Optimize a model with 1570 rows, 1643 columns and 10705 nonzeros
Model fingerprint: 0x9677c2d2
Variable types: 0 continuous, 1643 integer (1604 binary)
Coefficient statistics:
  Matrix range     [1e-01, 3e+02]
  Objective range  [2e+00, 1e+01]
  Bounds range     [1e+00, 4e+01]
  RHS range        [1e+00, 4e+02]
Presolve removed 8 rows and 47 columns
Presolve time: 0.02s
Presolved: 1562 rows, 1596 columns, 10487 nonzeros
Variable types: 0 continuous, 1596 integer (1557 binary)

Root relaxation: objective 9.835897e+01, 187 iterations, 0.00 seconds (0.00 work units)

    Nodes    |    Current Node    |     Objective Bounds      |     Work
 Expl Unexpl |  Obj  Depth IntInf | Incumbent    BestBd   Gap | It/Node Time

     0     0   98.35897    0   52          -   98.35897      -     -    0s
H    0     0                     231.0000000   98.35897  57.4%     -    0s
     0     0  107.02564    0   86  231.00000  107.02564  53.7%     -    0s
H    0     0                     126.0000000  107.02564  15.1%     -    0s
     0     0  107.02564    0   73  126.00000  107.02564  15.1%     -    0s
     0     0  108.00000    0   88  126.00000  108.00000  14.3%     -    0s
     0     0  108.00000    0   72  126.00000  108.00000  14.3%     -    0s
H    0     0                     114.0000000  108.00000  5.26%     -    0s
     0     0  108.00000    0   77  114.00000  108.00000  5.26%     -    0s
     0     0  108.00000    0   65  114.00000  108.00000  5.26%     -    0s
     0     0  108.00000    0   10  114.00000  108.00000  5.26%     -    0s
     0     0  108.00000    0   52  114.00000  108.00000  5.26%     -    0s
     0     0  108.00000    0   90  114.00000  108.00000  5.26%     -    0s
H    0     0                     113.0000000  108.00000  4.42%     -    0s
     0     0  108.00000    0   83  113.00000  108.00000  4.42%     -    0s
H    0     0                     111.0000000  108.00000  2.70%     -    0s
H    0     0                     109.0000000  108.00000  0.92%     -    0s
     0     0  108.00000    0    4  109.00000  108.00000  0.92%     -    0s
     0     0 infeasible    0       109.00000  109.00000  0.00%     -    0s

Explored 1 nodes (1489 simplex iterations) in 0.71 seconds (0.36 work units)
Thread count was 8 (of 8 available processors)

Solution count 6: 109 111 113 ... 231

Optimal solution found (tolerance 1.00e-04)
Best objective 1.090000000000e+02, best bound 1.090000000000e+02, gap 0.0000%

Gurobi 9.5.1 (win64, Java) logging started Wed Jun  1 11:39:35 2022

Set parameter Username
Academic license - for non-commercial use only - expires 2023-02-25
Gurobi Optimizer version 9.5.1 build v9.5.1rc2 (win64)
Thread count: 4 physical cores, 8 logical processors, using up to 8 threads
Optimize a model with 1562 rows, 1639 columns and 7566 nonzeros
Model fingerprint: 0x2abfd228
Variable types: 0 continuous, 1639 integer (1600 binary)
Coefficient statistics:
  Matrix range     [1e+00, 4e+01]
  Objective range  [2e+00, 1e+01]
  Bounds range     [1e+00, 4e+01]
  RHS range        [1e+00, 4e+01]
Presolve removed 0 rows and 40 columns
Presolve time: 0.02s
Presolved: 1562 rows, 1599 columns, 7566 nonzeros
Variable types: 0 continuous, 1599 integer (1560 binary)
Found heuristic solution: objective 264.0000000

Root relaxation: objective 9.733333e+01, 162 iterations, 0.01 seconds (0.00 work units)

    Nodes    |    Current Node    |     Objective Bounds      |     Work
 Expl Unexpl |  Obj  Depth IntInf | Incumbent    BestBd   Gap | It/Node Time

     0     0   97.33333    0   58  264.00000   97.33333  63.1%     -    0s
     0     0  107.00000    0  102  264.00000  107.00000  59.5%     -    0s
H    0     0                     130.0000000  107.00000  17.7%     -    0s
H    0     0                     123.0000000  107.00000  13.0%     -    0s
     0     0  107.00000    0  107  123.00000  107.00000  13.0%     -    0s
     0     0  107.00000    0   54  123.00000  107.00000  13.0%     -    1s
     0     0  107.00000    0   58  123.00000  107.00000  13.0%     -    1s
H    0     0                     114.0000000  107.00000  6.14%     -    1s
     0     0  107.00000    0   24  114.00000  107.00000  6.14%     -    1s
     0     0  107.00000    0   25  114.00000  107.00000  6.14%     -    1s
     0     0  107.02198    0   27  114.00000  107.02198  6.12%     -    1s
     0     0  107.02198    0   27  114.00000  107.02198  6.12%     -    1s
     0     0  107.33333    0   35  114.00000  107.33333  5.85%     -    1s
     0     0  107.33333    0   62  114.00000  107.33333  5.85%     -    1s
     0     0  107.33333    0   85  114.00000  107.33333  5.85%     -    1s
     0     0  107.33333    0   91  114.00000  107.33333  5.85%     -    1s
     0     0  107.33333    0   98  114.00000  107.33333  5.85%     -    1s
     0     0  108.00000    0  107  114.00000  108.00000  5.26%     -    1s
     0     0  108.00000    0   99  114.00000  108.00000  5.26%     -    1s
     0     0  108.00000    0   96  114.00000  108.00000  5.26%     -    1s
     0     0  108.00000    0   98  114.00000  108.00000  5.26%     -    1s
H    0     0                     109.0000000  108.00000  0.92%     -    1s
     0     0  108.00000    0   24  109.00000  108.00000  0.92%     -    1s
     0     0 infeasible    0       109.00000  109.00000  0.00%     -    1s

Explored 1 nodes (2169 simplex iterations) in 1.85 seconds (0.47 work units)
Thread count was 8 (of 8 available processors)

Solution count 5: 109 114 123 ... 264

Optimal solution found (tolerance 1.00e-04)
Best objective 1.090000000000e+02, best bound 1.090000000000e+02, gap 0.0000%
Gurobi Optimizer version 9.5.1 build v9.5.1rc2 (win64)
Thread count: 4 physical cores, 8 logical processors, using up to 8 threads
Optimize a model with 1563 rows, 1639 columns and 9126 nonzeros
Model fingerprint: 0xbd59657e
Variable types: 0 continuous, 1639 integer (1600 binary)
Coefficient statistics:
  Matrix range     [1e+00, 4e+01]
  Objective range  [2e+00, 1e+01]
  Bounds range     [1e+00, 4e+01]
  RHS range        [1e+00, 1e+02]
Presolve removed 0 rows and 40 columns
Presolve time: 0.03s
Presolved: 1563 rows, 1599 columns, 9052 nonzeros
Variable types: 0 continuous, 1599 integer (1560 binary)

Root relaxation: objective 1.090000e+02, 604 iterations, 0.02 seconds (0.01 work units)

    Nodes    |    Current Node    |     Objective Bounds      |     Work
 Expl Unexpl |  Obj  Depth IntInf | Incumbent    BestBd   Gap | It/Node Time

     0     0  109.00000    0   29          -  109.00000      -     -    0s
     0     0  109.00000    0   88          -  109.00000      -     -    0s
     0     0  109.00000    0   96          -  109.00000      -     -    0s
     0     0  109.00000    0   46          -  109.00000      -     -    0s
     0     0  109.00000    0   80          -  109.00000      -     -    0s
     0     0  109.00000    0   14          -  109.00000      -     -    1s
H    0     0                     109.0000000  109.00000  0.00%     -    1s
     0     0  109.00000    0   83  109.00000  109.00000  0.00%     -    1s

Cutting planes:
  Learned: 13
  Gomory: 1
  Implied bound: 3
  MIR: 1
  Zero half: 1
  Relax-and-lift: 2

Explored 1 nodes (4324 simplex iterations) in 1.23 seconds (0.37 work units)
Thread count was 8 (of 8 available processors)

Solution count 1: 109 

Optimal solution found (tolerance 1.00e-04)
Best objective 1.090000000000e+02, best bound 1.090000000000e+02, gap 0.0000%
Gurobi Optimizer version 9.5.1 build v9.5.1rc2 (win64)
Thread count: 4 physical cores, 8 logical processors, using up to 8 threads
Optimize a model with 1570 rows, 1643 columns and 10705 nonzeros
Model fingerprint: 0x9677c2d2
Variable types: 0 continuous, 1643 integer (1604 binary)
Coefficient statistics:
  Matrix range     [1e-01, 3e+02]
  Objective range  [2e+00, 1e+01]
  Bounds range     [1e+00, 4e+01]
  RHS range        [1e+00, 4e+02]
Presolve removed 8 rows and 47 columns
Presolve time: 0.02s
Presolved: 1562 rows, 1596 columns, 10487 nonzeros
Variable types: 0 continuous, 1596 integer (1557 binary)

Root relaxation: objective 9.835897e+01, 187 iterations, 0.00 seconds (0.00 work units)

    Nodes    |    Current Node    |     Objective Bounds      |     Work
 Expl Unexpl |  Obj  Depth IntInf | Incumbent    BestBd   Gap | It/Node Time

     0     0   98.35897    0   52          -   98.35897      -     -    0s
H    0     0                     231.0000000   98.35897  57.4%     -    0s
     0     0  107.02564    0   86  231.00000  107.02564  53.7%     -    0s
H    0     0                     126.0000000  107.02564  15.1%     -    0s
     0     0  107.02564    0   73  126.00000  107.02564  15.1%     -    0s
     0     0  108.00000    0   88  126.00000  108.00000  14.3%     -    0s
     0     0  108.00000    0   72  126.00000  108.00000  14.3%     -    0s
H    0     0                     114.0000000  108.00000  5.26%     -    0s
     0     0  108.00000    0   77  114.00000  108.00000  5.26%     -    0s
     0     0  108.00000    0   65  114.00000  108.00000  5.26%     -    0s
     0     0  108.00000    0   10  114.00000  108.00000  5.26%     -    0s
     0     0  108.00000    0   52  114.00000  108.00000  5.26%     -    0s
     0     0  108.00000    0   90  114.00000  108.00000  5.26%     -    0s
H    0     0                     113.0000000  108.00000  4.42%     -    0s
     0     0  108.00000    0   83  113.00000  108.00000  4.42%     -    0s
H    0     0                     111.0000000  108.00000  2.70%     -    0s
H    0     0                     109.0000000  108.00000  0.92%     -    0s
     0     0  108.00000    0    4  109.00000  108.00000  0.92%     -    0s
     0     0 infeasible    0       109.00000  109.00000  0.00%     -    0s

Explored 1 nodes (1489 simplex iterations) in 0.92 seconds (0.36 work units)
Thread count was 8 (of 8 available processors)

Solution count 6: 109 111 113 ... 231

Optimal solution found (tolerance 1.00e-04)
Best objective 1.090000000000e+02, best bound 1.090000000000e+02, gap 0.0000%

Gurobi 9.5.1 (win64, Java) logging started Wed Jun  1 11:39:58 2022

Set parameter Username
Academic license - for non-commercial use only - expires 2023-02-25
Gurobi Optimizer version 9.5.1 build v9.5.1rc2 (win64)
Thread count: 4 physical cores, 8 logical processors, using up to 8 threads
Optimize a model with 1562 rows, 1639 columns and 7566 nonzeros
Model fingerprint: 0x2abfd228
Variable types: 0 continuous, 1639 integer (1600 binary)
Coefficient statistics:
  Matrix range     [1e+00, 4e+01]
  Objective range  [2e+00, 1e+01]
  Bounds range     [1e+00, 4e+01]
  RHS range        [1e+00, 4e+01]
Presolve removed 0 rows and 40 columns
Presolve time: 0.01s
Presolved: 1562 rows, 1599 columns, 7566 nonzeros
Variable types: 0 continuous, 1599 integer (1560 binary)
Found heuristic solution: objective 264.0000000

Root relaxation: objective 9.733333e+01, 162 iterations, 0.01 seconds (0.00 work units)

    Nodes    |    Current Node    |     Objective Bounds      |     Work
 Expl Unexpl |  Obj  Depth IntInf | Incumbent    BestBd   Gap | It/Node Time

     0     0   97.33333    0   58  264.00000   97.33333  63.1%     -    0s
     0     0  107.00000    0  102  264.00000  107.00000  59.5%     -    0s
H    0     0                     130.0000000  107.00000  17.7%     -    0s
H    0     0                     123.0000000  107.00000  13.0%     -    0s
     0     0  107.00000    0  107  123.00000  107.00000  13.0%     -    0s
     0     0  107.00000    0   54  123.00000  107.00000  13.0%     -    0s
     0     0  107.00000    0   58  123.00000  107.00000  13.0%     -    0s
H    0     0                     114.0000000  107.00000  6.14%     -    0s
     0     0  107.00000    0   24  114.00000  107.00000  6.14%     -    0s
     0     0  107.00000    0   25  114.00000  107.00000  6.14%     -    0s
     0     0  107.02198    0   27  114.00000  107.02198  6.12%     -    0s
     0     0  107.02198    0   27  114.00000  107.02198  6.12%     -    0s
     0     0  107.33333    0   35  114.00000  107.33333  5.85%     -    0s
     0     0  107.33333    0   62  114.00000  107.33333  5.85%     -    0s
     0     0  107.33333    0   85  114.00000  107.33333  5.85%     -    1s
     0     0  107.33333    0   91  114.00000  107.33333  5.85%     -    1s
     0     0  107.33333    0   98  114.00000  107.33333  5.85%     -    1s
     0     0  108.00000    0  107  114.00000  108.00000  5.26%     -    1s
     0     0  108.00000    0   99  114.00000  108.00000  5.26%     -    1s
     0     0  108.00000    0   96  114.00000  108.00000  5.26%     -    1s
     0     0  108.00000    0   98  114.00000  108.00000  5.26%     -    1s
H    0     0                     109.0000000  108.00000  0.92%     -    1s
     0     0  108.00000    0   24  109.00000  108.00000  0.92%     -    1s
     0     0 infeasible    0       109.00000  109.00000  0.00%     -    1s

Explored 1 nodes (2169 simplex iterations) in 1.37 seconds (0.47 work units)
Thread count was 8 (of 8 available processors)

Solution count 5: 109 114 123 ... 264

Optimal solution found (tolerance 1.00e-04)
Best objective 1.090000000000e+02, best bound 1.090000000000e+02, gap 0.0000%
Gurobi Optimizer version 9.5.1 build v9.5.1rc2 (win64)
Thread count: 4 physical cores, 8 logical processors, using up to 8 threads
Optimize a model with 1562 rows, 1639 columns and 7566 nonzeros
Model fingerprint: 0x2abfd228
Variable types: 0 continuous, 1639 integer (1600 binary)
Coefficient statistics:
  Matrix range     [1e+00, 4e+01]
  Objective range  [2e+00, 1e+01]
  Bounds range     [1e+00, 4e+01]
  RHS range        [1e+00, 4e+01]
Presolve removed 0 rows and 40 columns
Presolve time: 0.01s
Presolved: 1562 rows, 1599 columns, 7566 nonzeros
Variable types: 0 continuous, 1599 integer (1560 binary)
Found heuristic solution: objective 264.0000000

Root relaxation: objective 9.733333e+01, 162 iterations, 0.00 seconds (0.00 work units)

    Nodes    |    Current Node    |     Objective Bounds      |     Work
 Expl Unexpl |  Obj  Depth IntInf | Incumbent    BestBd   Gap | It/Node Time

     0     0   97.33333    0   58  264.00000   97.33333  63.1%     -    0s
     0     0  107.00000    0  102  264.00000  107.00000  59.5%     -    0s
H    0     0                     130.0000000  107.00000  17.7%     -    0s
H    0     0                     123.0000000  107.00000  13.0%     -    0s
     0     0  107.00000    0  107  123.00000  107.00000  13.0%     -    0s
     0     0  107.00000    0   54  123.00000  107.00000  13.0%     -    0s
     0     0  107.00000    0   58  123.00000  107.00000  13.0%     -    0s
H    0     0                     114.0000000  107.00000  6.14%     -    0s
     0     0  107.00000    0   24  114.00000  107.00000  6.14%     -    0s
     0     0  107.00000    0   25  114.00000  107.00000  6.14%     -    0s
     0     0  107.02198    0   27  114.00000  107.02198  6.12%     -    0s
     0     0  107.02198    0   27  114.00000  107.02198  6.12%     -    0s
     0     0  107.33333    0   35  114.00000  107.33333  5.85%     -    0s
     0     0  107.33333    0   62  114.00000  107.33333  5.85%     -    0s
     0     0  107.33333    0   85  114.00000  107.33333  5.85%     -    0s
     0     0  107.33333    0   91  114.00000  107.33333  5.85%     -    0s
     0     0  107.33333    0   98  114.00000  107.33333  5.85%     -    0s
     0     0  108.00000    0  107  114.00000  108.00000  5.26%     -    0s
     0     0  108.00000    0   99  114.00000  108.00000  5.26%     -    0s
     0     0  108.00000    0   96  114.00000  108.00000  5.26%     -    0s
     0     0  108.00000    0   98  114.00000  108.00000  5.26%     -    0s
H    0     0                     109.0000000  108.00000  0.92%     -    0s
     0     0  108.00000    0   24  109.00000  108.00000  0.92%     -    1s
     0     0 infeasible    0       109.00000  109.00000  0.00%     -    1s

Explored 1 nodes (2169 simplex iterations) in 1.04 seconds (0.47 work units)
Thread count was 8 (of 8 available processors)

Solution count 5: 109 114 123 ... 264

Optimal solution found (tolerance 1.00e-04)
Best objective 1.090000000000e+02, best bound 1.090000000000e+02, gap 0.0000%
Gurobi Optimizer version 9.5.1 build v9.5.1rc2 (win64)
Thread count: 4 physical cores, 8 logical processors, using up to 8 threads
Optimize a model with 1570 rows, 1643 columns and 10705 nonzeros
Model fingerprint: 0x9677c2d2
Variable types: 0 continuous, 1643 integer (1604 binary)
Coefficient statistics:
  Matrix range     [1e-01, 3e+02]
  Objective range  [2e+00, 1e+01]
  Bounds range     [1e+00, 4e+01]
  RHS range        [1e+00, 4e+02]
Presolve removed 8 rows and 47 columns
Presolve time: 0.03s
Presolved: 1562 rows, 1596 columns, 10487 nonzeros
Variable types: 0 continuous, 1596 integer (1557 binary)

Root relaxation: objective 9.835897e+01, 187 iterations, 0.00 seconds (0.00 work units)

    Nodes    |    Current Node    |     Objective Bounds      |     Work
 Expl Unexpl |  Obj  Depth IntInf | Incumbent    BestBd   Gap | It/Node Time

     0     0   98.35897    0   52          -   98.35897      -     -    0s
H    0     0                     231.0000000   98.35897  57.4%     -    0s
     0     0  107.02564    0   86  231.00000  107.02564  53.7%     -    0s
H    0     0                     126.0000000  107.02564  15.1%     -    0s
     0     0  107.02564    0   73  126.00000  107.02564  15.1%     -    0s
     0     0  108.00000    0   88  126.00000  108.00000  14.3%     -    0s
     0     0  108.00000    0   72  126.00000  108.00000  14.3%     -    0s
H    0     0                     114.0000000  108.00000  5.26%     -    0s
     0     0  108.00000    0   77  114.00000  108.00000  5.26%     -    0s
     0     0  108.00000    0   65  114.00000  108.00000  5.26%     -    0s
     0     0  108.00000    0   10  114.00000  108.00000  5.26%     -    0s
     0     0  108.00000    0   52  114.00000  108.00000  5.26%     -    0s
     0     0  108.00000    0   90  114.00000  108.00000  5.26%     -    0s
H    0     0                     113.0000000  108.00000  4.42%     -    0s
     0     0  108.00000    0   83  113.00000  108.00000  4.42%     -    0s
H    0     0                     111.0000000  108.00000  2.70%     -    0s
H    0     0                     109.0000000  108.00000  0.92%     -    0s
     0     0  108.00000    0    4  109.00000  108.00000  0.92%     -    0s
     0     0 infeasible    0       109.00000  109.00000  0.00%     -    0s

Explored 1 nodes (1489 simplex iterations) in 0.73 seconds (0.36 work units)
Thread count was 8 (of 8 available processors)

Solution count 6: 109 111 113 ... 231

Optimal solution found (tolerance 1.00e-04)
Best objective 1.090000000000e+02, best bound 1.090000000000e+02, gap 0.0000%

Gurobi 9.5.1 (win64, Java) logging started Wed Jun  1 11:42:30 2022

Set parameter Username
Academic license - for non-commercial use only - expires 2023-02-25
Gurobi Optimizer version 9.5.1 build v9.5.1rc2 (win64)
Thread count: 4 physical cores, 8 logical processors, using up to 8 threads
Optimize a model with 1562 rows, 1639 columns and 7566 nonzeros
Model fingerprint: 0x2abfd228
Variable types: 0 continuous, 1639 integer (1600 binary)
Coefficient statistics:
  Matrix range     [1e+00, 4e+01]
  Objective range  [2e+00, 1e+01]
  Bounds range     [1e+00, 4e+01]
  RHS range        [1e+00, 4e+01]
Presolve removed 0 rows and 40 columns
Presolve time: 0.01s
Presolved: 1562 rows, 1599 columns, 7566 nonzeros
Variable types: 0 continuous, 1599 integer (1560 binary)
Found heuristic solution: objective 264.0000000

Root relaxation: objective 9.733333e+01, 162 iterations, 0.00 seconds (0.00 work units)

    Nodes    |    Current Node    |     Objective Bounds      |     Work
 Expl Unexpl |  Obj  Depth IntInf | Incumbent    BestBd   Gap | It/Node Time

     0     0   97.33333    0   58  264.00000   97.33333  63.1%     -    0s
     0     0  107.00000    0  102  264.00000  107.00000  59.5%     -    0s
H    0     0                     130.0000000  107.00000  17.7%     -    0s
H    0     0                     123.0000000  107.00000  13.0%     -    0s
     0     0  107.00000    0  107  123.00000  107.00000  13.0%     -    0s
     0     0  107.00000    0   54  123.00000  107.00000  13.0%     -    0s
     0     0  107.00000    0   58  123.00000  107.00000  13.0%     -    0s
H    0     0                     114.0000000  107.00000  6.14%     -    0s
     0     0  107.00000    0   24  114.00000  107.00000  6.14%     -    0s
     0     0  107.00000    0   25  114.00000  107.00000  6.14%     -    0s
     0     0  107.02198    0   27  114.00000  107.02198  6.12%     -    0s
     0     0  107.02198    0   27  114.00000  107.02198  6.12%     -    0s
     0     0  107.33333    0   35  114.00000  107.33333  5.85%     -    0s
     0     0  107.33333    0   62  114.00000  107.33333  5.85%     -    0s
     0     0  107.33333    0   85  114.00000  107.33333  5.85%     -    0s
     0     0  107.33333    0   91  114.00000  107.33333  5.85%     -    0s
     0     0  107.33333    0   98  114.00000  107.33333  5.85%     -    0s
     0     0  108.00000    0  107  114.00000  108.00000  5.26%     -    1s
     0     0  108.00000    0   99  114.00000  108.00000  5.26%     -    1s
     0     0  108.00000    0   96  114.00000  108.00000  5.26%     -    1s
     0     0  108.00000    0   98  114.00000  108.00000  5.26%     -    1s
H    0     0                     109.0000000  108.00000  0.92%     -    1s
     0     0  108.00000    0   24  109.00000  108.00000  0.92%     -    1s
     0     0 infeasible    0       109.00000  109.00000  0.00%     -    1s

Explored 1 nodes (2169 simplex iterations) in 1.24 seconds (0.47 work units)
Thread count was 8 (of 8 available processors)

Solution count 5: 109 114 123 ... 264

Optimal solution found (tolerance 1.00e-04)
Best objective 1.090000000000e+02, best bound 1.090000000000e+02, gap 0.0000%
Gurobi Optimizer version 9.5.1 build v9.5.1rc2 (win64)
Thread count: 4 physical cores, 8 logical processors, using up to 8 threads
Optimize a model with 1562 rows, 1639 columns and 7566 nonzeros
Model fingerprint: 0x2abfd228
Variable types: 0 continuous, 1639 integer (1600 binary)
Coefficient statistics:
  Matrix range     [1e+00, 4e+01]
  Objective range  [2e+00, 1e+01]
  Bounds range     [1e+00, 4e+01]
  RHS range        [1e+00, 4e+01]
Presolve removed 0 rows and 40 columns
Presolve time: 0.02s
Presolved: 1562 rows, 1599 columns, 7566 nonzeros
Variable types: 0 continuous, 1599 integer (1560 binary)
Found heuristic solution: objective 264.0000000

Root relaxation: objective 9.733333e+01, 162 iterations, 0.00 seconds (0.00 work units)

    Nodes    |    Current Node    |     Objective Bounds      |     Work
 Expl Unexpl |  Obj  Depth IntInf | Incumbent    BestBd   Gap | It/Node Time

     0     0   97.33333    0   58  264.00000   97.33333  63.1%     -    0s
     0     0  107.00000    0  102  264.00000  107.00000  59.5%     -    0s
H    0     0                     130.0000000  107.00000  17.7%     -    0s
H    0     0                     123.0000000  107.00000  13.0%     -    0s
     0     0  107.00000    0  107  123.00000  107.00000  13.0%     -    0s
     0     0  107.00000    0   54  123.00000  107.00000  13.0%     -    0s
     0     0  107.00000    0   58  123.00000  107.00000  13.0%     -    0s
H    0     0                     114.0000000  107.00000  6.14%     -    0s
     0     0  107.00000    0   24  114.00000  107.00000  6.14%     -    0s
     0     0  107.00000    0   25  114.00000  107.00000  6.14%     -    0s
     0     0  107.02198    0   27  114.00000  107.02198  6.12%     -    0s
     0     0  107.02198    0   27  114.00000  107.02198  6.12%     -    0s
     0     0  107.33333    0   35  114.00000  107.33333  5.85%     -    0s
     0     0  107.33333    0   62  114.00000  107.33333  5.85%     -    0s
     0     0  107.33333    0   85  114.00000  107.33333  5.85%     -    0s
     0     0  107.33333    0   91  114.00000  107.33333  5.85%     -    0s
     0     0  107.33333    0   98  114.00000  107.33333  5.85%     -    0s
     0     0  108.00000    0  107  114.00000  108.00000  5.26%     -    0s
     0     0  108.00000    0   99  114.00000  108.00000  5.26%     -    0s
     0     0  108.00000    0   96  114.00000  108.00000  5.26%     -    0s
     0     0  108.00000    0   98  114.00000  108.00000  5.26%     -    0s
H    0     0                     109.0000000  108.00000  0.92%     -    0s
     0     0  108.00000    0   24  109.00000  108.00000  0.92%     -    0s
     0     0 infeasible    0       109.00000  109.00000  0.00%     -    0s

Explored 1 nodes (2169 simplex iterations) in 0.96 seconds (0.47 work units)
Thread count was 8 (of 8 available processors)

Solution count 5: 109 114 123 ... 264

Optimal solution found (tolerance 1.00e-04)
Best objective 1.090000000000e+02, best bound 1.090000000000e+02, gap 0.0000%
Gurobi Optimizer version 9.5.1 build v9.5.1rc2 (win64)
Thread count: 4 physical cores, 8 logical processors, using up to 8 threads
Optimize a model with 1570 rows, 1643 columns and 10705 nonzeros
Model fingerprint: 0x9677c2d2
Variable types: 0 continuous, 1643 integer (1604 binary)
Coefficient statistics:
  Matrix range     [1e-01, 3e+02]
  Objective range  [2e+00, 1e+01]
  Bounds range     [1e+00, 4e+01]
  RHS range        [1e+00, 4e+02]
Presolve removed 8 rows and 47 columns
Presolve time: 0.02s
Presolved: 1562 rows, 1596 columns, 10487 nonzeros
Variable types: 0 continuous, 1596 integer (1557 binary)

Root relaxation: objective 9.835897e+01, 187 iterations, 0.00 seconds (0.00 work units)

    Nodes    |    Current Node    |     Objective Bounds      |     Work
 Expl Unexpl |  Obj  Depth IntInf | Incumbent    BestBd   Gap | It/Node Time

     0     0   98.35897    0   52          -   98.35897      -     -    0s
H    0     0                     231.0000000   98.35897  57.4%     -    0s
     0     0  107.02564    0   86  231.00000  107.02564  53.7%     -    0s
H    0     0                     126.0000000  107.02564  15.1%     -    0s
     0     0  107.02564    0   73  126.00000  107.02564  15.1%     -    0s
     0     0  108.00000    0   88  126.00000  108.00000  14.3%     -    0s
     0     0  108.00000    0   72  126.00000  108.00000  14.3%     -    0s
H    0     0                     114.0000000  108.00000  5.26%     -    0s
     0     0  108.00000    0   77  114.00000  108.00000  5.26%     -    0s
     0     0  108.00000    0   65  114.00000  108.00000  5.26%     -    0s
     0     0  108.00000    0   10  114.00000  108.00000  5.26%     -    0s
     0     0  108.00000    0   52  114.00000  108.00000  5.26%     -    0s
     0     0  108.00000    0   90  114.00000  108.00000  5.26%     -    0s
H    0     0                     113.0000000  108.00000  4.42%     -    0s
     0     0  108.00000    0   83  113.00000  108.00000  4.42%     -    0s
H    0     0                     111.0000000  108.00000  2.70%     -    0s
H    0     0                     109.0000000  108.00000  0.92%     -    0s
     0     0  108.00000    0    4  109.00000  108.00000  0.92%     -    0s
     0     0 infeasible    0       109.00000  109.00000  0.00%     -    0s

Explored 1 nodes (1489 simplex iterations) in 0.67 seconds (0.36 work units)
Thread count was 8 (of 8 available processors)

Solution count 6: 109 111 113 ... 231

Optimal solution found (tolerance 1.00e-04)
Best objective 1.090000000000e+02, best bound 1.090000000000e+02, gap 0.0000%

Gurobi 9.5.1 (win64, Java) logging started Wed Jun  1 11:43:16 2022

Set parameter Username
Academic license - for non-commercial use only - expires 2023-02-25
Gurobi Optimizer version 9.5.1 build v9.5.1rc2 (win64)
Thread count: 4 physical cores, 8 logical processors, using up to 8 threads
Optimize a model with 1562 rows, 1639 columns and 7566 nonzeros
Model fingerprint: 0x2abfd228
Variable types: 0 continuous, 1639 integer (1600 binary)
Coefficient statistics:
  Matrix range     [1e+00, 4e+01]
  Objective range  [2e+00, 1e+01]
  Bounds range     [1e+00, 4e+01]
  RHS range        [1e+00, 4e+01]
Presolve removed 0 rows and 40 columns
Presolve time: 0.01s
Presolved: 1562 rows, 1599 columns, 7566 nonzeros
Variable types: 0 continuous, 1599 integer (1560 binary)
Found heuristic solution: objective 264.0000000

Root relaxation: objective 9.733333e+01, 162 iterations, 0.00 seconds (0.00 work units)

    Nodes    |    Current Node    |     Objective Bounds      |     Work
 Expl Unexpl |  Obj  Depth IntInf | Incumbent    BestBd   Gap | It/Node Time

     0     0   97.33333    0   58  264.00000   97.33333  63.1%     -    0s
     0     0  107.00000    0  102  264.00000  107.00000  59.5%     -    0s
H    0     0                     130.0000000  107.00000  17.7%     -    0s
H    0     0                     123.0000000  107.00000  13.0%     -    0s
     0     0  107.00000    0  107  123.00000  107.00000  13.0%     -    0s
     0     0  107.00000    0   54  123.00000  107.00000  13.0%     -    0s
     0     0  107.00000    0   58  123.00000  107.00000  13.0%     -    0s
H    0     0                     114.0000000  107.00000  6.14%     -    0s
     0     0  107.00000    0   24  114.00000  107.00000  6.14%     -    0s
     0     0  107.00000    0   25  114.00000  107.00000  6.14%     -    0s
     0     0  107.02198    0   27  114.00000  107.02198  6.12%     -    0s
     0     0  107.02198    0   27  114.00000  107.02198  6.12%     -    0s
     0     0  107.33333    0   35  114.00000  107.33333  5.85%     -    0s
     0     0  107.33333    0   62  114.00000  107.33333  5.85%     -    0s
     0     0  107.33333    0   85  114.00000  107.33333  5.85%     -    0s
     0     0  107.33333    0   91  114.00000  107.33333  5.85%     -    0s
     0     0  107.33333    0   98  114.00000  107.33333  5.85%     -    0s
     0     0  108.00000    0  107  114.00000  108.00000  5.26%     -    0s
     0     0  108.00000    0   99  114.00000  108.00000  5.26%     -    0s
     0     0  108.00000    0   96  114.00000  108.00000  5.26%     -    1s
     0     0  108.00000    0   98  114.00000  108.00000  5.26%     -    1s
H    0     0                     109.0000000  108.00000  0.92%     -    1s
     0     0  108.00000    0   24  109.00000  108.00000  0.92%     -    1s
     0     0 infeasible    0       109.00000  109.00000  0.00%     -    1s

Explored 1 nodes (2169 simplex iterations) in 1.15 seconds (0.47 work units)
Thread count was 8 (of 8 available processors)

Solution count 5: 109 114 123 ... 264

Optimal solution found (tolerance 1.00e-04)
Best objective 1.090000000000e+02, best bound 1.090000000000e+02, gap 0.0000%
Gurobi Optimizer version 9.5.1 build v9.5.1rc2 (win64)
Thread count: 4 physical cores, 8 logical processors, using up to 8 threads
Optimize a model with 1563 rows, 1639 columns and 7606 nonzeros
Model fingerprint: 0xee17cd0e
Variable types: 0 continuous, 1639 integer (1600 binary)
Coefficient statistics:
  Matrix range     [1e+00, 4e+01]
  Objective range  [2e+00, 1e+01]
  Bounds range     [1e+00, 4e+01]
  RHS range        [1e+00, 4e+01]
Presolve removed 0 rows and 40 columns
Presolve time: 0.02s
Presolved: 1563 rows, 1599 columns, 7606 nonzeros
Variable types: 0 continuous, 1599 integer (1560 binary)
Found heuristic solution: objective 272.0000000

Root relaxation: objective 9.733333e+01, 157 iterations, 0.00 seconds (0.00 work units)

    Nodes    |    Current Node    |     Objective Bounds      |     Work
 Expl Unexpl |  Obj  Depth IntInf | Incumbent    BestBd   Gap | It/Node Time

     0     0   97.33333    0   57  272.00000   97.33333  64.2%     -    0s
     0     0  107.00000    0  102  272.00000  107.00000  60.7%     -    0s
H    0     0                     162.0000000  107.00000  34.0%     -    0s
H    0     0                     158.0000000  107.00000  32.3%     -    0s
     0     0  107.00000    0   99  158.00000  107.00000  32.3%     -    0s
H    0     0                     144.0000000  107.00000  25.7%     -    0s
     0     0  107.00000    0  109  144.00000  107.00000  25.7%     -    0s
     0     0  107.00000    0   16  144.00000  107.00000  25.7%     -    0s
     0     2  107.00000    0   16  144.00000  107.00000  25.7%     -    0s
H   31    36                     119.0000000  107.00000  10.1%  36.1    0s
H   32    36                     116.0000000  107.00000  7.76%  35.2    0s
H   34    36                     111.0000000  107.00000  3.60%  33.4    0s
H  531   295                     110.0000000  107.00000  2.73%  14.0    0s
*  610   210              15     109.0000000  107.00000  1.83%  13.8    1s

Cutting planes:
  Learned: 16
  Gomory: 18
  Lift-and-project: 1
  Implied bound: 50
  MIR: 27
  StrongCG: 1
  Inf proof: 4
  Zero half: 1
  RLT: 5
  Relax-and-lift: 16
  BQP: 1
  PSD: 8

Explored 843 nodes (11177 simplex iterations) in 1.08 seconds (0.82 work units)
Thread count was 8 (of 8 available processors)

Solution count 9: 109 110 111 ... 272

Optimal solution found (tolerance 1.00e-04)
Best objective 1.090000000000e+02, best bound 1.090000000000e+02, gap 0.0000%
Gurobi Optimizer version 9.5.1 build v9.5.1rc2 (win64)
Thread count: 4 physical cores, 8 logical processors, using up to 8 threads
Optimize a model with 1570 rows, 1643 columns and 10705 nonzeros
Model fingerprint: 0x9677c2d2
Variable types: 0 continuous, 1643 integer (1604 binary)
Coefficient statistics:
  Matrix range     [1e-01, 3e+02]
  Objective range  [2e+00, 1e+01]
  Bounds range     [1e+00, 4e+01]
  RHS range        [1e+00, 4e+02]
Presolve removed 8 rows and 47 columns
Presolve time: 0.02s
Presolved: 1562 rows, 1596 columns, 10487 nonzeros
Variable types: 0 continuous, 1596 integer (1557 binary)

Root relaxation: objective 9.835897e+01, 187 iterations, 0.00 seconds (0.00 work units)

    Nodes    |    Current Node    |     Objective Bounds      |     Work
 Expl Unexpl |  Obj  Depth IntInf | Incumbent    BestBd   Gap | It/Node Time

     0     0   98.35897    0   52          -   98.35897      -     -    0s
H    0     0                     231.0000000   98.35897  57.4%     -    0s
     0     0  107.02564    0   86  231.00000  107.02564  53.7%     -    0s
H    0     0                     126.0000000  107.02564  15.1%     -    0s
     0     0  107.02564    0   73  126.00000  107.02564  15.1%     -    0s
     0     0  108.00000    0   88  126.00000  108.00000  14.3%     -    0s
     0     0  108.00000    0   72  126.00000  108.00000  14.3%     -    0s
H    0     0                     114.0000000  108.00000  5.26%     -    0s
     0     0  108.00000    0   77  114.00000  108.00000  5.26%     -    0s
     0     0  108.00000    0   65  114.00000  108.00000  5.26%     -    0s
     0     0  108.00000    0   10  114.00000  108.00000  5.26%     -    0s
     0     0  108.00000    0   52  114.00000  108.00000  5.26%     -    0s
     0     0  108.00000    0   90  114.00000  108.00000  5.26%     -    0s
H    0     0                     113.0000000  108.00000  4.42%     -    0s
     0     0  108.00000    0   83  113.00000  108.00000  4.42%     -    0s
H    0     0                     111.0000000  108.00000  2.70%     -    0s
H    0     0                     109.0000000  108.00000  0.92%     -    0s
     0     0  108.00000    0    4  109.00000  108.00000  0.92%     -    0s
     0     0 infeasible    0       109.00000  109.00000  0.00%     -    0s

Explored 1 nodes (1489 simplex iterations) in 0.68 seconds (0.36 work units)
Thread count was 8 (of 8 available processors)

Solution count 6: 109 111 113 ... 231

Optimal solution found (tolerance 1.00e-04)
Best objective 1.090000000000e+02, best bound 1.090000000000e+02, gap 0.0000%

Gurobi 9.5.1 (win64, Java) logging started Wed Jun  1 11:44:02 2022

Set parameter Username
Academic license - for non-commercial use only - expires 2023-02-25
Gurobi Optimizer version 9.5.1 build v9.5.1rc2 (win64)
Thread count: 4 physical cores, 8 logical processors, using up to 8 threads
Optimize a model with 1562 rows, 1639 columns and 7566 nonzeros
Model fingerprint: 0x2abfd228
Variable types: 0 continuous, 1639 integer (1600 binary)
Coefficient statistics:
  Matrix range     [1e+00, 4e+01]
  Objective range  [2e+00, 1e+01]
  Bounds range     [1e+00, 4e+01]
  RHS range        [1e+00, 4e+01]
Presolve removed 0 rows and 40 columns
Presolve time: 0.01s
Presolved: 1562 rows, 1599 columns, 7566 nonzeros
Variable types: 0 continuous, 1599 integer (1560 binary)
Found heuristic solution: objective 264.0000000

Root relaxation: objective 9.733333e+01, 162 iterations, 0.00 seconds (0.00 work units)

    Nodes    |    Current Node    |     Objective Bounds      |     Work
 Expl Unexpl |  Obj  Depth IntInf | Incumbent    BestBd   Gap | It/Node Time

     0     0   97.33333    0   58  264.00000   97.33333  63.1%     -    0s
     0     0  107.00000    0  102  264.00000  107.00000  59.5%     -    0s
H    0     0                     130.0000000  107.00000  17.7%     -    0s
H    0     0                     123.0000000  107.00000  13.0%     -    0s
     0     0  107.00000    0  107  123.00000  107.00000  13.0%     -    0s
     0     0  107.00000    0   54  123.00000  107.00000  13.0%     -    0s
     0     0  107.00000    0   58  123.00000  107.00000  13.0%     -    0s
H    0     0                     114.0000000  107.00000  6.14%     -    0s
     0     0  107.00000    0   24  114.00000  107.00000  6.14%     -    0s
     0     0  107.00000    0   25  114.00000  107.00000  6.14%     -    0s
     0     0  107.02198    0   27  114.00000  107.02198  6.12%     -    0s
     0     0  107.02198    0   27  114.00000  107.02198  6.12%     -    0s
     0     0  107.33333    0   35  114.00000  107.33333  5.85%     -    0s
     0     0  107.33333    0   62  114.00000  107.33333  5.85%     -    0s
     0     0  107.33333    0   85  114.00000  107.33333  5.85%     -    0s
     0     0  107.33333    0   91  114.00000  107.33333  5.85%     -    0s
     0     0  107.33333    0   98  114.00000  107.33333  5.85%     -    0s
     0     0  108.00000    0  107  114.00000  108.00000  5.26%     -    0s
     0     0  108.00000    0   99  114.00000  108.00000  5.26%     -    1s
     0     0  108.00000    0   96  114.00000  108.00000  5.26%     -    1s
     0     0  108.00000    0   98  114.00000  108.00000  5.26%     -    1s
H    0     0                     109.0000000  108.00000  0.92%     -    1s
     0     0  108.00000    0   24  109.00000  108.00000  0.92%     -    1s
     0     0 infeasible    0       109.00000  109.00000  0.00%     -    1s

Explored 1 nodes (2169 simplex iterations) in 1.18 seconds (0.47 work units)
Thread count was 8 (of 8 available processors)

Solution count 5: 109 114 123 ... 264

Optimal solution found (tolerance 1.00e-04)
Best objective 1.090000000000e+02, best bound 1.090000000000e+02, gap 0.0000%
Gurobi Optimizer version 9.5.1 build v9.5.1rc2 (win64)
Thread count: 4 physical cores, 8 logical processors, using up to 8 threads
Optimize a model with 1564 rows, 1639 columns and 9166 nonzeros
Model fingerprint: 0xade7037b
Variable types: 0 continuous, 1639 integer (1600 binary)
Coefficient statistics:
  Matrix range     [1e+00, 4e+01]
  Objective range  [2e+00, 1e+01]
  Bounds range     [1e+00, 4e+01]
  RHS range        [1e+00, 1e+02]
Presolve removed 0 rows and 40 columns
Presolve time: 0.03s
Presolved: 1564 rows, 1599 columns, 9092 nonzeros
Variable types: 0 continuous, 1599 integer (1560 binary)

Root relaxation: objective 1.090000e+02, 656 iterations, 0.01 seconds (0.01 work units)

    Nodes    |    Current Node    |     Objective Bounds      |     Work
 Expl Unexpl |  Obj  Depth IntInf | Incumbent    BestBd   Gap | It/Node Time

     0     0  109.00000    0   37          -  109.00000      -     -    0s
     0     0  109.00000    0   95          -  109.00000      -     -    0s
     0     0  109.00000    0   93          -  109.00000      -     -    0s
     0     0  109.00000    0   35          -  109.00000      -     -    0s
     0     0  109.00000    0   85          -  109.00000      -     -    0s
     0     0  109.00000    0   52          -  109.00000      -     -    0s
     0     0  109.00000    0   81          -  109.00000      -     -    0s
H    0     0                     109.0000000  109.00000  0.00%     -    1s
     0     0  109.00000    0   59  109.00000  109.00000  0.00%     -    1s

Cutting planes:
  Learned: 9
  Implied bound: 17
  MIR: 85
  StrongCG: 5
  Zero half: 2
  RLT: 7
  Relax-and-lift: 25
  BQP: 3
  PSD: 10

Explored 1 nodes (5893 simplex iterations) in 1.07 seconds (0.58 work units)
Thread count was 8 (of 8 available processors)

Solution count 1: 109 

Optimal solution found (tolerance 1.00e-04)
Best objective 1.090000000000e+02, best bound 1.090000000000e+02, gap 0.0000%
Gurobi Optimizer version 9.5.1 build v9.5.1rc2 (win64)
Thread count: 4 physical cores, 8 logical processors, using up to 8 threads
Optimize a model with 1570 rows, 1643 columns and 10705 nonzeros
Model fingerprint: 0x9677c2d2
Variable types: 0 continuous, 1643 integer (1604 binary)
Coefficient statistics:
  Matrix range     [1e-01, 3e+02]
  Objective range  [2e+00, 1e+01]
  Bounds range     [1e+00, 4e+01]
  RHS range        [1e+00, 4e+02]
Presolve removed 8 rows and 47 columns
Presolve time: 0.02s
Presolved: 1562 rows, 1596 columns, 10487 nonzeros
Variable types: 0 continuous, 1596 integer (1557 binary)

Root relaxation: objective 9.835897e+01, 187 iterations, 0.00 seconds (0.00 work units)

    Nodes    |    Current Node    |     Objective Bounds      |     Work
 Expl Unexpl |  Obj  Depth IntInf | Incumbent    BestBd   Gap | It/Node Time

     0     0   98.35897    0   52          -   98.35897      -     -    0s
H    0     0                     231.0000000   98.35897  57.4%     -    0s
     0     0  107.02564    0   86  231.00000  107.02564  53.7%     -    0s
H    0     0                     126.0000000  107.02564  15.1%     -    0s
     0     0  107.02564    0   73  126.00000  107.02564  15.1%     -    0s
     0     0  108.00000    0   88  126.00000  108.00000  14.3%     -    0s
     0     0  108.00000    0   72  126.00000  108.00000  14.3%     -    0s
H    0     0                     114.0000000  108.00000  5.26%     -    0s
     0     0  108.00000    0   77  114.00000  108.00000  5.26%     -    0s
     0     0  108.00000    0   65  114.00000  108.00000  5.26%     -    0s
     0     0  108.00000    0   10  114.00000  108.00000  5.26%     -    0s
     0     0  108.00000    0   52  114.00000  108.00000  5.26%     -    0s
     0     0  108.00000    0   90  114.00000  108.00000  5.26%     -    0s
H    0     0                     113.0000000  108.00000  4.42%     -    0s
     0     0  108.00000    0   83  113.00000  108.00000  4.42%     -    0s
H    0     0                     111.0000000  108.00000  2.70%     -    0s
H    0     0                     109.0000000  108.00000  0.92%     -    0s
     0     0  108.00000    0    4  109.00000  108.00000  0.92%     -    0s
     0     0 infeasible    0       109.00000  109.00000  0.00%     -    0s

Explored 1 nodes (1489 simplex iterations) in 0.66 seconds (0.36 work units)
Thread count was 8 (of 8 available processors)

Solution count 6: 109 111 113 ... 231

Optimal solution found (tolerance 1.00e-04)
Best objective 1.090000000000e+02, best bound 1.090000000000e+02, gap 0.0000%

Gurobi 9.5.1 (win64, Java) logging started Tue Jun  7 20:48:03 2022

Set parameter Username
Gurobi Optimizer version 9.5.1 build v9.5.1rc2 (win64)
Thread count: 4 physical cores, 8 logical processors, using up to 8 threads
Optimize a model with 1562 rows, 1639 columns and 7566 nonzeros
Model fingerprint: 0x2abfd228
Variable types: 0 continuous, 1639 integer (1600 binary)
Coefficient statistics:
  Matrix range     [1e+00, 4e+01]
  Objective range  [2e+00, 1e+01]
  Bounds range     [1e+00, 4e+01]
  RHS range        [1e+00, 4e+01]
Presolve removed 0 rows and 40 columns
Presolve time: 0.09s
Presolved: 1562 rows, 1599 columns, 7566 nonzeros
Variable types: 0 continuous, 1599 integer (1560 binary)
Found heuristic solution: objective 264.0000000

Root relaxation: objective 9.733333e+01, 162 iterations, 0.05 seconds (0.00 work units)

    Nodes    |    Current Node    |     Objective Bounds      |     Work
 Expl Unexpl |  Obj  Depth IntInf | Incumbent    BestBd   Gap | It/Node Time

     0     0   97.33333    0   58  264.00000   97.33333  63.1%     -    0s
     0     0  107.00000    0  102  264.00000  107.00000  59.5%     -    0s
H    0     0                     130.0000000  107.00000  17.7%     -    0s
H    0     0                     123.0000000  107.00000  13.0%     -    0s
     0     0  107.00000    0  107  123.00000  107.00000  13.0%     -    0s
     0     0  107.00000    0   54  123.00000  107.00000  13.0%     -    0s
     0     0  107.00000    0   58  123.00000  107.00000  13.0%     -    0s
H    0     0                     114.0000000  107.00000  6.14%     -    0s
     0     0  107.00000    0   24  114.00000  107.00000  6.14%     -    0s
     0     0  107.00000    0   25  114.00000  107.00000  6.14%     -    0s
     0     0  107.02198    0   27  114.00000  107.02198  6.12%     -    0s
     0     0  107.02198    0   27  114.00000  107.02198  6.12%     -    0s
     0     0  107.33333    0   35  114.00000  107.33333  5.85%     -    0s
     0     0  107.33333    0   62  114.00000  107.33333  5.85%     -    0s
     0     0  107.33333    0   85  114.00000  107.33333  5.85%     -    0s
     0     0  107.33333    0   91  114.00000  107.33333  5.85%     -    0s
     0     0  107.33333    0   98  114.00000  107.33333  5.85%     -    0s
     0     0  108.00000    0  107  114.00000  108.00000  5.26%     -    0s
     0     0  108.00000    0   99  114.00000  108.00000  5.26%     -    0s
     0     0  108.00000    0   96  114.00000  108.00000  5.26%     -    1s
     0     0  108.00000    0   98  114.00000  108.00000  5.26%     -    1s
H    0     0                     109.0000000  108.00000  0.92%     -    1s
     0     0  108.00000    0   24  109.00000  108.00000  0.92%     -    1s
     0     0 infeasible    0       109.00000  109.00000  0.00%     -    1s

Explored 1 nodes (2169 simplex iterations) in 1.13 seconds (0.47 work units)
Thread count was 8 (of 8 available processors)

Solution count 5: 109 114 123 ... 264

Optimal solution found (tolerance 1.00e-04)
Best objective 1.090000000000e+02, best bound 1.090000000000e+02, gap 0.0000%
Gurobi Optimizer version 9.5.1 build v9.5.1rc2 (win64)
Thread count: 4 physical cores, 8 logical processors, using up to 8 threads
Optimize a model with 1564 rows, 1639 columns and 9166 nonzeros
Model fingerprint: 0xade7037b
Variable types: 0 continuous, 1639 integer (1600 binary)
Coefficient statistics:
  Matrix range     [1e+00, 4e+01]
  Objective range  [2e+00, 1e+01]
  Bounds range     [1e+00, 4e+01]
  RHS range        [1e+00, 1e+02]
Presolve removed 0 rows and 40 columns
Presolve time: 0.02s
Presolved: 1564 rows, 1599 columns, 9092 nonzeros
Variable types: 0 continuous, 1599 integer (1560 binary)

Root relaxation: objective 1.090000e+02, 656 iterations, 0.02 seconds (0.01 work units)

    Nodes    |    Current Node    |     Objective Bounds      |     Work
 Expl Unexpl |  Obj  Depth IntInf | Incumbent    BestBd   Gap | It/Node Time

     0     0  109.00000    0   37          -  109.00000      -     -    0s
     0     0  109.00000    0   95          -  109.00000      -     -    0s
     0     0  109.00000    0   93          -  109.00000      -     -    0s
     0     0  109.00000    0   35          -  109.00000      -     -    0s
     0     0  109.00000    0   85          -  109.00000      -     -    0s
     0     0  109.00000    0   52          -  109.00000      -     -    0s
     0     0  109.00000    0   81          -  109.00000      -     -    0s
H    0     0                     109.0000000  109.00000  0.00%     -    0s
     0     0  109.00000    0   59  109.00000  109.00000  0.00%     -    0s

Cutting planes:
  Learned: 9
  Implied bound: 17
  MIR: 85
  StrongCG: 5
  Zero half: 2
  RLT: 7
  Relax-and-lift: 25
  BQP: 3
  PSD: 10

Explored 1 nodes (5893 simplex iterations) in 0.96 seconds (0.58 work units)
Thread count was 8 (of 8 available processors)

Solution count 1: 109 

Optimal solution found (tolerance 1.00e-04)
Best objective 1.090000000000e+02, best bound 1.090000000000e+02, gap 0.0000%
Gurobi Optimizer version 9.5.1 build v9.5.1rc2 (win64)
Thread count: 4 physical cores, 8 logical processors, using up to 8 threads
Optimize a model with 1570 rows, 1643 columns and 10705 nonzeros
Model fingerprint: 0x9677c2d2
Variable types: 0 continuous, 1643 integer (1604 binary)
Coefficient statistics:
  Matrix range     [1e-01, 3e+02]
  Objective range  [2e+00, 1e+01]
  Bounds range     [1e+00, 4e+01]
  RHS range        [1e+00, 4e+02]
Presolve removed 8 rows and 47 columns
Presolve time: 0.02s
Presolved: 1562 rows, 1596 columns, 10487 nonzeros
Variable types: 0 continuous, 1596 integer (1557 binary)

Root relaxation: objective 9.835897e+01, 187 iterations, 0.00 seconds (0.00 work units)

    Nodes    |    Current Node    |     Objective Bounds      |     Work
 Expl Unexpl |  Obj  Depth IntInf | Incumbent    BestBd   Gap | It/Node Time

     0     0   98.35897    0   52          -   98.35897      -     -    0s
H    0     0                     231.0000000   98.35897  57.4%     -    0s
     0     0  107.02564    0   86  231.00000  107.02564  53.7%     -    0s
H    0     0                     126.0000000  107.02564  15.1%     -    0s
     0     0  107.02564    0   73  126.00000  107.02564  15.1%     -    0s
     0     0  108.00000    0   88  126.00000  108.00000  14.3%     -    0s
     0     0  108.00000    0   72  126.00000  108.00000  14.3%     -    0s
H    0     0                     114.0000000  108.00000  5.26%     -    0s
     0     0  108.00000    0   77  114.00000  108.00000  5.26%     -    0s
     0     0  108.00000    0   65  114.00000  108.00000  5.26%     -    0s
     0     0  108.00000    0   10  114.00000  108.00000  5.26%     -    0s
     0     0  108.00000    0   52  114.00000  108.00000  5.26%     -    0s
     0     0  108.00000    0   90  114.00000  108.00000  5.26%     -    0s
H    0     0                     113.0000000  108.00000  4.42%     -    0s
     0     0  108.00000    0   83  113.00000  108.00000  4.42%     -    0s
H    0     0                     111.0000000  108.00000  2.70%     -    0s
H    0     0                     109.0000000  108.00000  0.92%     -    0s
     0     0  108.00000    0    4  109.00000  108.00000  0.92%     -    0s
     0     0 infeasible    0       109.00000  109.00000  0.00%     -    0s

Explored 1 nodes (1489 simplex iterations) in 0.68 seconds (0.36 work units)
Thread count was 8 (of 8 available processors)

Solution count 6: 109 111 113 ... 231

Optimal solution found (tolerance 1.00e-04)
Best objective 1.090000000000e+02, best bound 1.090000000000e+02, gap 0.0000%

Gurobi 9.5.1 (win64, Java) logging started Tue Jun  7 21:20:31 2022

Set parameter Username
Gurobi Optimizer version 9.5.1 build v9.5.1rc2 (win64)
Thread count: 4 physical cores, 8 logical processors, using up to 8 threads
Optimize a model with 1562 rows, 1639 columns and 7566 nonzeros
Model fingerprint: 0x2abfd228
Variable types: 0 continuous, 1639 integer (1600 binary)
Coefficient statistics:
  Matrix range     [1e+00, 4e+01]
  Objective range  [2e+00, 1e+01]
  Bounds range     [1e+00, 4e+01]
  RHS range        [1e+00, 4e+01]
Presolve removed 0 rows and 40 columns
Presolve time: 0.06s
Presolved: 1562 rows, 1599 columns, 7566 nonzeros
Variable types: 0 continuous, 1599 integer (1560 binary)
Found heuristic solution: objective 264.0000000

Root relaxation: objective 9.733333e+01, 162 iterations, 0.02 seconds (0.00 work units)

    Nodes    |    Current Node    |     Objective Bounds      |     Work
 Expl Unexpl |  Obj  Depth IntInf | Incumbent    BestBd   Gap | It/Node Time

     0     0   97.33333    0   58  264.00000   97.33333  63.1%     -    0s
     0     0  107.00000    0  102  264.00000  107.00000  59.5%     -    0s
H    0     0                     130.0000000  107.00000  17.7%     -    0s
H    0     0                     123.0000000  107.00000  13.0%     -    0s
     0     0  107.00000    0  107  123.00000  107.00000  13.0%     -    0s
     0     0  107.00000    0   54  123.00000  107.00000  13.0%     -    0s
     0     0  107.00000    0   58  123.00000  107.00000  13.0%     -    0s
H    0     0                     114.0000000  107.00000  6.14%     -    0s
     0     0  107.00000    0   24  114.00000  107.00000  6.14%     -    0s
     0     0  107.00000    0   25  114.00000  107.00000  6.14%     -    0s
     0     0  107.02198    0   27  114.00000  107.02198  6.12%     -    0s
     0     0  107.02198    0   27  114.00000  107.02198  6.12%     -    0s
     0     0  107.33333    0   35  114.00000  107.33333  5.85%     -    0s
     0     0  107.33333    0   62  114.00000  107.33333  5.85%     -    0s
     0     0  107.33333    0   85  114.00000  107.33333  5.85%     -    1s
     0     0  107.33333    0   91  114.00000  107.33333  5.85%     -    1s
     0     0  107.33333    0   98  114.00000  107.33333  5.85%     -    1s
     0     0  108.00000    0  107  114.00000  108.00000  5.26%     -    1s
     0     0  108.00000    0   99  114.00000  108.00000  5.26%     -    1s
     0     0  108.00000    0   96  114.00000  108.00000  5.26%     -    1s
     0     0  108.00000    0   98  114.00000  108.00000  5.26%     -    1s
H    0     0                     109.0000000  108.00000  0.92%     -    1s
     0     0  108.00000    0   24  109.00000  108.00000  0.92%     -    1s
     0     0 infeasible    0       109.00000  109.00000  0.00%     -    1s

Explored 1 nodes (2169 simplex iterations) in 1.23 seconds (0.47 work units)
Thread count was 8 (of 8 available processors)

Solution count 5: 109 114 123 ... 264

Optimal solution found (tolerance 1.00e-04)
Best objective 1.090000000000e+02, best bound 1.090000000000e+02, gap 0.0000%
Gurobi Optimizer version 9.5.1 build v9.5.1rc2 (win64)
Thread count: 4 physical cores, 8 logical processors, using up to 8 threads
Optimize a model with 1564 rows, 1639 columns and 9166 nonzeros
Model fingerprint: 0xade7037b
Variable types: 0 continuous, 1639 integer (1600 binary)
Coefficient statistics:
  Matrix range     [1e+00, 4e+01]
  Objective range  [2e+00, 1e+01]
  Bounds range     [1e+00, 4e+01]
  RHS range        [1e+00, 1e+02]
Presolve removed 0 rows and 40 columns
Presolve time: 0.02s
Presolved: 1564 rows, 1599 columns, 9092 nonzeros
Variable types: 0 continuous, 1599 integer (1560 binary)

Root relaxation: objective 1.090000e+02, 656 iterations, 0.02 seconds (0.01 work units)

    Nodes    |    Current Node    |     Objective Bounds      |     Work
 Expl Unexpl |  Obj  Depth IntInf | Incumbent    BestBd   Gap | It/Node Time

     0     0  109.00000    0   37          -  109.00000      -     -    0s
     0     0  109.00000    0   95          -  109.00000      -     -    0s
     0     0  109.00000    0   93          -  109.00000      -     -    0s
     0     0  109.00000    0   35          -  109.00000      -     -    0s
     0     0  109.00000    0   85          -  109.00000      -     -    0s
     0     0  109.00000    0   52          -  109.00000      -     -    0s
     0     0  109.00000    0   81          -  109.00000      -     -    0s
H    0     0                     109.0000000  109.00000  0.00%     -    0s
     0     0  109.00000    0   59  109.00000  109.00000  0.00%     -    0s

Cutting planes:
  Learned: 9
  Implied bound: 17
  MIR: 85
  StrongCG: 5
  Zero half: 2
  RLT: 7
  Relax-and-lift: 25
  BQP: 3
  PSD: 10

Explored 1 nodes (5893 simplex iterations) in 0.95 seconds (0.58 work units)
Thread count was 8 (of 8 available processors)

Solution count 1: 109 

Optimal solution found (tolerance 1.00e-04)
Best objective 1.090000000000e+02, best bound 1.090000000000e+02, gap 0.0000%
Gurobi Optimizer version 9.5.1 build v9.5.1rc2 (win64)
Thread count: 4 physical cores, 8 logical processors, using up to 8 threads
Optimize a model with 1570 rows, 1643 columns and 10705 nonzeros
Model fingerprint: 0x9677c2d2
Variable types: 0 continuous, 1643 integer (1604 binary)
Coefficient statistics:
  Matrix range     [1e-01, 3e+02]
  Objective range  [2e+00, 1e+01]
  Bounds range     [1e+00, 4e+01]
  RHS range        [1e+00, 4e+02]
Presolve removed 8 rows and 47 columns
Presolve time: 0.03s
Presolved: 1562 rows, 1596 columns, 10487 nonzeros
Variable types: 0 continuous, 1596 integer (1557 binary)

Root relaxation: objective 9.835897e+01, 187 iterations, 0.00 seconds (0.00 work units)

    Nodes    |    Current Node    |     Objective Bounds      |     Work
 Expl Unexpl |  Obj  Depth IntInf | Incumbent    BestBd   Gap | It/Node Time

     0     0   98.35897    0   52          -   98.35897      -     -    0s
H    0     0                     231.0000000   98.35897  57.4%     -    0s
     0     0  107.02564    0   86  231.00000  107.02564  53.7%     -    0s
H    0     0                     126.0000000  107.02564  15.1%     -    0s
     0     0  107.02564    0   73  126.00000  107.02564  15.1%     -    0s
     0     0  108.00000    0   88  126.00000  108.00000  14.3%     -    0s
     0     0  108.00000    0   72  126.00000  108.00000  14.3%     -    0s
H    0     0                     114.0000000  108.00000  5.26%     -    0s
     0     0  108.00000    0   77  114.00000  108.00000  5.26%     -    0s
     0     0  108.00000    0   65  114.00000  108.00000  5.26%     -    0s
     0     0  108.00000    0   10  114.00000  108.00000  5.26%     -    0s
     0     0  108.00000    0   52  114.00000  108.00000  5.26%     -    0s
     0     0  108.00000    0   90  114.00000  108.00000  5.26%     -    0s
H    0     0                     113.0000000  108.00000  4.42%     -    0s
     0     0  108.00000    0   83  113.00000  108.00000  4.42%     -    0s
H    0     0                     111.0000000  108.00000  2.70%     -    0s
H    0     0                     109.0000000  108.00000  0.92%     -    0s
     0     0  108.00000    0    4  109.00000  108.00000  0.92%     -    0s
     0     0 infeasible    0       109.00000  109.00000  0.00%     -    0s

Explored 1 nodes (1489 simplex iterations) in 0.64 seconds (0.36 work units)
Thread count was 8 (of 8 available processors)

Solution count 6: 109 111 113 ... 231

Optimal solution found (tolerance 1.00e-04)
Best objective 1.090000000000e+02, best bound 1.090000000000e+02, gap 0.0000%
